date,0,1,2,3,4,5,6,7,8,9,10,11,12,13,14,15,16,17,18,19,20,21,22,23
2021-06-29,1.3886052299948297,2.4941838028376573,3.421623287262856,4.207954676444132,4.189636747819092,3.2508587567584746,3.967881872608078,3.229448224286955,2.558025760815026,2.9346095122490747,2.427631163304166,1.5665928375582068,1.4595794205832764,2.026096330072988,1.8580336099893477,1.7380425409215818,0.3209542547363832,0.14105838579132254,0.018489143923315084,0.0,0.0,0.0,0.0,0.0
2021-06-30,6.438448142382054,6.972017587667955,7.127838610758327,8.10834800128759,9.438034696906552,9.460718600014431,9.08391542282645,8.757040074790813,9.998025338324048,8.475831967298399,9.210429653224944,7.704868289921722,7.250491484887956,6.607641465832102,6.30370383701186,6.5609263646893385,5.628646617720883,4.556961787568534,4.583329427304693,4.65693952612681,3.0071088473002114,2.9955172538757324,2.9955172538757324,2.9955172538757324
2021-07-01,6.021807242063136,4.861622603164821,3.9157635015279753,3.692285889059681,2.8114858242893517,2.744828639708982,3.359810905128642,2.5364418244475573,0.8049739795364679,1.54687965289831,1.2768574359521332,0.7771787141545691,1.0547849433725371,1.7600032891230077,1.8181573145989585,1.6546123571563187,0.0,0.0,0.0,0.0,0.0,0.0,0.0,0.0
2021-07-02,0.0,0.0,0.0,0.0,0.0,0.0,0.0,0.0,0.0,0.0,0.0,0.0,0.0,0.0,0.0,0.0,0.0,0.0,0.0,0.0,0.0,0.0,0.0,0.0
2021-07-03,0.0,0.0,0.0,0.0,0.0,0.0,0.0,0.0,0.0,0.0,0.0,0.0,0.004117167541799545,0.023442417919267225,0.034094126401436206,0.10383967196375171,0.0,0.00439098825266928,0.006538204497691851,0.0,0.0,0.0,0.0,0.0
2021-07-04,0.0,0.0,0.0,0.0,0.0,0.0,0.0,0.0,0.0,0.0,0.0,0.0,0.0,0.0,0.0,0.0,0.0,0.0,0.0,0.0,0.0,0.0,0.0,0.0
2021-07-05,0.0,0.0,0.0,0.0,0.0,0.0,0.0,0.0,0.0,0.0,0.0,0.0,0.0,0.0,0.0,0.0,0.0,0.0,0.0,0.0,0.0,0.0,0.0,0.0
2021-07-06,7.31115080796036,6.54167890346788,6.107591592998122,5.485110909078521,4.088109182465912,4.142969632513241,4.456483686552962,3.780123444595727,1.5195499748673662,2.6323428056249343,2.4336816441197953,1.440206309334173,1.8846317261728969,2.8672046550811836,3.3962418482637804,3.087079123854892,0.0,0.0,0.0,0.0,0.0,0.0,0.0,0.0
2021-07-07,0.0,0.0,0.0,0.0,0.0,0.0,0.0,0.0,0.0,0.0,0.0,0.0,0.0,0.0,0.0,0.0,0.0,0.0,0.0,0.0,0.0,0.0,0.0,0.0
2021-07-08,0.0,0.0,0.0,0.0,0.0,0.0,0.0,0.0,0.0,0.0,0.0,0.0,0.0,0.0,0.0,0.0,0.0,0.0,0.0,0.0,0.0,0.0,0.0,0.0
2021-07-09,0.0,1.1335941501083124,2.550164163042269,5.288996289694127,6.951760061823833,5.310282612304881,4.7715103913259655,3.839009679270436,7.2040972517637325,4.811512401879578,5.2476003603165635,3.476643672024803,2.892818457162472,2.1739306072544817,1.8974344260935045,2.1921495579734644,3.9004753955396776,2.3396047160930618,1.83600147013889,1.7493977737209025,0.9334385792414347,0.7926008105278015,0.7926008105278015,0.7926008105278015
2021-07-10,0.0,0.17303120647268883,0.6000983848294045,0.7661087065200818,0.947128284446889,0.8308670993460622,0.3978079069504482,0.9501939219344087,1.4622014996318045,1.1876069656560861,1.1653280025782455,2.1614354709572474,1.875570733583506,1.8579361785314201,1.4783413750801455,2.2838860290092335,2.40510198897626,1.5624475031462401,1.072341152354685,0.8916701010373085,0.9334385792414347,0.7926008105278015,0.7926008105278015,0.7926008105278015
2021-07-11,0.0,0.3715235731889059,0.38928504292301574,0.47388699307540044,1.2966861275446815,1.4530641445689272,1.5383459124283685,1.333853037504247,2.4912713773819934,2.140240306143123,2.268166119246327,1.3641582331627995,1.3162213233347353,0.7404986074913614,0.5250256556738205,1.7424308110058793,0.0,0.0,0.0,0.0,0.0,0.0,0.0,0.0
2021-07-12,0.0,0.4164540641859221,0.6168472893544888,0.07853059443184703,0.1937615617764326,0.21404678145841913,0.12132090341162685,0.190944888150267,0.41735108089700973,0.28114645050222103,0.22337060965900687,0.25792647429535376,0.20070938212815737,0.17215245923612676,0.0,0.0,0.0,0.0,0.0,0.0,0.0,0.0,0.0,0.0
2021-07-13,0.0,0.0,0.023299503401478933,0.14709597404996588,0.0975969857059022,0.04417038543324338,0.010149553668931905,0.008628649165831411,0.001374555694571292,0.0,0.0,0.0,0.0,0.0,0.0,0.0,0.0,0.0,0.0,0.0,0.0,0.0,0.0,0.0
2021-07-14,0.0,0.0,0.0,0.0,0.0,0.0,0.0,0.0,0.0,0.0,0.0,0.0,0.0,0.0,0.0,0.0,0.0,0.0,0.0,0.0,0.0,0.0,0.0,0.0
2021-07-15,0.0,0.0,0.0,0.0,0.0,0.0,0.0,0.0,0.0,0.0,0.0,0.0,0.0,0.0,0.0,0.0,0.0,0.0,0.0,0.0,0.0,0.0,0.0,0.0
2021-07-16,0.6157302856445311,2.425516013602092,2.9040917663394077,2.785484427800033,2.476662930614021,2.490994982465208,1.4078311992734032,2.2618551722701525,3.28520758319831,2.0736266049857286,2.051561766850781,2.475967506786787,1.834417963492638,1.2775791945284576,0.15173401205877632,0.16025986970363645,0.3662335347937771,0.8122684197754467,1.347668179354743,1.5675756484950516,1.1190120379130046,0.9012836217880249,0.9012836217880249,0.9012836217880249
2021-07-17,0.0,0.0,0.0,0.0,0.0,0.0,0.0,0.0,0.0,0.0,0.0,0.0,0.0,0.0,0.0,0.0,0.0,0.0,0.0,0.0,0.0,0.0,0.0,0.0
2021-07-18,0.0,0.0,0.0,0.0,0.0,0.0,0.0,0.0,0.0,0.0,0.0,0.0,0.0,0.0,0.0,0.0,0.0,0.0,0.0,0.0,0.0,0.0,0.0,0.0
2021-07-19,0.0,0.0,0.0,0.0,0.0,0.0,0.0,0.0,0.0,0.0,0.0,0.0,0.0,0.0,0.0,0.0,0.0,0.0,0.0,0.0,0.0,0.0,0.0,0.0
2021-07-20,0.0,0.0,0.0,0.0,0.0,0.0,0.0,0.0,0.0,0.0,0.0,0.0,0.0,0.0,0.0,0.0,0.0,0.0,0.0,0.0,0.0,0.0,0.0,0.0
2021-07-21,0.0,0.0,0.0,0.0,0.0,0.0,0.0,0.0,0.0,0.0,0.0,0.0,0.0,0.0,0.0,0.0,0.0,0.0,0.0,0.0,0.0,0.0,0.0,0.0
2021-07-22,0.0,0.0,0.0,0.0,0.0,0.0,0.0,0.0,0.0,0.0,0.0,0.0,0.0,0.0,0.0,0.0,0.0,0.0,0.0,0.0,0.0,0.0,0.0,0.0
2021-07-23,0.0,0.0,0.0,0.0,0.0,0.0,0.0,0.0,0.0,0.0,0.0,0.0,0.0,0.0,0.0,0.0,0.0,0.0,0.0,0.0,0.0,0.0,0.0,0.0
2021-07-24,0.0,0.21901942510946562,1.1744229751325694,3.156828819040966,3.685347451340784,2.711541737915721,1.8189273821442724,1.554200720139236,2.8829551527993313,1.7231795338950484,1.5752474590487173,0.7397393377843351,0.3744044000199751,0.5805871039712743,0.03999819079707266,0.02596992848518316,0.0069640531118615075,0.07512574122089544,0.023632948311211557,0.0,0.5015436808268229,0.7523155212402344,0.7523155212402344,0.7523155212402344
2021-07-25,0.0,0.11973882109800456,0.38231731605830044,0.857608370633864,1.149312432602577,0.9991717903532735,1.6027137732119918,1.1470989792057902,0.8213163449710368,0.6366593358854478,0.7232798248916934,0.2798865617172158,0.28392182748192063,0.554151974111678,0.5342302682776989,0.7863297919508837,0.0,0.0,0.0,0.0,0.0,0.0,0.0,0.0
2021-07-26,7.154888379028419,6.311343303953786,5.756503286815826,4.913382763452698,3.6999707060198457,3.7878708279118825,4.269174113059755,3.6601107802137283,1.6021654198834478,2.674322021021671,2.398317229274234,1.2893051543829788,1.6041879315041379,2.4924845446221555,2.726208835290281,2.832054539526636,0.0,0.0,0.0,0.0,0.0,0.0,0.0,0.0
2021-07-27,0.0,0.0,0.0,0.0,0.0,0.0,0.0,0.0,0.0,0.0,0.0,0.0,0.0,0.0,0.0,0.0,0.0,0.0,0.0,0.0,0.0,0.0,0.0,0.0
2021-07-28,0.0,0.0,0.0,0.0,0.0,0.0,0.0,0.0,0.0,0.0,0.0,0.0,0.0,0.0,0.0,0.0,0.0,0.0,0.0,0.0,0.0,0.0,0.0,0.0
2021-07-29,0.0,0.0,0.0,0.0,0.0,0.0,0.0,0.0,0.0,0.0,0.0,0.0,0.0,0.0,0.0,0.0,0.0,0.0,0.0,0.0,0.0,0.0,0.0,0.0
2021-07-30,0.0,0.0,0.0,0.0,0.0,0.0,0.0,0.0,0.0,0.0,0.0,0.0,0.0,0.0,0.0,0.0,0.0,0.0,0.0,0.0,0.0,0.0,0.0,0.0
2021-07-31,0.0,0.0,0.0,0.0,0.0,0.0,0.0,0.0,0.0,0.0,0.0,0.0,0.0,0.0,0.0,0.0,0.0,0.0,0.0,0.0,0.0,0.0,0.0,0.0
2021-08-01,0.0,0.0,0.0,0.0,0.0,0.0,0.0,0.0,0.0,0.0,0.0,0.0,0.0,0.0,0.0,0.0,0.0,0.0,0.0,0.0,0.0,0.0,0.0,0.0
2021-08-02,0.0,0.0,0.0,0.0,0.0,0.0,0.0,0.0,0.0,0.0,0.0,0.0,0.0,0.0,0.0,0.0,0.0,0.0,0.0,0.0,0.0,0.0,0.0,0.0
2021-08-03,0.0,0.0,0.0,0.0,0.0,0.0,0.0,0.0,0.0,0.0,0.0,0.0,0.0,0.0,0.0,0.0,0.0,0.0,0.0,0.0,0.0,0.0,0.0,0.0
2021-08-04,0.0,0.0,0.0,0.0,0.0,0.0,0.0,0.0,0.0,0.0,0.0,0.0,0.0,0.0,0.0,0.0,0.0,0.0,0.0,0.0,0.0,0.0,0.0,0.0
2021-08-05,0.0,0.0,0.0,0.0,0.0,0.0,0.0,0.0,0.0,0.0,0.0,0.0,0.0,0.0,0.0,0.0,0.0,0.0,0.0,0.0,0.0,0.0,0.0,0.0
2021-08-06,0.0,0.0,0.0,0.0,0.0,0.0,0.011750691485525913,0.03057464106704096,0.042854592939821336,0.029599108966054256,0.040901121462669845,0.0,0.0,0.0,0.0,0.0,0.0,0.0,0.0,0.0,0.0,0.0,0.0,0.0
2021-08-07,0.0,0.0,0.0,0.0,0.0,0.0,0.0,0.0,0.0,0.0,0.0,0.0,0.0,0.0,0.0,0.0,0.0,0.0,0.0,0.0,0.0,0.0,0.0,0.0
2021-08-08,0.0,0.0,0.0,0.0,0.0,0.0,0.0,0.0,0.0,0.0,0.0,0.0,0.0,0.0,0.0,0.0,0.0,0.0,0.0,0.0,0.0,0.0,0.0,0.0
2021-08-09,0.0,0.0,0.0,0.0,0.0,0.0,0.0,0.0,0.0,0.0,0.0,0.0,0.0,0.0,0.0,0.0,0.0,0.0,0.0,0.0,0.0,0.0,0.0,0.0
2021-08-10,0.0,0.0,0.0,0.0,0.0,0.0,0.0,0.0,0.0,0.0,0.0,0.0,0.0,0.0,0.0,0.0,0.0,0.0,0.0,0.0,0.0,0.0,0.0,0.0
2021-08-11,0.0,0.0,0.0,0.0,0.0,0.0,0.0,0.0,0.0,0.0,0.0,0.0,0.0,0.0,0.0,0.0,0.0,0.0,0.0,0.0,0.0,0.0,0.0,0.0
2021-08-12,0.0,0.0,0.0,0.0,0.0,0.0,0.0,0.0,0.0,0.0,0.0,0.0,0.0,0.0,0.0,0.0,0.0,0.0,0.0,0.0,0.0,0.0,0.0,0.0
2021-08-13,0.0,0.0,0.0,0.0,0.0,0.0,0.0,0.0,0.0,0.0,0.0,0.0,0.0,0.0,0.0,0.0,0.0,0.0,0.0,0.0,0.0,0.0,0.0,0.0
2021-08-14,0.0,0.33572450047207186,0.3593730874086919,0.2394823962416303,0.189286821824284,0.17453115926752458,0.22734014064431116,0.1885270904749631,0.08865232871421996,0.05158279212245864,0.010609192864132368,0.0,0.005936476986598783,0.0,0.0,0.0,0.0,0.0,0.0,0.0,0.0,0.0,0.0,0.0
2021-08-15,0.5154817805570714,2.3380934833315368,2.7842247030576446,2.53953709274253,2.662947247561647,2.5949005027908005,3.2248645074721343,2.5057601491026706,2.065789529586397,2.2261611538796586,2.202798013391066,1.459392277698336,1.559706760592532,1.8079754689592136,1.8254952191440648,2.2891030635750087,0.2484141154461596,0.4854960076081267,0.5236590579542192,0.46672994959844305,0.5343339045842489,0.4791151285171509,0.4791151285171509,0.4791151285171509
2021-08-16,7.4655989509781975,8.499765592755246,8.777419105752724,8.4902366613206,7.733268916457104,6.990201878038307,5.80830176880283,5.256031295793295,6.173674704120094,5.149992513645842,4.411334032981388,3.331276949271984,2.9320485227290303,3.0543678967410943,2.643954923165093,2.652405904254497,2.5511924412834595,2.0030980145377955,2.3059787311791133,2.5455503243289583,1.423568328221639,1.3239713907241821,1.3239713907241821,1.3239713907241821
2021-08-17,3.290138772889679,4.459895133661525,5.265712550332912,7.418182828648719,8.830787292008827,7.3042036288394865,6.920462052443339,6.003435859015303,8.656702597055123,6.49559697278087,7.06722431716551,4.738778212824189,4.04980393414156,3.2826076772958124,2.493324789115856,2.571479536168944,2.310955485378403,1.6157352808658587,1.621388409150209,1.7063254869147524,0.9490455786387125,0.8826476335525513,0.8826476335525513,0.8826476335525513
2021-08-18,16.143424006069402,16.874421127456017,16.736615015267862,19.144119448939428,19.55113746413503,17.97610084013301,18.021837513173622,15.507466761612262,17.7762071816925,15.219596373812053,14.590582286744162,9.336060440249854,8.552709533659291,8.529286269879593,7.181050131917237,8.020399955383061,4.745087797478979,3.3906555247876895,3.3299574121754842,3.4238012914788234,1.898091157277425,1.7652952671051025,1.7652952671051025,1.7652952671051025
2021-08-19,3.1191217431835097,3.093460522412477,3.2869199197482795,3.6847268529433483,4.0075002153370525,3.647823470508477,3.993557482691468,3.7797747718237575,4.427908960599529,3.85876360397456,3.9027163335293795,2.8560056077503173,2.657505999186394,2.5740956689381336,1.9589350268940957,2.271002286256865,1.1099479308090054,0.8716743289166867,0.8438658016826472,0.8559503228697058,0.7117841641108195,0.6619856953620911,0.6619856953620911,0.6619856953620911
2021-08-20,4.878204100272234,3.5789494616200943,4.184068316880385,4.922330217784414,5.049666081051428,4.777358139907085,4.820533864528277,4.502966779557215,4.627867892429573,4.418037287532872,4.088028045353619,3.059340303806812,2.9626755668498035,3.5074423242060906,3.1677437348603554,4.200880575853379,1.8007429191865119,1.3170017184252143,1.257888142351081,1.2839254810385505,0.9490455786387125,0.8826476335525513,0.8826476335525513,0.8826476335525513
2021-08-21,6.986052869971281,6.004671748453321,5.626414693279184,6.110866540538763,5.983330332643659,5.260827968747697,5.040980357192295,4.416342209082049,5.181268994801676,4.396497757122899,4.2829821830317405,2.9792389310675857,2.7461676347930726,2.814190394770168,2.409950333819654,2.713993863489162,1.6562954173988127,1.320073350488553,1.4386137237099457,1.512182669008159,0.8081779082616171,0.7400549650192261,0.7400549650192261,0.7400549650192261
2021-08-22,0.0,0.14206124520845442,0.324777077357162,0.21832841617344373,0.2857839209145922,0.5205284344628949,0.8428502213226365,1.0312667572309806,0.7159946896076819,1.0132699755332133,1.0122383582013237,1.0777157088016782,1.2118703551842205,1.4349534551101566,1.5397372176752968,1.6731291938450377,1.1630471812673362,0.8666829728376013,0.9035289154939005,0.9537246401451496,0.5387852787971497,0.493369996547699,0.493369996547699,0.493369996547699
2021-08-23,0.420840067021987,1.3576638983204616,1.6790049475555768,1.9983413628710296,2.1465981853670733,2.039060928923435,2.1457140136143273,1.9381837404546234,2.007765083518391,1.8552499608672026,1.8109855092639742,1.359673308157629,1.23229119972833,1.2508542141665093,1.020871713704861,1.1846425831700478,0.8500966580517321,0.6132419158386281,0.5804999442624798,0.6116269671753662,0.5387852787971497,0.493369996547699,0.493369996547699,0.493369996547699
2021-08-24,0.0,0.0,0.0,0.0,0.0,0.0,0.0,0.0,0.0,0.0,0.0,0.0,0.0,0.0,0.0,0.0,0.0,0.0,0.0,0.0,0.0,0.0,0.0,0.0
2021-08-25,0.0,0.0,0.0,0.0,0.0,0.0,0.0,0.0,0.0,0.0,0.0,0.0,0.0,0.0,0.0,0.0,0.0,0.0,0.0,0.0,0.0,0.0,0.0,0.0
2021-08-26,0.0,0.0,0.0,0.0,0.0,0.0,0.0,0.0,0.0,0.0,0.0,0.0,0.0,0.0,0.0,0.0,0.0,0.0,0.0,0.0,0.0,0.0,0.0,0.0
2021-08-27,1.502079153372571,1.0183012264559244,1.313190104829097,1.395057508318414,1.450084917740395,1.1913597798497009,0.9831926324813105,0.6545146568135976,1.283796792761686,0.7515442459316303,0.8908266694679698,0.13469587184635962,0.15204658277058683,0.43024291057912334,0.385337489700617,0.6602286765551945,0.0,0.0,0.0,0.0,0.0,0.0,0.0,0.0
2021-08-28,6.822783680523142,6.72717568959786,6.280042486695595,6.247831116498961,5.7324570008943425,4.976856197809901,3.957450206790994,3.3333395324108817,4.311522707521134,3.100964813116906,2.6896521020131834,1.7680515104746573,1.3228779480801287,1.1983760832952874,0.4969728502236866,1.4577206150813136,0.5158617350949819,0.6594017767537329,0.8535466830767888,0.9193742830459386,0.0,0.0,0.0,0.0
2021-08-29,0.0,0.0,0.0,0.0,0.0,0.0,0.0,0.0,0.0,0.0,0.0,0.0,0.0,0.0,0.0,0.0,0.0,0.0,0.0,0.0,0.0,0.0,0.0,0.0
2021-08-30,0.0,0.0,0.0,0.0,0.0,0.0,0.0,0.0,0.0,0.0,0.0,0.0,0.0,0.0,0.0,0.0,0.0,0.0,0.0,0.0,0.0,0.0,0.0,0.0
2021-08-31,0.0,0.0,0.0,0.0,0.0,0.0,0.0,0.0,0.0,0.0,0.0,0.0,0.0,0.0,0.0,0.0,0.0,0.0,0.0,0.0,0.0,0.0,0.0,0.0
2021-09-01,0.0,0.0,0.0,0.0,0.0,0.0,0.0,0.0,0.0,0.0,0.0,0.0,0.0,0.0,0.0,0.0,0.0,0.0,0.0,0.0,0.0,0.0,0.0,0.0
2021-09-02,0.0,0.0,0.0,0.0,0.0,0.0,0.0,0.0,0.0,0.0,0.0,0.0,0.0,0.0,0.0,0.0,0.0,0.0,0.0,0.0,0.0,0.0,0.0,0.0
2021-09-03,0.0,0.0,0.0,0.0,0.0,0.0,0.0,0.0,0.0,0.0,0.0,0.0,0.0,0.0,0.0,0.0,0.0,0.0,0.0,0.0,0.0,0.0,0.0,0.0
2021-09-04,0.0,0.0,0.0,0.0,0.0,0.0,0.0,0.0,0.0,0.0,0.0,0.0,0.0,0.0,0.0,0.0,0.0,0.0,0.0,0.0,0.0,0.0,0.0,0.0
2021-09-05,0.0,0.0,0.0,0.0,0.0,0.0,0.0,0.0,0.0,0.0,0.0,0.0,0.0,0.0,0.0,0.0,0.0,0.0,0.0,0.0,0.0,0.0,0.0,0.0
2021-09-06,0.0,0.0,0.0,0.0,0.0,0.0,0.0,0.0,0.0,0.0,0.0,0.0,0.0,0.0,0.0,0.0,0.0,0.0,0.0,0.0,0.0,0.0,0.0,0.0
2021-09-07,0.0,0.0,0.0,0.0,0.0,0.0,0.0,0.0,0.0,0.042556023475202764,0.07379039302583837,0.03796889647194225,0.10038681109187211,0.12208273189331857,0.25901681332200666,0.060116449991861984,0.0,0.0,0.0,0.0,0.0,0.0,0.0,0.0
2021-09-08,0.0,0.0,0.0,0.0,0.0,0.0,0.0,0.0,0.0,0.0,0.0,0.0,0.0,0.0,0.0,0.0,0.0,0.0,0.0,0.0,0.0,0.0,0.0,0.0
2021-09-09,0.0,0.0,0.0,0.0,0.0,0.0,0.0,0.0,0.0,0.0,0.0,0.0,0.0,0.0,0.0,0.0,0.0,0.0,0.0,0.0,0.0,0.0,0.0,0.0
2021-09-10,0.0,0.0,0.0,0.0,0.0,0.0,0.0,0.0,0.0,0.0,0.0,0.0,0.0,0.0,0.0,0.0,0.0,0.0,0.0,0.0,0.0,0.0,0.0,0.0
2021-09-11,37.765669953589345,30.46373932804268,28.206698606634465,28.913720375648662,32.23474879272822,29.647149246704437,32.76242858598137,27.444844738397002,32.16821750877948,26.01212794243785,30.70179795465191,14.983855074807709,13.694046151821397,15.694262690583548,12.522547174275832,14.349647059226887,4.8339798340117595,2.414064943497024,1.7964621595843309,1.5706756267373423,0.47979760169982916,0.0,0.0,0.0
2021-09-12,0.0,0.0,0.0,0.0,0.0,0.0,0.0,0.0,0.010486596639986533,0.02914688949212299,0.04730662472788734,0.12196431451477638,0.1183291763847447,0.006079348806185022,0.0,0.0,0.0,0.0,0.0,0.0,0.0,0.0,0.0,0.0
2021-09-13,0.0,0.0,0.0,0.0,0.0,0.0,0.0,0.0,0.0,0.0,0.0,0.0,0.0,0.0,0.0,0.0,0.0,0.0,0.0,0.0,0.0,0.0,0.0,0.0
2021-09-14,0.0,0.0,0.0,0.0,0.0,0.0,0.0,0.0,0.0,0.0,0.0,0.0,0.0,0.0,0.0,0.0,0.0,0.0,0.0,0.0,0.0,0.0,0.0,0.0
2021-09-15,0.0,0.0,0.0,0.0,0.0,0.0,0.0,0.0,0.0,0.0,0.0,0.0,0.0,0.0,0.0,0.0,0.0,0.0,0.0,0.0,0.0,0.0,0.0,0.0
2021-09-16,0.0,0.0,0.0,0.0,0.0,0.0,0.0,0.0,0.0,0.0,0.0,0.0,0.0,0.0,0.0,0.0,0.0,0.0,0.0,0.0,0.0,0.0,0.0,0.0
2021-09-17,0.0,0.0,0.0,0.0,0.0,0.0,0.0,0.0,0.0,0.0,0.0,0.0,0.0,0.0,0.0,0.0,0.0,0.0,0.0,0.0,0.0,0.0,0.0,0.0
2021-09-18,0.0,0.0,0.0,0.0,0.0,0.0,0.0,0.0,0.0,0.0,0.0,0.0,0.0,0.0,0.0,0.0,0.0,0.0,0.0,0.0,0.0,0.0,0.0,0.0
2021-09-19,0.0,0.0,0.0,0.0,0.0,0.0,0.0,0.0,0.0,0.0,0.0,0.0,0.0,0.0,0.0,0.0,0.0,0.0,0.0,0.0,0.0,0.0,0.0,0.0
2021-09-20,0.0,0.0,0.0,0.0,0.0,0.0,0.0,0.0,0.0,0.0,0.0,0.0,0.0,0.0,0.0,0.0,0.0,0.0,0.0,0.0,0.0,0.0,0.0,0.0
2021-09-21,0.0,0.0,0.0,0.0,0.0,0.0,0.0,0.0,0.0,0.0,0.0,0.0,0.0,0.0,0.0,0.0,0.0,0.0,0.0,0.0,0.0,0.0,0.0,0.0
2021-09-22,0.0,0.0,0.0,0.0,0.0,0.0,0.0,0.0,0.0,0.0,0.0,0.0,0.0,0.0,0.0,0.0,0.0,0.0,0.0,0.0,0.0,0.0,0.0,0.0
2021-09-23,0.0,0.0,0.0,0.0,0.0,0.0,0.0,0.0,0.0,0.0,0.0,0.0,0.0,0.0,0.0,0.0,0.0,0.0,0.0,0.0,0.0,0.0,0.0,0.0
2021-09-24,0.0,0.0,0.0,0.0,0.0,0.0,0.0,0.0,0.0,0.0,0.0,0.0,0.0,0.0,0.0,0.0,0.0,0.0,0.0,0.0,0.0,0.0,0.0,0.0
2021-09-25,0.0,0.0,0.0,0.0,0.0,0.0,0.0,0.0,0.0,0.0,0.0,0.0,0.0,0.0,0.0,0.0,0.0,0.0,0.0,0.0,0.0,0.0,0.0,0.0
2021-09-26,0.0,0.0,0.0,0.0,0.0,0.0,0.0,0.0,0.0,0.0,0.0,0.0,0.0,0.0,0.0,0.0,0.0,0.0,0.0,0.0,0.0,0.0,0.0,0.0
2021-09-27,0.0,0.0,0.0,0.0,0.0,0.0,0.0,0.0,0.0,0.0,0.0,0.0,0.0,0.0,0.0,0.0,0.0,0.0,0.0,0.0,0.0,0.0,0.0,0.0
2021-09-28,0.0,0.0,0.0,0.0,0.0,0.0,0.0,0.0,0.0,0.0,0.0,0.0,0.0,0.0,0.0,0.0,0.0,0.0,0.0,0.0,0.0,0.0,0.0,0.0
2021-09-29,0.0,0.0,0.0,0.0,0.0,0.09759036824545268,0.00831121898847402,0.018827641120995855,0.06908563445656697,0.07097875540809424,0.17401606105441306,0.3473385162514573,0.2517725289410998,0.3088686333161984,0.37054265717875984,0.28288052334048885,0.5738901419811939,0.3639203382108451,0.5319360527380601,0.7033139478126073,0.0,0.0,0.0,0.0
2021-09-30,0.0,0.0,0.0,0.0,0.0,0.0,0.0,0.0,0.0,0.0,0.0,0.0,0.0,0.007428446517625908,0.0,0.0,0.0,0.0,0.0,0.0,0.0,0.0,0.0,0.0
2021-10-01,0.0,0.0,0.0,0.0,0.0,0.0,0.0,0.0,0.0,0.0,0.0,0.0,0.0,0.0,0.0,0.0,0.0,0.0,0.0,0.0,0.0,0.0,0.0,0.0
2021-10-02,2.318443326389088,0.894204460448473,0.5191441276607341,1.4790227491069303,2.651889968870473,2.611187410700419,3.4958619017447026,4.06973965682957,4.236803395380572,4.565136155334139,4.4701593038533245,5.015169557191177,5.523563474647016,6.445838905540053,6.680948620924633,6.488749977253826,7.226959986476054,6.337034204002843,5.934561991566765,5.918263463669172,6.926785628000896,7.035974025726318,7.035974025726318,7.035974025726318
2021-10-03,0.0,0.0,0.0,0.0,0.0,0.0,0.0,0.0,0.0,0.0,0.0,0.0,0.0,0.0,0.0,0.0,0.0,0.0,0.0,0.0,0.0,0.0,0.0,0.0
2021-10-04,0.0,0.0,0.0,0.0,0.0,0.0,0.0,0.0,0.0,0.0,0.0,0.0,0.0,0.0,0.0,0.0,0.0,0.0,0.0,0.0,0.0,0.0,0.0,0.0
2021-10-05,0.0,0.0,0.0,0.0,0.0,0.0,0.0,0.0,0.0,0.0,0.0,0.0,0.0,0.0,0.0,0.0,0.0,0.0,0.0,0.0,0.0,0.0,0.0,0.0
2021-10-06,0.0,0.0,0.0,0.0,0.0,0.0,0.0,0.0,0.0,0.0,0.0,0.0,0.0,0.0,0.0,0.0,0.0,0.0,0.0,0.0,0.0,0.0,0.0,0.0
2021-10-07,0.0,0.0,0.0,0.0,0.0,0.0,0.0,0.0,0.0,0.0,0.0,0.0,0.0,0.0,0.0,0.0,0.0,0.0,0.0,0.0,0.0,0.0,0.0,0.0
2021-10-08,0.0,0.0,0.0,0.0,0.0,0.0,0.0,0.0,0.0,0.0,0.0,0.0,0.0,0.0,0.0,0.0,0.0,0.0,0.0,0.0,0.0,0.0,0.0,0.0
2021-10-09,0.0,0.0,0.0,0.0,0.0,0.0,0.0,0.0,0.0,0.0,0.0,0.0,0.0,0.0,0.0,0.0,0.0,0.0,0.0,0.0,0.0,0.0,0.0,0.0
2021-10-10,0.0,0.0,0.0,0.0,0.0,0.0,0.0,0.0,0.0,0.0,0.0,0.0,0.0,0.0,0.0,0.0,0.0,0.0,0.0,0.0,0.0,0.0,0.0,0.0
2021-10-11,0.0,0.0,0.0,0.0,0.0,0.0,0.0,0.0,0.0,0.0,0.0,0.0,0.0,0.0,0.0,0.0,0.0,0.0,0.0,0.0,0.0,0.0,0.0,0.0
2021-10-12,3.9830368250803225,8.014189239278288,9.934033299374425,10.510934186212381,10.613078890083829,9.941727955076846,10.3894507877876,9.493474583638953,8.44499498623746,9.135285451159218,8.523805050694621,8.165648752219541,7.857302389993424,8.417502492414961,8.001975144224167,10.349433214173748,5.38299772423434,7.626030354560179,11.720032844243875,12.819760292088061,0.0,0.0,0.0,0.0
2021-10-13,0.0,0.0,0.0,0.0,0.0,0.0,0.0,0.0,0.0,0.0,0.0,0.0,0.0,0.0,0.0,0.0,0.0,0.0,0.0,0.0,0.0,0.0,0.0,0.0
2021-10-14,3.3905216276256085,3.426492061677118,4.067811399123559,6.871342359482969,7.238262643597042,6.408342345748776,5.179251168140689,4.575771637949118,7.344835099048949,5.297134011972088,5.325036386352555,3.183661476253997,3.2101053120341767,2.071739213630147,1.4852988119915416,1.6127532708833603,0.0548020673085408,1.0342038512732914,0.21556597604801525,0.0,6.642321586608887,6.862183570861816,6.862183570861816,6.862183570861816
2021-10-15,0.0,0.0,0.0,0.0,0.0,0.0,0.0,0.0,0.0,0.0,0.0,0.0,0.0,0.0,0.0,0.0,0.0,0.0,0.0,0.0,0.0,0.0,0.0,0.0
2021-10-16,0.0,0.0,0.0,0.0,0.0,0.0,0.0,0.0,0.0,0.0,0.0,0.0,0.0,0.0,0.0,0.0,0.0,0.0,0.0,0.0,0.0,0.0,0.0,0.0
2021-10-17,0.0,0.0,0.0,0.0,0.0,0.0,0.0,0.0,0.0,0.0,0.0,0.0,0.0,0.0,0.0,0.0,0.0,0.0,0.0,0.0,0.0,0.0,0.0,0.0
2021-10-18,0.0,0.0,0.0,0.0,0.0,0.0,0.0,0.0,0.0,0.0,0.0,0.0,0.0,0.0,0.0,0.0,0.0,0.0,0.0,0.0,0.0,0.0,0.0,0.0
2021-10-19,0.0,0.0,0.0,0.0,0.0,0.0,0.0,0.0,0.0,0.0,0.0,0.0,0.0,0.0,0.0,0.0,0.0,0.0,0.0,0.0,0.0,0.0,0.0,0.0
2021-10-20,0.0,0.0,0.0,0.0,0.0,0.0,0.0,0.0,0.0,0.0,0.0,0.0,0.0,0.0,0.0,0.0,0.0,0.0,0.0,0.0,0.0,0.0,0.0,0.0
2021-10-21,0.0,0.0,0.0,0.0,0.0,0.0,0.0,0.0,0.0,0.0,0.0,0.0,0.0,0.0,0.0,0.0,0.0,0.0,0.0,0.0,0.0,0.0,0.0,0.0
2021-10-22,0.0,0.0,0.0,0.0,0.0,0.0,0.06560822477355288,0.060020764234913364,0.0,0.0,0.0,0.0,0.008398023983582867,0.0,0.0,0.0,0.0,0.0,0.0,0.0,0.0,0.0,0.0,0.0
2021-10-23,0.0,0.0,0.0,0.0,0.0,0.0,0.0,0.0,0.0,0.0,0.0,0.0,0.0,0.0,0.0,0.0,0.0,0.0,0.0,0.0,0.0,0.0,0.0,0.0
2021-10-24,0.0,0.0,0.0,0.0,0.0,0.0,0.0,0.0,0.0,0.0,0.0,0.0,0.0,0.0,0.0,0.0,0.0,0.0,0.0,0.0,0.0,0.0,0.0,0.0
2021-10-25,0.0,0.0,0.0,0.0,0.0,0.0,0.0,0.0,0.0,0.0,0.0,0.0,0.0,0.0,0.0,0.0,0.0,0.0,0.0,0.0,0.0,0.0,0.0,0.0
2021-10-26,0.0,0.0,0.0,0.0,0.0,0.0,0.0,0.0,0.0,0.0051770677571375,0.00814595164738477,0.08709095716253581,0.08230906364731058,0.058216706035578096,0.0,0.0,0.0,0.0,0.0,0.0,0.0,0.0,0.0,0.0
2021-10-27,1.3474754165200624,0.5829255736223649,0.3012529427683387,0.23219268029135148,0.16930764519079744,0.3804589900630262,0.5507747095481086,1.2736700916715167,1.429127028104434,1.3294664775236718,1.397571685070157,1.5770264645933845,1.5798836456232181,1.887534108262105,2.2210336103596595,1.7216037709232475,4.123519089327279,2.5326768369446664,0.4017298933099079,0.0,6.3195719718933105,6.194473743438721,6.194473743438721,6.194473743438721
2021-10-28,0.0,0.0,0.0,0.0,0.0,0.0,0.0,0.0,0.0,0.0,0.0,0.0,0.0,0.0,0.0,0.0,0.0,0.0,0.0,0.0,0.0,0.0,0.0,0.0
2021-10-29,0.0,0.0,0.0,0.0,0.0,0.0,0.0,0.0,0.0,0.0,0.0,0.0,0.0,0.0,0.0,0.0,0.0,0.0,0.0,0.0,0.0,0.0,0.0,0.0
2021-10-30,0.0,0.0,0.0,0.0,0.0,0.0,0.0,0.0,0.0,0.0,0.0,0.0,0.0,0.0,0.0,0.0,0.0,0.0,0.0,0.0,0.0,0.0,0.0,0.0
2021-10-31,0.0,0.0,0.0,0.0,0.12377429068404784,0.07104162256748525,0.3536536385062927,0.03568085408713443,0.07227361486235057,0.10202842576882462,0.39702641739988037,0.5739769144296546,0.7227845114829039,1.0108646034373534,1.7637567827174563,1.5693561509474763,2.0782896673822977,1.6286030003457803,0.679344037440435,0.08267264170189427,0.0,0.0,0.0,0.0
2021-11-01,0.0,0.0,0.11495321991405166,0.3918054097324071,0.3639437115681768,0.5046417657556089,0.3664140805730458,0.23315469618422907,0.08059516223502772,0.3432485373489089,0.22802897755576096,0.6603915779183662,0.6207381100160223,0.5819529082548625,1.1761688457829,1.7974034759495368,3.7362769084761895,8.578911539203844,9.491443761356217,9.483458118351628,11.769803047180176,11.423577308654785,11.423577308654785,11.423577308654785
2021-11-02,2.572919628199409,2.8514271709740355,3.163582476702604,4.591984969504798,4.86236775537271,3.9698823604430484,3.3019536391232975,2.5530679592765453,3.0357753399792244,2.4914365353014234,2.9528596893665697,2.541081262079067,2.5800245338046635,2.7971801186559433,3.7343080538976974,3.8852300262369557,3.812774811403819,1.029581996794324,0.1117699021444271,0.0,0.0,0.0,0.0,0.0
2021-11-03,0.0,0.0,0.0,0.0,0.0,0.0,0.0,0.0,0.0,0.0,0.0,0.0,0.0,0.0,0.0,0.0,0.0,0.0,0.0,0.0,0.0,0.0,0.0,0.0
2021-11-04,0.0,0.0,0.0,0.0,0.0,0.0,0.0,0.0,0.0,0.0,0.0,0.0,0.0,0.0,0.0,0.0,0.0,0.0,0.0,0.0,0.0,0.0,0.0,0.0
2021-11-05,0.0,0.0,0.0,0.0,0.0,0.0,0.0,0.0,0.0,0.0,0.0,0.0,0.0,0.0,0.0,0.0,0.0,0.0,0.0,0.0,0.0,0.0,0.0,0.0
2021-11-06,0.0,0.0,0.0,0.0,0.0,0.0,0.0,0.0,0.0,0.0,0.0,0.0,0.0,0.0,0.0,0.0,0.0,0.0,0.0,0.0,0.0,0.0,0.0,0.0
2021-11-07,0.0,0.0,0.0,0.0,0.0,0.0,0.0,0.0,0.0,0.0,0.0,0.0,0.0,0.0,0.0,0.0,0.0,0.0,0.0,0.0,0.0,0.0,0.0,0.0
2021-11-08,0.0,0.0,0.0,0.0,0.0,0.0,0.0,0.0,0.0,0.0,0.0,0.0,0.0,0.0,0.0,0.0,0.0,0.0,0.0,0.0,0.0,0.0,0.0,0.0
2021-11-09,1.8951599543390707,2.2279978491972634,2.4623542544598758,3.227266645622984,4.225144128831397,3.475116865161072,2.985981499671705,2.1845914609131794,3.111867767864976,2.3847844892019614,2.645076233291488,1.5190901309818239,1.5010106941639332,1.7890591487045564,2.3629494319020137,3.6266386352852464,0.0,0.0,0.0,0.0,0.0,0.0,0.0,0.0
2021-11-10,0.0,0.0,0.0,0.0,0.0,0.0,0.0,0.0,0.0,0.0,0.0,0.0,0.0,0.0,0.0,0.0,0.0,0.0,0.0,0.0,0.0,0.0,0.0,0.0
2021-11-11,0.0,0.0,0.0,0.0,0.0,0.0,0.0,0.0,0.0,0.0,0.0,0.0,0.0,0.0,0.0,0.13694528131644135,0.0,0.0,0.0,0.0,0.0,0.0,0.0,0.0
2021-11-12,0.0,0.09840397679456282,0.546043204679493,2.3511159004445354,3.665441783371335,2.8876085471564865,2.1658352271246732,2.0657181503423234,3.4776571099665823,2.5825537235088296,2.5915260481888436,2.42162411810342,1.9917996637192366,0.9294490069067163,0.0,0.0,0.0,0.0,0.0,0.0,0.0,0.0,0.0,0.0
2021-11-13,0.0,0.0,0.0,0.0,0.0,0.0,0.0,0.0,0.0,0.0,0.0,0.0,0.0,0.0,0.0,0.0,0.0,0.0,0.0,0.0,0.0,0.0,0.0,0.0
2021-11-14,0.0,0.0,0.0,0.0,0.0,0.09060565717824999,0.5770440507082942,0.8722425391037297,0.42961077122477564,0.9887844236803527,0.7103281156780409,0.4184521151946969,1.1253323055113797,2.061281092653387,2.431534095609895,3.928143909562077,0.0,0.0,0.0,0.0,0.0,0.0,0.0,0.0
2021-11-15,0.0,0.0,0.0,0.0,0.0,0.0,0.0,0.0,0.0,0.0,0.0,0.0,0.0,0.0,0.0,0.0,0.0,0.0,0.0,0.0,0.0,0.0,0.0,0.0
2021-11-16,0.0,0.0,0.0,0.0,0.0,0.0,0.0,0.0,0.0,0.0,0.0,0.0,0.0,0.0,0.0,0.0,0.0,0.0,0.0,0.0,0.0,0.0,0.0,0.0
2021-11-17,0.0,0.0,0.0,0.0,0.0,0.0,0.0,0.0,0.0,0.0,0.0,0.0,0.0,0.0,0.0,0.0,0.0,0.0,0.0,0.0,0.0,0.0,0.0,0.0
2021-11-18,0.0,0.0,0.0,0.0,0.0,0.0,0.0,0.0,0.0,0.0,0.0,0.0,0.0,0.0,0.0,0.0,0.0,0.0,0.0,0.0,0.0,0.0,0.0,0.0
2021-11-19,0.0,0.0,0.1736849082449861,2.8173730315507637,4.032596327345722,3.71787169511437,3.410652738270605,3.807444832201701,4.799665606449159,4.509621561209708,4.7884058669346325,3.9903556297239504,4.346151931188799,4.3530712767623,3.6704739551708943,5.049580917227813,0.4329169104855702,0.0,0.0,0.0,0.0,0.0,0.0,0.0
2021-11-20,0.0,0.0,0.0,0.0,0.0,0.0,0.0,0.0,0.0,0.0,0.0,0.0,0.0,0.0,0.0,0.0,0.0,0.0,0.0,0.0,0.0,0.0,0.0,0.0
2021-11-21,0.0,0.0,0.0,0.0,0.0,0.0,0.0,0.0,0.0,0.0,0.0,0.01031624669856934,0.06941834269833667,0.23227977859900198,0.15690279409470725,1.2996744240355584,0.0,0.0,0.0,0.0,0.0,0.0,0.0,0.0
2021-11-22,0.0,0.0,0.0,0.0,0.0,0.0,0.0,0.0,0.0,0.0,0.0,0.0,0.0,0.0004993010733220066,0.0,0.17331836281753168,0.0,0.0,0.0,0.0,0.0,0.0,0.0,0.0
2021-11-23,0.0,0.0,0.0,0.10489053198794722,0.1464841971015238,0.039895194411417964,0.19158261628031528,0.020263904369021028,0.026475791298298076,0.04568277702372466,0.13571706117372667,0.0,0.0,0.0,0.0,0.0,0.0,0.0,0.0,0.0,0.0,0.0,0.0,0.0
2021-11-24,0.0,0.0,0.0,0.12456234129355495,0.8198294671545215,0.8456218759016353,1.3261384645688263,1.0532870176865385,1.8234050593411166,1.4098861359804058,1.5246683519978401,0.6917836898330175,0.7119758412604541,0.0,0.0,0.0,0.0,0.0,0.0,0.0,0.0,0.0,0.0,0.0
2021-11-25,0.0,0.0,0.048092174417434935,0.655769026307734,0.5765779088975599,0.8752487456737804,1.4287272770917971,2.425709240198373,1.7283006059672135,2.458854792610686,2.2360693825381923,2.90985208215272,3.2654889030256364,4.148395391378998,4.082031743499313,2.415075911790018,3.014436376334194,0.8010720267745178,0.08628490333157686,0.0,0.0,0.0,0.0,0.0
2021-11-26,0.0,0.0,0.0,0.0,0.0,0.0,0.0,0.0,0.0,0.0,0.0,0.0,0.0,0.0,0.0,0.0,0.0,0.0,0.0,0.0,0.0,0.0,0.0,0.0
2021-11-27,0.0,0.0,0.0,0.31826438980394955,0.423951113367174,0.2859235643078794,0.0911943000030456,0.06644617419046567,0.12472854821273913,0.017863700374917968,0.05381461155666279,0.017331067903796463,0.0,0.0,0.0,0.0,0.0,0.0,0.0,0.0,0.0,0.0,0.0,0.0
2021-11-28,0.0,0.0,0.0,0.0,0.0,0.0,0.0,0.0,0.0,0.0,0.0,0.011441052780869288,0.040030964297168244,0.0911071303186958,0.050683131066312226,0.20376483793181135,0.0,0.0,0.0,0.0,0.0,0.0,0.0,0.0
2021-11-29,0.0,0.0,0.0,0.0,0.0,0.0,0.0,0.0,0.0,0.0,0.0,0.0,0.0,0.0,0.0,0.0,0.0,0.0,0.0,0.0,0.0,0.0,0.0,0.0
2021-11-30,0.0,0.0,0.008032274968696365,0.7102714315081277,0.8703554827419283,0.6253963116102245,0.17646857206060626,0.1311809384230389,0.2552266879546414,0.06636380272842186,0.1540277389898144,0.02523328353588015,0.0,0.0,0.0,0.0,0.0,0.0,0.0,0.0,0.0,0.0,0.0,0.0
2021-12-01,0.0,0.0,0.0,0.0,0.0,0.0,0.0,0.0,0.0,0.0,0.0,0.0,0.0,0.0,0.0,0.0,0.0,0.0,0.0,0.0,0.0,0.0,0.0,0.0
2021-12-02,0.0,0.06660942813860864,0.21082593249036125,0.20478273251779452,0.22461482520477635,0.26125825671110375,1.0383250846197776,1.0247912851562457,0.046394154307171975,1.2111816806643494,1.0787867614680562,0.5867579323395454,1.527545266890523,2.6361808790424823,3.379442790090968,4.566736955034668,0.0,0.0,0.0,0.0,0.0,0.0,0.0,0.0
2021-12-03,0.0,0.054672510771487354,0.12126432061899091,0.08778746734245955,0.05561544278652701,0.02062250548182913,0.01593577010359527,0.0084888142455055,0.0059500311164696704,0.0,0.0,0.0,0.0,0.0,0.0,0.0,0.0,0.0,0.0,0.0,0.0,0.0,0.0,0.0
2021-12-04,0.0,0.0,0.0,0.0,0.0,0.0,0.0,0.0,0.0,0.01596245239816154,0.05056068047722923,0.013872578871051812,0.01439261331977268,0.0,0.0,0.0,0.0,0.0,0.0,0.0,0.0,0.0,0.0,0.0
2021-12-05,0.0,0.0,0.0149248895191011,1.5800477108134687,2.9627162646195377,2.9593774055976665,1.9238820065237945,2.4764854700031522,3.709160375752962,2.5777865980741645,2.743963754150073,2.625773298337008,1.9342843799109335,1.3722191999774758,0.8628430613172163,0.7219060275306751,2.3381455153346535,0.466067399992051,0.04575725750149234,0.0,0.0,0.0,0.0,0.0
2021-12-06,0.0,0.0,0.0,0.0,0.0,0.0,0.0,0.0,0.0,0.0,0.0,0.0,0.0,0.0,0.0,0.0,0.0,0.0,0.0,0.0,0.0,0.0,0.0,0.0
2021-12-07,0.0,0.0,0.0,0.0,0.0,0.0,0.0,0.0,0.0,0.0,0.0,0.0,0.0,0.0,0.0,0.0,0.0,0.0,0.0,0.0,0.0,0.0,0.0,0.0
2021-12-08,0.0,0.0,0.0,0.0,0.0,0.0,0.0,0.0,0.0,0.0,0.0,0.0,0.0,0.0,0.0,0.0,0.0,0.0,0.0,0.0,0.0,0.0,0.0,0.0
2021-12-09,0.0,0.0,0.05171289691677343,0.7092507480378349,0.9081941861009106,0.5440307383395232,0.46313623752712246,0.2448124039813456,0.6711492868950335,0.46683775253787,0.71478327754345,0.22098988567608327,0.21072056345455156,0.0002850929695009314,0.0,0.0,0.0,0.0,0.0,0.0,0.0,0.0,0.0,0.0
2021-12-10,0.0,0.0,0.0,0.0,0.0,0.0,0.0,0.0,0.0,0.0,0.0,0.0,0.0,0.0,0.0,0.0,0.0,0.0,0.0,0.0,0.0,0.0,0.0,0.0
2021-12-11,0.0,0.0,0.0,0.0,0.0,0.0,0.0,0.0,0.0,0.0,0.0,0.0,0.0,0.0,0.0,0.0,0.0,0.0,0.0,0.0,0.0,0.0,0.0,0.0
2021-12-12,0.0,0.0,0.0,0.1884105079777594,0.2861592298245105,0.0803595961238393,0.27851150338992814,0.030873091824083425,0.02745728141303643,0.029231176942332758,0.08694732130874981,0.0,0.0,0.0,0.0,0.0,0.0,0.0,0.0,0.0,0.0,0.0,0.0,0.0
2021-12-13,0.0,0.0,0.0,0.0,0.0,0.0,0.0,0.0,0.0,0.0,0.0,0.0,0.0,0.0,0.0,0.0,0.0,0.0,0.0,0.0,0.0,0.0,0.0,0.0
2021-12-14,0.0,0.0,0.0,0.0,0.0,0.0,0.0,0.0,0.0,0.008437694421606946,0.01620412854068705,0.0,0.0,0.0,0.0,0.0,0.0,0.0,0.0,0.0,0.0,0.0,0.0,0.0
2021-12-15,0.0,0.05525043298056537,0.24990002966358743,0.791503014192896,1.2446205171584022,1.2937374322940585,1.6877025702080488,2.4159759373131036,3.424989199233394,3.3708791954121913,3.4333565346056747,3.0777742422324614,3.6769691186027673,3.700716313366276,4.036512555821437,4.923352218153745,1.490138274886043,2.1240093604086496,1.8077292991558298,1.758321156784824,3.8669603665669756,3.542111396789551,3.542111396789551,3.542111396789551
2021-12-16,0.0,0.0,0.0,0.0,0.12157152192414858,0.1863524871730468,0.38126379929645515,0.31797226862495664,0.5273862735168425,0.4331324551913148,0.816079014371207,0.19623363569992663,0.7229825907850086,1.3431175324674265,2.3280887016840066,2.9043397552496764,0.0,0.0,0.0,0.0,0.0,0.0,0.0,0.0
2021-12-17,0.0,0.0,0.0,0.0,0.0,0.0,0.0,0.0,0.0,0.0,0.0,0.0,0.0,0.0,0.0,0.0,0.0,0.0,0.0,0.0,0.0,0.0,0.0,0.0
2021-12-18,0.0,0.0,0.0,0.0,0.0,0.0,0.0,0.0,0.0,0.0,0.0,0.0,0.0,0.0,0.0,0.0,0.0,0.0,0.0,0.0,0.0,0.0,0.0,0.0
2021-12-19,0.0,0.0,0.0,0.0,0.0,0.0,0.0,0.0,0.0,0.0,0.0,0.0,0.0,0.0,0.0,0.0,0.0,0.0,0.0,0.0,0.0,0.0,0.0,0.0
2021-12-20,0.0,0.0,0.0,0.0,0.0,0.0,0.0,0.0,0.0,0.0,0.0,0.0,0.0,0.0,0.0,0.0,0.0,0.0,0.0,0.0,0.0,0.0,0.0,0.0
2021-12-21,0.0,0.0,0.0,0.0,0.0,0.0,0.0,0.0,0.0,0.0,0.0,0.0,0.0,0.0,0.0,0.0,0.0,0.0,0.0,0.0,0.0,0.0,0.0,0.0
2021-12-22,0.0,0.0,0.05946441646262166,0.8935337817718955,1.9963887275114172,2.0540564842011024,2.1346541894923,1.906546107167938,3.6216762199562473,2.7618707269741476,3.1062560300191087,2.20595195439476,1.9641077181086135,0.4600651005870375,0.0,0.0,0.0,0.0,0.0,0.0,0.0,0.0,0.0,0.0
2021-12-23,0.0,0.0,0.0,0.0,0.0,0.0,0.0,0.0,0.0,0.0,0.0,0.0,0.0,0.0,0.0,0.0,0.0,0.0,0.0,0.0,0.0,0.0,0.0,0.0
2021-12-24,0.0,0.0643404281877151,0.24876247330567636,0.20148919102570764,0.2421490019907735,0.31855717395997807,0.9496620693532382,1.1581253407291132,0.5266932088281672,1.1720953568604977,1.1108813121298053,1.8750180993086385,1.8681317821751693,2.599460305240867,2.2383390156296974,3.2944995929504195,3.130501808794626,2.5480110856551166,3.568098264214881,4.127576540594232,0.0,0.0,0.0,0.0
2021-12-25,0.0,0.0,0.0,0.0,0.0,0.0,0.0,0.0,0.0,0.0,0.0,0.0,0.0,0.0,0.0,0.0,0.0,0.0,0.0,0.0,0.0,0.0,0.0,0.0
2021-12-26,0.0,0.0,0.0,0.0,0.0,0.0,0.0,0.0,0.0,0.0,0.0,0.0,0.0,0.0,0.0,0.0,0.0,0.0,0.0,0.0,0.0,0.0,0.0,0.0
2021-12-27,0.0,0.0,0.0,0.0,0.0,0.0,0.0,0.0,0.0,0.0,0.0,0.0,0.0,0.0,0.0,0.0,0.0,0.0,0.0,0.0,0.0,0.0,0.0,0.0
2021-12-28,0.0,0.0,0.0,0.3860426063105929,1.3320756786797043,1.2770124160743426,1.757782848860985,1.419144372205178,2.820259249860715,2.321086735733209,2.6908099083802033,2.966048947255426,2.7109963115476132,1.7159146755313928,1.2824566451811445,1.6023910403710733,3.2454482478789055,4.581624430443165,5.09444898959854,5.230623907150199,4.3456095059712725,4.177510738372803,4.177510738372803,4.177510738372803
2021-12-29,0.0,0.0,0.0,0.0,0.0,0.0,0.0,0.0,0.0,0.0,0.0,0.0,0.0,0.0,0.0,0.0,0.0,0.0,0.0,0.0,0.0,0.0,0.0,0.0
2021-12-30,0.0,0.0,0.0,0.0,0.0,0.0,0.0,0.0,0.0,0.0,0.0,0.0,0.0,0.0,0.0,0.0,0.0,0.0,0.0,0.0,0.0,0.0,0.0,0.0
2021-12-31,0.0,0.0,0.0,0.0,0.0,0.0,0.0,0.0,0.0,0.0,0.0,0.0,0.0,0.0,0.0,0.0,0.0,0.0,0.0,0.0,0.0,0.0,0.0,0.0
2022-01-01,0.0,0.0,0.0,0.0,0.0,0.0,0.0,0.0,0.0,0.0,0.0,0.0,0.0,0.0,0.0,0.0,0.0,0.0,0.0,0.0,0.0,0.0,0.0,0.0
2022-01-02,0.0,0.0,0.0,0.0,0.0,0.0,0.0,0.0,0.0,0.0,0.0,0.0,0.0,0.0,0.0,0.0,0.0,0.0,0.0,0.0,0.0,0.0,0.0,0.0
2022-01-03,0.0,0.0,0.0,0.0,0.0,0.0,0.0,0.0,0.0,0.0,0.0,0.0,0.0,0.0,0.0,0.0,0.0,0.0,0.0,0.0,0.0,0.0,0.0,0.0
2022-01-04,0.0,0.0,0.0,0.0,0.0,0.0,0.0,0.0,0.0,0.0,0.0,0.0,0.0,0.0,0.0,0.0,0.0,0.0,0.0,0.0,0.0,0.0,0.0,0.0
2022-01-05,0.0,0.0,0.06336951565432859,1.198798050604547,2.409543884629413,2.3252708876380628,2.6172539897947575,2.8265760633570824,4.058945589088201,3.6179045699883874,3.7834795181867547,3.654975086519295,3.75828502313198,3.221020603762911,2.7835780144861086,4.038360680787034,0.9089568750925331,2.125907910021046,4.537046293937724,5.516611044809699,0.0,0.0,0.0,0.0
2022-01-06,0.0,0.0,0.0,0.0,0.0,0.0,0.0,0.0,0.0,0.0,0.0,0.0,0.0,0.0,0.0,0.0,0.0,0.0,0.0,0.0,0.0,0.0,0.0,0.0
2022-01-07,0.0,0.0,0.0,0.0,0.0,0.0,0.0,0.0,0.0,0.0,0.0,0.0,0.0,0.0,0.0,0.0,0.0,0.0,0.0,0.0,0.0,0.0,0.0,0.0
2022-01-08,0.0,0.0,0.0,0.0,0.0,0.0,0.0,0.0,0.0,0.0,0.0,0.0,0.0,0.0,0.0,0.0,0.0,0.0,0.0,0.0,0.0,0.0,0.0,0.0
2022-01-09,0.0,0.0,0.0,0.0,0.0,0.0,0.0,0.0,0.0,0.0,0.0,0.0,0.0,0.0,0.0,0.0,0.0,0.0,0.0,0.0,0.0,0.0,0.0,0.0
2022-01-10,0.0,0.0,0.0480188967345597,0.8108479231242434,0.949800059835993,0.5363492167542747,0.931369271444635,0.6402689004728349,0.4018470396047635,0.8009343608524678,1.035668973534229,1.6531642838163887,2.3660552110821578,3.2439201660475216,4.760875087463956,5.799823066848541,5.2998318963261495,5.551697523785041,6.074280198331906,6.211077474567988,3.91886043548584,5.87829065322876,5.87829065322876,5.87829065322876
2022-01-11,0.0,0.0,0.0,0.0,0.0,0.0,0.023862027058385207,0.10070302774269413,0.0396388355769647,0.24975505379511956,0.2534035278308025,0.3107891722231215,0.5136948669538299,0.8184567475131284,1.180655959357362,2.383192783040678,0.056841358123534164,0.39878647706344333,0.05487090005924566,0.0,2.1444694201151533,0.0,0.0,0.0
2022-01-12,0.0,0.0,0.0,0.0,0.0,0.0,0.0,0.0,0.0,0.0,0.0,0.0,0.0,0.0,0.0,0.0,0.0,0.0,0.0,0.0,0.0,0.0,0.0,0.0
2022-01-13,0.0,0.0,0.0,0.0,0.0,0.0,0.0,0.0,0.0,0.0,0.0,0.0076017916414264815,0.006594500551585605,0.0,0.0,0.0,0.0,0.0,0.0,0.0,0.0,0.0,0.0,0.0
2022-01-14,0.0,0.0,0.0,0.0,0.0,0.0,0.0,0.0,0.0,0.0,0.0,0.0,0.0,0.0,0.0,0.0,0.0,0.0,0.0,0.0,0.0,0.0,0.0,0.0
2022-01-15,0.0,0.0,0.0,0.0,0.0,0.0,0.0024653086196551694,0.006354826581047239,0.0,0.0,0.0,0.0,0.0,0.0,0.0,0.0,0.0,0.0,0.0,0.0,0.0,0.0,0.0,0.0
2022-01-16,0.0,0.0,0.0,0.0,0.0,0.0,0.0,0.0,0.0,0.0,0.0,0.0,0.0,0.0,0.0,0.0,0.0,0.0,0.0,0.0,0.0,0.0,0.0,0.0
2022-01-17,0.0,0.0,0.0,0.0,0.0,0.018990308011293134,0.02480521034297855,0.3101520561370024,0.5201882965636454,0.4602923738982701,0.16437693505672252,0.6924018455441665,0.6093255981086324,0.6801779224270846,0.0,0.0,0.0,0.0,0.0,0.0,0.0,0.0,0.0,0.0
2022-01-18,1.4553899827346302,1.6345047684368168,1.0753310540678558,0.6675372988360926,0.49587635732968743,0.38677706346003415,0.8959750284251312,1.3602604699212615,0.7840464707328307,1.6142702333015282,1.7344618850856117,2.6355275720304046,3.3981528308286824,4.873229625420735,6.155352879515995,6.993696356207375,6.285487793535593,6.711200630949855,6.908938030921978,7.071505402865476,6.884431838989258,6.735511302947998,6.735511302947998,6.735511302947998
2022-01-19,0.0,0.0,0.0,0.4627604355753762,1.159882830095438,0.8579315301344845,1.377556381522001,0.8364799597625986,1.5757474352408434,1.1189542802077945,1.5994587105270153,0.010964744342274556,0.0017645149244155155,0.0,0.0,0.0,0.0,0.0,0.0,0.0,0.0,0.0,0.0,0.0
2022-01-20,0.0,0.0,0.0,0.0,0.0,0.0,0.0,0.0,0.0,0.0,0.0,0.0,0.0,0.0,0.0,0.0,0.0,0.0,0.0,0.0,0.0,0.0,0.0,0.0
2022-01-21,0.0,0.0,0.0,0.0,0.0,0.0,0.0,0.0,0.0,0.0,0.0,0.0,0.0,0.0,0.0,0.0,0.0,0.0,0.0,0.0,0.0,0.0,0.0,0.0
2022-01-22,0.0,0.0,0.0,0.0,0.0,0.0,0.0,0.0,0.0,0.0,0.0,0.0,0.0,0.0,0.0,0.0,0.0,0.0,0.0,0.0,0.0,0.0,0.0,0.0
2022-01-23,0.0,0.0,0.0,0.0,0.0,0.0,0.0,0.0,0.0,0.0,0.0,0.0,0.0,0.0,0.0,0.0,0.0,0.0,0.0,0.0,0.0,0.0,0.0,0.0
2022-01-24,0.0,0.0,0.0,0.0,0.0,0.0,0.0,0.0,0.0,0.0,0.0,0.0,0.011881106370818779,0.06345390378926295,0.0,0.2997617880707375,0.0,0.0,0.0,0.0,0.0,0.0,0.0,0.0
2022-01-25,0.0,0.0,0.0,0.20692090697479107,1.1927018465192851,1.478959255057753,1.7232703716822682,1.5110561951216919,2.7209858585128126,2.2113074441558975,2.431620462603717,2.5127908519222606,2.368767245859853,1.1872472498375357,0.5597913209063707,1.2918322293432951,0.0,0.0,0.0,0.0,0.0,0.0,0.0,0.0
2022-01-26,0.0,0.0,0.0,0.0,0.0,0.0,0.0,0.0,0.0,0.0,0.0,0.02562888445509197,0.023385055419029688,0.0,0.0,0.0,0.0,0.0,0.0,0.0,0.0,0.0,0.0,0.0
2022-01-27,1.59336371047824,1.958958301637382,1.3235177494136898,0.8618087008347974,1.2379268798971936,1.791674656617506,2.6653195378553636,3.5054888079414157,3.6189144453042097,4.6243397756839615,4.712704806158312,6.132971053168937,6.8118871785739,7.118984961958665,7.794505941853788,8.574067456527406,7.789743706500194,8.212425777177772,8.348034117234318,8.481975945163535,8.399971961975098,8.241544723510742,8.241544723510742,8.241544723510742
2022-01-28,0.0,0.0,0.0,0.0,0.0,0.0,0.0,0.0,0.0,0.0,0.0,0.0,0.0,0.0,0.0,0.0,0.0,0.0,0.0,0.0,0.0,0.0,0.0,0.0
2022-01-29,0.0,0.0,0.0,0.0,0.0,0.0,0.0,0.0,0.0,0.0,0.0,0.0,0.0,0.0,0.0,0.0,0.0,0.0,0.0,0.0,0.0,0.0,0.0,0.0
2022-01-30,0.0,0.0,0.0,0.0,0.0,0.0,0.0,0.0,0.0,0.0,0.0,0.0,0.0,0.0,0.0,0.0,0.0,0.0,0.0,0.0,0.0,0.0,0.0,0.0
2022-01-31,0.0,0.0,0.0,0.0,0.0,0.0,0.0,0.0,0.0,0.0,0.0,0.0,0.0,0.0,0.0,0.0,0.0,0.0,0.0,0.0,0.0,0.0,0.0,0.0
2022-02-01,0.0,0.0,0.0,0.0,0.017452027537375982,0.14327457328723114,1.0265407344167845,1.287588606248179,0.3181698641468847,1.9078780668944624,2.4587371504336644,1.7696451479945747,4.215879107494967,6.82606130875249,10.861106679446099,10.412798712179095,3.6759418012626672,4.536836436361536,4.245697693050845,3.6366004682567024,5.606298128763834,5.602863788604736,5.602863788604736,5.602863788604736
2022-02-02,0.0,0.0,0.0,0.0,0.0,0.0,0.12326792801373897,0.13726556435765983,0.01040625973744445,0.12927623637627678,0.059968744558038314,0.050113442635442616,0.11314064155000537,0.48457986820005444,0.2771193048838873,0.46591941954286675,0.0,0.0,0.0,0.0,0.0,0.0,0.0,0.0
2022-02-03,0.0,0.0,0.05076184933319754,0.7354291218609502,1.7369634165706604,1.8398214210860173,1.9513294269654837,2.044895066270027,3.8253793211073863,2.914556093424348,2.8861211886429268,2.5166773222284244,2.173073187114706,0.9698332321650532,0.0,0.0,0.0,0.0,0.0,0.0,0.0,0.0,0.0,0.0
2022-02-04,0.0,0.0,0.0,0.0,0.0,0.0,0.0,0.0,0.0,0.0,0.0,0.0,0.0,0.0,0.0,0.0,0.0,0.0,0.0,0.0,0.0,0.0,0.0,0.0
2022-02-05,0.0,0.0,0.0,0.0,0.0,0.0,0.0,0.00879348573615273,0.0474308179542626,0.07716381663598651,0.09437736222898416,0.22048268633452797,0.20096797308505523,0.03483423756507757,0.0,0.0,0.0,0.0,0.0,0.0,0.0,0.0,0.0,0.0
2022-02-06,0.0,0.0,0.0,0.0,0.0,0.0,0.0,0.0,0.0,0.0,0.0,0.0,0.0,0.0,0.0,0.0,0.0,0.0,0.0,0.0,0.0,0.0,0.0,0.0
2022-02-07,0.0,0.0,0.0,0.0,0.0,0.0,0.0,0.0,0.0,0.0,0.0,0.0,0.0,0.0,0.0,0.0,0.0,0.0,0.0,0.0,0.0,0.0,0.0,0.0
2022-02-08,0.0,0.0,0.044922512471793165,0.5020638047441293,1.6781020145181909,2.098300117878108,1.7355979273347848,1.5730375979080726,2.9639850095208304,2.141803270393601,2.3180173995542335,3.2298055122283027,2.844661627243635,0.9473959965408351,0.0,0.0,0.0,0.0,0.0,0.0,0.0,0.0,0.0,0.0
2022-02-09,0.8047271616318645,1.8220176904908216,1.7227173976098775,1.0858322247294399,0.9864550514349024,1.34298281167732,2.517955349305467,3.0026529038915903,1.8848931127029025,3.2742527747747934,3.0344782439163263,3.265871515361411,3.7402996871452436,5.419018719456319,5.562006848065303,7.3059674168326785,3.848491999231668,4.999130271825777,4.72201582524165,4.027757281037771,6.154926617940267,6.182396411895752,6.182396411895752,6.182396411895752
2022-02-10,0.0,0.0,0.0,0.0,0.0,0.0,0.0515976778041607,0.008781346750546645,0.025151597006948658,0.03272099260406345,0.05609045059402502,0.0,0.011381092072633048,0.07160418677892894,0.0,0.2871463652803799,0.0,0.0,0.0,0.0,0.0,0.0,0.0,0.0
2022-02-11,0.0,0.0,0.0,0.0,0.01767986255529639,0.018379102590643907,0.12283402668392131,0.16106852402828298,0.09150709295265963,0.27188582329876854,0.2393013275737595,2.6275113500924467,2.8210156273228697,2.8158226306683707,4.9903687845738585,4.837711892884973,18.42953125674083,13.46284831458842,18.34436125031317,23.86385313234373,0.0,0.0,0.0,0.0
2022-02-12,4.378866631221147,4.9264451521615635,4.69212606210307,3.81956897971621,3.621739417406076,3.7776219475881474,5.210333417891995,5.579549239013326,5.252205342856588,5.842619424402366,5.588803901943121,6.091861032522929,6.365627675055908,7.098820051529087,6.598780202266513,8.167376308702332,5.393531951751095,7.072796487607031,7.759020524499306,7.123551893451987,7.202316443125406,7.247014045715332,7.247014045715332,7.247014045715332
2022-02-13,0.0,0.0,0.0,0.0,0.0,0.0,0.0,0.0,0.0,0.0,0.0,0.0,0.0,0.0,0.0,0.0,0.0,0.0,0.0,0.0,0.0,0.0,0.0,0.0
2022-02-14,0.0,0.0,0.0,0.0,0.0,0.0,0.0,0.0,0.0,0.0,0.0,0.0,0.0,0.0,0.0,0.0,0.0,0.0,0.0,0.0,0.0,0.0,0.0,0.0
2022-02-15,0.0,0.0,0.0,0.0,0.0,0.0,0.0,0.0,0.0,0.0,0.0,0.0,0.0,0.0,0.0,0.0,0.0,0.0,0.0,0.0,0.0,0.0,0.0,0.0
2022-02-16,0.0,0.0,0.03778713648359591,1.5243020725633174,2.752033032208507,3.0496617237150514,2.202526460668009,3.558025899885527,5.393759227440787,4.042313788973686,3.285767899426442,5.4622388243519255,4.6731362279318525,3.2875144838817736,0.7332211012553833,0.49465663748313904,0.703184616517829,0.0,0.0,0.0,0.0,0.0,0.0,0.0
2022-02-17,0.0,0.3009594402406424,0.7927221246049051,0.7867441225234643,0.7757172405769692,0.7126353270443969,0.8265628067707418,0.5638436116726999,1.2768638339577358,0.7864490927790408,0.7168114164002705,0.0,0.0,0.0,0.0,0.0,0.0,0.0,0.0,0.0,0.0,0.0,0.0,0.0
2022-02-18,0.0,0.0,0.0,0.0,0.0,0.0,0.0,0.0,0.0,0.0,0.0,0.0,0.0,0.0,0.0,0.0,0.0,0.0,0.0,0.0,0.0,0.0,0.0,0.0
2022-02-19,0.0,0.0,0.0,0.0,0.0,0.0,0.0006760338364673395,0.0,0.0,0.0,0.10507776190298031,0.0,0.0,0.0,0.0,0.0,0.0,0.0,0.0,0.0,0.0,0.0,0.0,0.0
2022-02-20,6.201164253396924,6.565103216978936,5.665614425737247,3.3712226854099105,2.5790185173008577,2.670460839848199,4.541699117984121,4.055223828308789,1.4754470651812457,3.880870358114202,4.334347340879467,3.4421931584616696,4.366402329547282,6.489306379631037,8.232378685291865,10.923890171165285,5.12280170256833,7.773393429784334,7.212131560160855,6.096202702282771,10.202966690063477,10.251742362976074,10.251742362976074,10.251742362976074
2022-02-21,0.0,0.0,0.0,0.0,0.0,0.0,0.07678868526978157,0.17907871237121903,0.0749304873215409,0.35462626565942557,0.32601646613096336,0.8712079572686531,1.106150228855396,1.2184208821151414,1.5985153710837454,1.8542211234289,0.672715764639368,2.2130502742386406,2.791749527317068,2.7749279078827604,4.929218610127767,4.9587483406066895,4.9587483406066895,4.9587483406066895
2022-02-22,0.0,0.0,0.0,0.0,0.0,0.0,0.0,0.0,0.0,0.0,0.0,0.014754137918868458,0.012799110424695937,0.0,0.0,0.0,0.0,0.0,0.0,0.0,0.0,0.0,0.0,0.0
2022-02-23,1.556734656975939,1.3390559194142344,0.9284426283057589,0.6580803608411332,0.36145960019640805,0.1968394844544163,0.3614905799334632,0.40031542567663375,0.02853040223638496,0.41264552392603593,0.3923459122434913,0.24064025075411727,0.6440955568330539,1.507747755987447,1.925014255184448,3.4100016164228766,0.0,0.0,0.0,0.0,0.0,0.0,0.0,0.0
2022-02-24,0.0,0.0,0.0,0.0,0.0,0.0,0.0,0.0,0.0,0.0,0.0,0.0,0.0,0.0,0.0,0.0,0.0,0.0,0.0,0.0,0.0,0.0,0.0,0.0
2022-02-25,0.0,0.0,0.0,0.0,0.0,0.0,0.0,0.0,0.0,0.0,0.0,0.0,0.0,0.0,0.0,0.0,0.0,0.0,0.0,0.0,0.0,0.0,0.0,0.0
2022-02-26,0.0,0.0,0.0,0.0,0.0,0.0,0.023267038414295727,0.09769183621708163,0.005880847017731067,0.1639920971436531,0.14109488061429146,0.12072108483815218,0.34917794133453495,0.8310645125500602,1.1137664467856894,2.1131652957310676,0.0,0.0,0.0,0.0,0.0,0.0,0.0,0.0
2022-02-27,0.0,0.0,0.0,0.0,0.0,0.0,0.0,0.0,0.0,0.0,0.0,0.0,0.0,0.0,0.0,0.0,0.0,0.0,0.0,0.0,0.0,0.0,0.0,0.0
