,0,1,2,3,4,5,6,7,8,9,10,11
2021-01-01,0.0,0.0,0.0,0.0,0.0,0.0,0.001751840835180373,0.010561197006600532,0.07905956233573584,0.3127647820890369,0.4866358162853463,0.5267037677537459
2021-01-02,0.0,0.0,0.0,0.0,0.0,0.0,0.0011994349728790942,0.008702657603034599,0.08208642860498723,0.32145314435608013,0.5621799172725476,0.5434579145327226
2021-01-03,0.0,0.0,0.0,0.0,0.0,0.0,0.0003956426541513562,0.008999909335796386,0.07634746871346579,0.3123003436587929,0.5622232665048634,0.45634040160881506
2021-01-04,0.0,0.0,0.0,0.0,0.0,0.0,0.0008303809585076824,0.011604208274022976,0.06507715721947276,0.29502821511352706,0.4679859866454464,0.43570793887026266
2021-01-05,0.0,0.0,0.0,0.0,0.0,0.0019362896712768738,0.009119670088981707,0.0155224942340716,0.03237190678371527,0.13008036317326746,0.18392826903315002,0.14131020435412653
2021-01-06,0.0,0.0,0.0,0.0,0.0,0.0,0.0013796443835198753,0.008460879751871483,0.043405781719592335,0.24757254573443677,0.3809317867216094,0.3758609431616588
2021-01-07,0.0,0.0,0.0,0.0,0.0,0.0,0.0005445999899426757,0.010264769693925362,0.030785011826047443,0.19270724546329232,0.3290692298672805,0.5177770736340708
2021-01-08,0.0,0.0,0.0,0.0,0.0,0.0,0.0026961986593653144,0.008187274790544779,0.041943754114896224,0.19915390377169326,0.37971628433184823,0.5722743635921426
2021-01-09,0.0,0.0,0.0,0.0,0.0,0.0,0.0007765510725872961,0.008294185881975023,0.03364389473120446,0.19827767692437714,0.40367116564563765,0.5834225276614627
2021-01-10,0.0,0.0,0.0,0.0,0.0,0.0,0.001389740016611041,0.0044127666616395195,0.021526013801589604,0.15434704063340138,0.35583074991786084,0.41981698963281716
2021-01-11,0.0,0.0,0.0,0.0,0.0,0.0,0.0006096164667829338,0.007539377305446153,0.02596108768527251,0.1619056632639988,0.339896999872232,0.5799325059845644
2021-01-12,0.0,0.0,0.0,0.0,0.0,0.00018626310676167512,0.002595976875347027,0.006621135895995705,0.010102054413361651,0.06922732403991745,0.196500000251101,0.36652152489738565
2021-01-13,0.0,0.0,0.0,0.0,0.0,0.0,0.0002529018846305134,0.005509500556898699,0.019487797806707192,0.12514865655738555,0.2963514092641774,0.43094098372927847
2021-01-14,0.0,0.0,0.0,0.0,0.0,0.0,0.0003317256159234966,0.004425469165605691,0.010685238074640729,0.08046390134719447,0.24761528995732918,0.38565593919089464
2021-01-15,0.0,0.0,0.0,0.0,0.0,0.0,0.00022044514350737799,0.0032679797510643885,0.010218194693441807,0.09472195001201786,0.2684271083316399,0.3636582294577842
2021-01-16,0.0,0.0,0.0,0.0,0.0,0.0,0.001082118576974117,0.005045575707516103,0.01031761091780427,0.08629689474561117,0.258111966348326,0.36292560090517156
2021-01-17,0.0,0.0,0.0,0.0,0.0,0.0,0.00016591687734143027,0.0030440224260265113,0.008167394608029522,0.08000098160044498,0.22668674982700454,0.38772649526330527
2021-01-18,0.0,0.0,0.0,0.0,0.0,0.0,0.0007804258226541338,0.004474075512403691,0.011524121402161103,0.07912939742517754,0.24254057702600612,0.35211196780609816
2021-01-19,0.0,0.0,0.0,0.0,0.0,0.0,0.00026050066392889655,0.0022440823908197703,0.00499451145266944,0.05742780334685352,0.21308838850970901,0.30938739092015244
2021-01-20,0.0,0.0,0.0,0.0,0.0,0.0,0.00030229261321522937,0.004396135406601629,0.010981346151439223,0.07219875375344038,0.20042200347136335,0.26952897765508255
2021-01-21,0.0,0.0,0.0,0.0,0.0,0.0,0.00015493975215194702,0.002288078665618004,0.005532955230643949,0.03785259012517809,0.09475413504095304,0.28068640970019443
2021-01-22,0.0,0.0,0.0,0.0,0.0,0.0,0.00020352100159732407,0.0026051998968796442,0.005793407309832111,0.04792864257253497,0.1558591219507743,0.31968740404250373
2021-01-23,0.0,0.0,0.0,0.0,0.0,0.0,0.0001547016108226647,0.0033146449641965328,0.0059518174401415585,0.036701659181190775,0.11154714968944078,0.27598912489351024
2021-01-24,0.0,0.0,0.0,0.0,0.0,0.0,6.063595165113358e-06,0.0004476024743106393,0.003736482966130342,0.030323867488070935,0.08093169014782353,0.2531804122502117
2021-01-25,0.0,0.0,0.0,0.0,0.0,0.0,0.0009526460885009121,0.0009522437670745703,0.0027840685600530636,0.0133658402974156,0.016671066005183973,0.0002245330367444131
2021-01-26,0.0,0.0,0.0,0.0,0.0,0.0,0.00013381555252441578,0.0013591386306040436,0.0038643306363844846,0.022644581739854994,0.07009764892512875,0.31317117373904785
2021-01-27,0.0,0.0,0.0,0.0,0.0,0.0,0.0002019351497682406,0.0019614699986382866,0.005357843813963969,0.023050958378816586,0.08273891314115098,0.28716898830602544
2021-01-28,0.0,0.0,0.0,0.0,0.0,0.0,0.0002019351497682406,0.0019614699986382866,0.005357843813963969,0.023050958378816586,0.08273891314115098,0.28716898830602544
2021-01-29,0.0,0.0,0.0,0.0,0.0,0.0,0.00013381555252441578,0.0013591386306040436,0.0038643306363844846,0.022644581739854994,0.07009764892512875,0.31317117373904785
2021-01-30,0.0,0.0,0.0,0.0,0.0,0.0,0.0005037771884025804,0.0024839794835516153,0.005357843813963969,0.023050958378816586,0.08273891314115098,0.28716898830602544
2021-01-31,0.0,0.0,0.0,0.006547144934352281,0.012194648099523855,0.010122197780722205,0.024156489533097996,0.0885385346002758,0.07654144412214926,0.048330605708921955,0.08273891314115098,0.28716898830602544
2021-02-01,0.0,0.0,0.0,0.006547144934352281,0.012194648099523855,0.010219453996796843,0.03273497198769508,0.19030093169902237,0.5555922740909822,0.5294649924362455,0.15792273726230546,0.2883429357265348
2021-02-02,0.0,0.0,0.0,0.0,0.0,0.0,0.008834361520286856,0.1513737021734861,0.6813622172907543,0.6714802817655514,0.38336661885541173,0.3311581204828096
2021-02-03,0.0,0.0,0.0,0.0,0.0,0.00010760949156504134,0.0012142266325748884,0.024132133780785152,0.6001864334512458,1.0414990690689951,1.0519259873603817,1.0381078613358985
2021-02-04,0.0,0.0,0.0,0.0,0.0,0.0,0.0003399246533915097,0.01176582456437826,0.25608473762423106,0.7576855334441923,1.003925064278326,1.08413368575399
2021-02-05,0.0,0.0,0.0,0.0,0.0,0.0,5.932925845454072e-05,0.0017013492910474552,0.016433708198966442,0.417722655483291,1.0476476804960562,1.0691300895845335
2021-02-06,0.0,0.0,0.0008887145712745406,0.0014957424096930796,0.0011168092898953428,0.0009124499555814892,0.0032208380439248787,0.005846725628880956,0.007627889380947041,0.10828337447199225,0.5837545483808687,0.6913369850756517
2021-02-07,0.0,0.0,0.0,0.0,0.0,0.0,0.0001060465325198745,0.0007294390104443783,0.004101786757150831,0.04235793683410561,0.4024944763864832,0.7492116371263885
2021-02-08,0.0,0.0,0.0,0.0,0.0,0.0,0.00012020926224453592,0.003559917740658897,0.004510993678956046,0.014700999539673668,0.1592625024759564,0.28114760659480553
2021-02-09,0.0,0.0,0.0,0.0,0.0,0.0,6.270532609225951e-05,0.0008759644305135739,0.0020031951456663914,0.01624524088567956,0.09747133487995377,0.3097600107967177
2021-02-10,0.0,0.0,0.0,0.0,0.0,0.0,5.727654224189038e-06,0.000830390431182174,0.0030518681068554716,0.011116239844348414,0.08571871730465254,0.351844032198753
2021-02-11,0.0,0.0,0.0,0.0,0.0,0.0,7.518451105469932e-05,0.0009038902352825391,0.0018672526942494824,0.01190258246663804,0.049695217250534746,0.2723281030452001
2021-02-12,0.0,0.0,0.0,0.0,0.0,5.1229633529675884e-05,0.0008758349285118447,0.0010766181251039078,0.002128188220376265,0.008720570332605548,0.03986822924976508,0.242532780239379
2021-02-13,0.0,0.0,0.0006791592804288704,0.0008763173669771284,0.0014794138650741726,0.0009227306156307815,0.003342358394373403,0.0015458618859617286,0.003996767478688084,0.007183841687665178,0.020777044270983754,0.1104409860660526
2021-02-14,0.0,0.0,0.0,0.0,0.0,0.0,0.00014656474712173258,0.0010295283463462304,0.003934902210059004,0.009715823565966468,0.03655096805721213,0.1104409860660526
2021-02-15,0.0,0.0,0.0,0.0013264958971482394,0.0003711759204019354,1.0463381410627524e-05,0.0009608365531837857,0.0044669002902608355,0.005654712661944578,0.007220645169311131,0.023767586813820383,0.20124550810422123
2021-02-16,0.0,0.0,0.0,0.0,0.0,0.0,7.074149910281618e-05,0.0004184250055701751,0.001900580271459378,0.005613467527871487,0.020438646390524236,0.1473245438675321
2021-02-17,0.0,0.0,0.0,0.0,0.0,0.0,0.0001367242191072604,0.0008105101689672889,0.003145432097436692,0.0042713715485582365,0.003930403987853431,0.11632218958110788
2021-02-18,0.0,0.0,0.0,0.0,0.0,0.0,0.0,0.0,0.0010540193222220587,0.0013664334516465036,0.01211268075838128,0.19566673502566098
2021-02-19,0.0,0.0,0.0,0.0,0.0,0.0,0.00011262206594201871,0.0008146766832147558,0.001192775131068208,0.0031651934118472206,0.006116287038110555,0.009976850315948242
2021-02-20,0.0,0.0,0.0,0.0,0.0,0.0,0.0,0.0,0.0,0.0009408977136996065,0.006797538336033382,0.1398983682683756
2021-02-21,0.0,0.0,0.0,0.0,0.0,0.0,8.294386461572302e-05,0.0004186604968621569,0.0014106322237812162,0.0020090311128990136,0.0024951929332348802,0.008706699905671859
2021-02-22,0.0,0.0,0.0,0.0,0.0,0.0,6.270532609225951e-05,0.0004445723698492374,0.0006135201359864669,0.0008221925982540982,0.0019875927197529285,0.11079443355024238
2021-02-23,0.0,0.0,0.0,0.0,0.0,0.0,6.270532609225951e-05,0.0004437332106636235,0.0016951862837198915,0.0008098669290608753,0.0004322005952769369,0.14186521028026813
2021-02-24,0.0,0.0,0.0,0.0,0.0,0.0,0.0,0.0,0.0012300917425149152,0.00032779085294220857,0.0019875927197529285,0.11355831156567513
2021-02-25,0.0,0.0,0.0,0.0,0.0,0.0,0.00013010354394577269,0.0006690465732856339,0.0020796935402361315,0.0015255815268354121,0.0038854777195103203,0.0073526780102900514
2021-02-26,0.0,0.0,0.0,0.0,0.0,0.0,0.0,0.0002947460300448246,0.0014364652270622785,1.925497866586593e-05,0.002167472090800127,0.12496727111159597
2021-02-27,0.0,0.0,0.0,0.0,0.0,0.0,0.0,0.0,0.0,0.0,0.0019875927197529285,0.11079443355024238
2021-02-28,0.0,0.0,0.0,0.0,0.0,0.0,0.0,2.861958385138988e-05,0.0002353161284087869,0.0,0.0018499479076503455,0.11984432719196678
2021-03-01,0.0,0.0,0.0,0.0,0.0,0.00010288373920821495,0.0012150608762027603,0.0007062839613579525,0.0010354541804833968,0.0010143481043696156,0.0,0.0
2021-03-02,0.0,0.0,0.0,0.0,0.0,0.0,7.074149910281618e-05,0.0004159072377340434,0.00169962673339917,0.00026825662039112424,0.00034635644283314665,0.11417113168218586
2021-03-03,0.0,0.0,0.0,0.0,0.0,0.0,7.113656153513189e-05,0.0007321509048306559,0.0016087577151976107,0.0018724693520269936,0.0,0.006471890669746119
2021-03-04,0.0,0.0,0.0,0.0,0.0,0.0,0.00014187806063794804,0.0006383935563499314,0.0011132985982518382,4.843413797170842e-05,0.00021221993254814895,0.10371138192041054
2021-03-05,0.0,0.0,0.0,0.0,0.0,0.0,6.52329099948363e-05,0.0002147971922837025,0.0011142815665500466,0.0007869643976466301,0.0,0.0055505979979352015
2021-03-06,0.0,0.0,0.0,0.0,0.0,0.0,0.00013010354394577269,0.0005684043894547351,0.00034955808929132263,0.0007330870327306972,0.00021221993254814895,0.10048685756907234
2021-03-07,0.0,0.0,0.0,0.0,0.0,0.0,0.00037250854564240264,0.00022249020233869673,0.001009879867626972,2.181385007560759e-05,0.0017542555077324723,0.008162302232762684
2021-03-08,0.0,0.0,0.0,0.0,0.0,0.0,0.0,0.0,0.0,0.0,0.0,0.0
2021-03-09,0.0,0.0,0.0,0.0,0.0,0.0,0.0001183290272535973,0.0005455827383592117,0.0016856941572536994,4.487039359975217e-05,0.0,0.008314476013367957
2021-03-10,0.0,0.0,0.0016098419207130452,0.005011509714898724,0.00695146821476334,0.0009414250959464379,0.0,1.6869323297765438e-05,0.000138703059692237,6.317419371429355e-05,0.00021221993254814895,0.10140815024088325
2021-03-11,0.0,0.0,0.0,0.0,0.0,0.0,0.0,1.6869323297765438e-05,0.0017735859948862624,0.000473559181255755,0.0,0.007853829677462497
2021-03-12,0.0,0.0,0.0,0.0,0.0,0.0,0.0,0.0,0.00046058805402606786,0.00021149270565597197,0.004200050196750294,0.0
2021-03-13,0.0,0.0,0.0,0.0,0.0,0.0,4.047949519567435e-06,0.00029780537901104927,0.0002732162726490148,4.036009124402335e-05,0.0,0.0
2021-03-14,0.0,0.0,0.0,0.0,0.0,0.0,0.00015749015189122457,0.002660265370414299,0.0069318749080764935,0.003947135681276183,0.0,0.0
2021-03-15,0.0,0.0,0.0,0.0,0.0,0.0,0.00019396937922369463,0.0032375284253361343,0.014456421739446055,0.010449824703763958,0.0,0.0
2021-03-16,0.0,0.0,0.0008596815665077903,0.007217815399789712,0.026094167581899613,0.011436743302190081,0.017735692596683842,0.014313172169323578,0.022749214383479634,0.02196312759494664,0.009702837464656217,0.0
2021-03-17,0.0,0.0,0.0,0.0,0.0,0.0,0.0,0.0,0.0017300414278567406,0.0005431255467840369,0.0,0.006471890669746119
2021-03-18,0.0,0.0,0.0,0.0,0.0,0.0,0.00037250854564240264,0.0003180664360829713,0.0024928224516882957,0.001411022229593889,0.0,0.006471890669746119
2021-03-19,0.0,0.0,0.0,0.0007340677215744133,0.0008457643410486417,0.0017710528378221708,0.0005350454905799907,0.009158531109131993,0.029618058456686948,0.007881961359095139,0.00027557177096507174,0.1318661068543983
2021-03-20,0.0,0.0,0.0,0.0,0.0,0.0,0.00022868356794366752,0.0013946005574629748,0.0016896864418129347,0.00011037429521729356,0.00027557177096507174,0.1318661068543983
2021-03-21,0.0,0.0,0.0,0.0,0.00039603638794435486,0.0006053514835064503,0.004095944275024278,0.005960351743743132,0.01999379448060156,0.013694054979360234,0.014745467716217623,0.17836511230160243
2021-03-22,0.0,0.0,0.0,0.0,0.0,0.0,0.0003238675167863389,0.0013327969434539704,0.000859278069457206,0.0006640830234265603,0.0,0.0
2021-03-23,0.0,0.0,0.0,3.0078463686399158e-05,0.0004853646366175273,0.0006563150913295766,0.0003070027090724445,0.00021872481489217466,0.0021993789109743403,0.0020489921340871024,0.0,0.004629305326124284
2021-03-24,0.0,0.0,6.97399876632922e-05,0.0006898206532784888,0.0012882811268053653,0.0017157813318093688,0.0016185967578611156,0.000731778864581358,0.0008369569601396677,0.0005253003924780482,0.0,0.0
2021-03-25,0.0,0.0,0.0,3.0078463686399158e-05,0.000840035263295682,0.0021209749436040927,0.002807146115657731,0.0014667083706176671,0.0040807335282281336,0.038338111940419334,0.08848906248167872,0.4567807509512763
2021-03-26,0.0,0.0,0.0,0.0,0.0,0.0005676957328805448,0.0025745345696282698,0.0016237278577606437,0.004090905523143302,0.038338111940419334,0.08848906248167872,0.4567807509512763
2021-03-27,0.0,0.0,0.0,0.0,0.0,0.0,0.000460289011839684,0.0008218381877315993,0.0023006847187598827,0.0006857621227318073,0.0,0.006471890669746119
2021-03-28,0.0,0.0,0.0,0.0,0.0,0.0,4.047949519567435e-06,0.00029780537901104927,0.000283781860557398,0.00022655167952188407,0.0,0.0
2021-03-29,0.0,0.0,0.0,0.0,1.4001137999067443e-05,0.00039180562087112405,0.0010589030904473301,0.0013065401903795946,0.0021196710482467673,0.000570691280979352,0.0,0.0
2021-03-30,0.0,0.0,0.0,0.0,0.0,0.00019623842592130896,0.0005208911113899994,0.001634995089153577,0.002644836265390328,0.0012754464402808514,0.0,0.0
2021-03-31,0.0,0.0,0.0,0.0,0.0,0.0,0.00040983245005687046,0.0022017659557333783,0.00254625218244644,0.0007957262677671915,0.0,0.0
2021-04-01,0.0,0.0,0.0,0.0001304014488255066,0.0005066787192081466,0.0011719971200051412,0.0014154073194594641,0.0029675806562453537,0.0022025785076249093,0.00015078535781507232,0.0,0.0
2021-04-02,0.0,0.0029130427561489783,0.0069622017257033935,0.005426886424753754,0.0060503695804066835,0.012965827495315189,0.02073244195907819,0.013084447535639566,0.008293020563975613,0.004422015373522987,0.0,0.0055505979979352015
2021-04-03,0.0,0.0,0.0,0.0,0.001155738383179654,0.0014880727166191531,0.00215339937369392,0.0024525904171886696,0.0009379701463327574,6.0457091410800405e-05,0.0,0.0055505979979352015
2021-04-04,0.0,0.0,0.0,0.0,0.0038445707205177616,0.0064411952833232,0.006689834777877085,0.003969464324479293,0.002320183462224573,0.0012218307336234711,0.0,0.005089951662029743
2021-04-05,0.0,0.0,0.001294389795688304,0.0028011370889821554,0.0017321951278027393,0.0016463193614600644,0.0020318880214622156,0.0015091114740201825,0.0025174545233074687,0.0011010664421340606,0.0,0.006932537005651579
2021-04-06,0.0,0.0,0.0006907093180907703,0.002891984223150642,0.004093047781093964,0.003499464324841724,0.005440303844395436,0.003833965264265377,0.0032167045737109975,0.00045888749092473554,0.0,0.0
2021-04-07,0.0,0.0,0.00324612095630995,0.00414895185775074,0.002468670587380583,0.0039586693040506256,0.0069267893582317785,0.0053108014170987735,0.00400807065989611,0.001242860801833155,0.0,0.0055505979979352015
2021-04-08,0.0,0.0,0.0018051274214537678,0.0032125055685426167,0.003897709639078341,0.004258341714252827,0.006768360825439056,0.005814313163710976,0.0030427604337013516,0.0003402906839222116,0.0,0.0
2021-04-09,0.0,0.0,0.0018051274214537678,0.0032125055685426167,0.003897709639078341,0.004258341714252827,0.00610810137339487,0.004869371216218527,0.0030427604337013516,0.0003402906839222116,0.0,0.0
2021-04-10,0.0,0.0,0.0,0.0007417327532725069,0.0022216479285029006,0.003113932844257187,0.00451675607018573,0.00469778512482667,0.005959964885148674,0.0020513604578927375,3.111614178326334e-06,0.0
2021-04-11,0.0,0.0,0.0,6.925184374010342e-05,0.0016242269454925372,0.002500023169916165,0.00360577653528313,0.004875015797238715,0.002751778526161145,7.196084058827938e-05,0.0,0.0
2021-04-12,0.0,0.0,0.0,0.0004814749810668797,0.0028373491503760374,0.0032351780566341262,0.0030039129801717754,0.0022516645666650864,0.0035876712237245547,0.0009230349612349595,0.0,0.0055505979979352015
2021-04-13,0.0,0.0,0.0,5.5432760815339806e-05,0.0019779967362993037,0.0029202232917601447,0.003778441619770144,0.002213193968374393,0.001330586501964849,5.339505968997789e-05,0.0,0.0
2021-04-14,0.0,0.0,0.0005298315019067965,0.0008612957075949952,0.0023346072475050857,0.0037801843416305136,0.005454100759249809,0.002096249449969331,0.0013379139952123206,6.753229553636051e-05,0.0,0.0
2021-04-15,0.0,0.0,3.5522402494278447e-06,0.001877267685999593,0.004095800882406063,0.0035838403349819697,0.003376879869813272,0.0018268599304182777,0.0018063081399524652,2.565215719022007e-05,0.0,0.006011244333840662
2021-04-16,0.0,0.0,0.002595640010585653,0.005942280018295679,0.005080089795836265,0.006366647767079513,0.008516496583855294,0.004861049346192217,0.0034708281290450633,0.0017884444513672642,0.0,0.0
2021-04-17,0.0,0.0,0.006841044788204349,0.010647708024810243,0.007618870396525085,0.006998880626492349,0.004149941391167424,0.0035954107541830297,0.003982398084634863,0.0018197619296136845,0.0,0.006932537005651579
2021-04-18,0.0,0.0,0.006841044788204349,0.012499771870477818,0.010313023493840303,0.012564169644598833,0.01399262474309553,0.011584525197918668,0.008720028531204238,0.003000769519252186,0.0,0.006932537005651579
2021-04-19,0.0,0.0,0.000387527455519421,0.0035650988646176948,0.0054500586577832305,0.005335361930201091,0.0035251457351668167,0.0034506935808507346,0.0028947123306184617,9.136802414381654e-05,0.0,0.006932537005651579
2021-04-20,0.0,0.0,3.5522402494278447e-06,0.0036924239030819285,0.006078481907398515,0.005982066401236766,0.006079134567585836,0.0038166807958335087,0.002534223489915609,0.0005419988900205295,0.0,0.0
2021-04-21,0.0,0.0,0.000387527455519421,0.003415648817354766,0.005834821409539772,0.005094289765562468,0.006743505268696736,0.006696751040067411,0.006582119789314976,0.00853936040897597,0.03127005166300923,0.15212901398660272
2021-04-22,0.0,0.0,0.000387527455519421,0.0023449419219430693,0.0036203255935387093,0.004008515525733863,0.004500241646764923,0.004353713175460814,0.0028354347253399833,0.008104778364108747,0.0312658536773515,0.15212901398660272
2021-04-23,0.0,0.0,0.001642511073098583,0.003949611826427535,0.005088177553977649,0.005749491161019651,0.007379698142703303,0.0061899463499433885,0.004901765802406957,0.0031390332594999847,0.0,0.007853829677462497
2021-04-24,0.0,0.0,0.0018611293631131149,0.0038687543225856603,0.005016857038653475,0.005388017325916552,0.005397819307181995,0.0036724807168349908,0.0035167022855986016,0.0013215499328560378,0.0,0.006471890669746119
2021-04-25,0.0,3.540187598417045e-05,0.002861804036009531,0.011084548281981755,0.011721613739554531,0.010608999988034856,0.012577411329255888,0.007301364000117271,0.0029503223460477924,4.855187961315081e-05,0.0,0.0
2021-04-26,0.0,0.0,0.002549716193784042,0.004994016671416966,0.005458138269036062,0.007471575846647747,0.009017241839233909,0.004960896983831839,0.0021004857307383024,6.525940918409028e-05,0.0015954934161575816,0.007213092448617193
2021-04-27,0.0,0.0,0.007846801072065764,0.010792644273057664,0.00826080927605661,0.010449897437674289,0.01238120695137915,0.008102932985968403,0.004363556637013383,0.0007484401570816929,0.0,0.007393183341557037
2021-04-28,0.0,0.0,0.0013302374874985278,0.0033599530925607878,0.0015986740576944148,0.004198440731886369,0.005521019918709125,0.002757223013635306,0.003276460009056838,0.0010277310349307439,0.0,0.006932537005651579
2021-04-29,0.0,0.0,0.001106465136940387,0.00289329615322275,0.0031114449554569823,0.003929835311807643,0.004574264247985894,0.0045088308749469275,0.004597188026852894,0.0015364955670216598,0.0,0.004629305326124284
2021-04-30,0.0,0.0,0.0025167096542650673,0.005628697902867287,0.004673826408075448,0.005039967059501652,0.008347745579277106,0.006025869717619669,0.004770401152557022,0.0015364955670216598,0.0,0.004629305326124284
2021-05-01,0.0,0.0,0.0016011152530571822,0.0036377105529709387,0.0019244311452851067,0.004566502488644153,0.006630219561988274,0.002782882198452098,0.002959529985660652,0.0006039713709440373,0.0,0.006932537005651579
2021-05-02,0.0,0.0,0.0019889641311439917,0.004883944677179112,0.002677632304321652,0.004448983001245951,0.005886138340024296,0.0043241448214463105,0.004679112798744439,0.0015364955670216598,0.0,0.004629305326124284
2021-05-03,0.12422135048229997,0.03552640759181105,0.046153739110682886,0.06711980165382331,0.06844164729376298,0.0844713114575888,0.11197876858714453,0.07653987317510395,0.02010859793938765,0.0015364955670216598,0.0,0.004629305326124284
2021-05-04,0.12422135048229997,0.03552640759181105,0.046153739110682886,0.06711980165382331,0.06844164729376298,0.08515699299047569,0.1356083073884962,0.382180178663519,0.23934098534652365,0.07900182543384579,0.003488456664152341,0.004629305326124284
2021-05-05,0.0,0.0,0.005483611354711632,0.016957590767036894,0.014096725772020627,0.017213045946901734,0.05205534585731319,0.41223154059475364,0.7201751402768293,0.8000262329745522,0.784924524257387,0.7699148037774616
2021-05-06,0.0,0.0,0.0038344163112020596,0.010882945429579429,0.011737736379113038,0.013214997872639802,0.03231343891008225,0.2097391865353466,0.6125264676607677,0.7758201232353239,0.7845669095426362,0.7699148037774616
2021-05-07,0.008253138493420797,0.0015583210612834608,0.013283004717491637,0.024036606543353527,0.030105432950419852,0.050512939030986394,0.08115172421447896,0.22753133109528925,0.5850727066319046,0.766819058582242,0.7845669095426362,0.7699148037774616
2021-05-08,0.008253138493420797,0.0016503717910388855,0.010742414593169188,0.031295603841955524,0.0362029086454598,0.051356854182360794,0.063532246576794,0.09812482684322903,0.32393657352482214,0.44524284152393384,0.25483687034226626,0.004629305326124284
2021-05-09,0.0,9.20507297554247e-05,0.01051307240157732,0.027641977237271808,0.023282859071297637,0.02416387018789094,0.03447318684502046,0.07036331885916133,0.3669937988158542,0.6179533256568961,0.7229230732876814,0.6470377893379082
2021-05-10,0.0,0.0,0.003947983103859092,0.017649090241667168,0.019743486760387872,0.019309514074614804,0.024827625290008377,0.04720880544063244,0.31447735403038846,0.5787647239686747,0.7137108019903416,0.6409146608082285
2021-05-11,0.0,0.0,0.0036615202240323683,0.03193349089886499,0.026162276882924843,0.022422072922264613,0.03848095575126521,0.05394225902475586,0.26133227997853253,0.49962133651213503,0.6487915181807508,0.5621305936157865
2021-05-12,0.0,0.0,0.0025290446549097925,0.018745352272407253,0.01993127102697627,0.018296193237166535,0.024142481685462455,0.038482480388593546,0.22939667174903425,0.4768748903224841,0.6074168513697542,0.5463142691857586
2021-05-13,0.046087054977516057,0.004062808888084913,0.004092520852623255,0.013678927962876168,0.018676897747983045,0.02125752043249214,0.027426327651312452,0.0467924321126404,0.22926974092999958,0.4031137743449487,0.5467846985566637,0.499666571032384
2021-05-14,0.046087054977516057,0.004062808888084913,0.0030759019362860025,0.030640124347679862,0.028848802418077392,0.02418744704802074,0.03777971847324132,0.059010436188432824,0.2547737816321888,0.4218099025525312,0.5808988425118453,0.48222769289174483
2021-05-15,0.018194543685095623,0.004927839300695904,0.016807510648486026,0.034482306681197075,0.03039336276744009,0.023496363096385975,0.024608570403643674,0.02005113445512415,0.09808822370955188,0.27145989160081907,0.4229700593815568,0.48687797127915977
2021-05-16,0.018194543685095623,0.004927839300695904,0.016807510648486026,0.034482306681197075,0.03039336276744009,0.023734336615208216,0.02432291693769848,0.0170116973720454,0.08938090189726194,0.2554277240811064,0.40959868214845285,0.48687797127915977
2021-05-17,0.018194543685095623,0.004927839300695904,0.015909169920720365,0.03301770610003473,0.029182890636913008,0.023717851022149756,0.024609248735655856,0.018225563332217035,0.06878825610229886,0.20076898862795356,0.3712210591423621,0.35507576316058365
2021-05-18,0.046087054977516057,0.004062808888084913,0.0017461352912783784,0.013781028964074982,0.013151277925007207,0.019293984168826616,0.024594730350228293,0.022093812944703643,0.08697371179358873,0.22423331218232173,0.46743907976606447,0.364194729337504
2021-05-19,0.018194543685095623,0.004927839300695904,0.016807510648486026,0.034482306681197075,0.03039336276744009,0.023426781870950056,0.022910816449756493,0.01627314043492393,0.08984664984855667,0.2568027868513426,0.40959868214845285,0.48687797127915977
2021-05-20,0.010629519212746264,0.01855643834050685,0.026442316530833388,0.07296011992131567,0.056792840811231655,0.03875471396603466,0.031293573177985534,0.018405492845830238,0.06878825610229886,0.20076898862795356,0.3712210591423621,0.35507576316058365
2021-05-21,2.869404347670421e-05,0.022767615136804198,0.04948077523370373,0.14109909416053198,0.13415207933432483,0.10408423907323697,0.0655173224772393,0.03091006085602239,0.07221067339275028,0.20076756956478475,0.3712210591423621,0.35507576316058365
2021-05-22,0.09897270522936762,0.022259869060481188,0.05284403242750004,0.13236541862882215,0.16846195060723443,0.16119009421748848,0.106881401622507,0.05234733733013613,0.07470851479812221,0.20076756956478475,0.3712210591423621,0.35507576316058365
2021-05-23,0.0,0.00490933350153485,0.019996751810976775,0.07740051474495976,0.15440680787687655,0.24155492103132764,0.23669260258971106,0.10830293369542657,0.07602175896639576,0.20076756956478475,0.3712210591423621,0.35507576316058365
2021-05-24,0.0,0.0013013094821144643,0.005060555930214206,0.050923828872772824,0.11041436979694942,0.2058685942500104,0.2507892763686794,0.13778384455249107,0.08016235988530343,0.20076756956478475,0.3712210591423621,0.35507576316058365
2021-05-25,0.0,0.010963492200653013,0.013484914613014234,0.06616624180984225,0.0969518668270515,0.1817001893915515,0.3097125589319897,0.26526472196464185,0.12290823298625338,0.20845300810509645,0.3712210591423621,0.35507576316058365
2021-05-26,0.0,2.9611106101228313e-06,0.006880364906911206,0.05591524532349607,0.0879367714677618,0.17142977399364243,0.30449323787234206,0.29633346644500935,0.1771428335044963,0.23831243095272917,0.3178055913786912,0.36175339046079336
2021-05-27,0.00992574976457564,0.0032197085779250177,0.007708896524702931,0.02081168322894356,0.024484444610792508,0.030803828800230387,0.0389730213498564,0.04883137264821963,0.09127502080390819,0.14536450389349112,0.18852548263451807,0.18298327169581208
2021-05-28,0.010096883381206255,0.0032752207947857937,0.007841808533749533,0.021170505353580518,0.02490634880859929,0.031328174027460715,0.039626713043984144,0.049650766311285836,0.09281218200659201,0.14786094893853444,0.19177592199028562,0.18613815569056746
2021-05-29,0.010274021686139698,0.0033326808087294044,0.007979384122060928,0.021541917728204737,0.025343302296469455,0.031874348336259656,0.04031278009543316,0.050493148262551316,0.09439406526520958,0.15043262442095995,0.1951404118497643,0.18940373736934935
2021-05-30,0.01045748635910648,0.003392192966028144,0.008121873124240588,0.021926594830494108,0.025795861266049266,0.032443533127978576,0.04102533273195774,0.05135549437517307,0.09603420478454464,0.15310471188798122,0.19862506206136724,0.1927859469652306
2021-05-31,0.010647622474726597,0.00345386920177411,0.008269543544681325,0.022322889255615354,0.02625566458508274,0.03301210650994173,0.04174551319400316,0.05223527462460811,0.09774023435321591,0.15588569237034788,0.20223642682611936,0.19629114600096206
2021-06-01,0.010844800668703015,0.0034638845063227233,0.008293753578366102,0.02263577819692761,0.026629836714798967,0.03338333389910148,0.04213464414279807,0.0529602899410705,0.09939666423820184,0.15869057527769648,0.20598154584141787,0.1998233783713885
2021-06-02,0.011049419549244582,0.003529240817762775,0.008450239494939048,0.023062868351586618,0.0271104800795465,0.03398513127990303,0.04288900725164909,0.05391326540378524,0.10125437544748238,0.16168359637555096,0.2098679901025767,0.20348890252937818
2021-06-03,0.011261908386730054,0.003597110833488982,0.008612744100610952,0.023506385050655592,0.027557901413373977,0.03451482235676034,0.043585145183837014,0.05487372311684882,0.1031569560625835,0.16476939956097264,0.21390391298916472,0.20730426696913484
2021-06-04,0.011482730119803192,0.003667642418459354,0.00875624124384473,0.02391237030480605,0.02806428781113027,0.035159302807648576,0.044399914932118874,0.05592008805102193,0.10513027962217714,0.16797858256330278,0.2180981073615013,0.21123312441939923
2021-06-05,0.0,0.004562485315984104,0.01482138489443529,0.06242319474204467,0.0674139089043005,0.09184008164663625,0.16390804097617456,0.43705612428982166,0.7946987477640535,0.8431540081141867,0.31604635851681384,0.9154605267346665
2021-06-06,0.0056745489542823786,0.006682241300831591,0.020127918871466557,0.07016668282428903,0.05845945911459564,0.0687647736957273,0.14619584540891167,0.4401444973654147,0.7874651312107295,0.8181466727935455,0.33752175118581007,0.9154605267346665
2021-06-07,0.0056745489542823786,0.008890139602962683,0.010518043303330626,0.03721060240219403,0.05223951276748078,0.20394158838815998,0.6282447983777686,0.9717136832587562,1.0282769788275736,0.9619530677238705,0.9369453415269543,1.0118654699532295
2021-06-08,0.0,0.006770383618115196,0.010165638274557052,0.06640806703948232,0.12077847154850786,0.2537342475214961,0.6447803586511806,0.9668530590145256,1.0287130750646227,0.9970433223472649,0.9994738114683116,1.0118654699532295
2021-06-09,0.003149997578779023,0.026379916834611255,0.03496188251599391,0.10883058256248766,0.22776372825123115,0.32392064766865675,0.6242258311227729,0.8898049682096955,0.9579144340936347,0.953788254979701,0.9809230523778764,0.6744796645027978
2021-06-10,0.003149997578779023,0.026379916834611255,0.02639796164375348,0.0683221821698101,0.1078356640164363,0.17862068924999577,0.5180100824614321,0.8293499857210699,0.938636654448909,0.9408652981176179,0.9347378622765059,0.6743110916387876
2021-06-11,0.0,0.0,0.0025296548010317085,0.039948865513585244,0.0598590749547229,0.13315060207025575,0.5241126247093651,0.902721547953908,0.9667501013231934,0.9562824542176985,0.9411199335683299,0.9932159567000624
2021-06-12,0.0,0.0005420324490595666,0.01026290759635127,0.08758691794575449,0.1221466881253936,0.2135438283839595,0.5179344031132292,0.853986581726017,0.9718676342850342,0.9840560572905794,0.9929845797450437,1.0009136617256031
2021-06-13,0.06523038718062447,0.021186419777536256,0.03591008936234949,0.08254302091323529,0.11468230369694443,0.20125680175595068,0.4429732309598058,0.7521490012148168,0.8971011822570334,0.942279020871427,0.9269012680325819,0.9926327648501382
2021-06-14,0.06523038718062447,0.021881891967327573,0.04280900971218024,0.09328387469886834,0.12709846293122773,0.14403269998696264,0.4236900664659399,0.7517592338077814,0.8902249354639877,0.9407468128873663,0.9269012680325819,0.9926327648501382
2021-06-15,0.08229943348824433,0.06788109281123586,0.07021601193664742,0.10713882289576719,0.16119279020144162,0.20914515263765251,0.4484567106496903,0.756271784148064,0.8606138508481295,0.8499414642395705,0.8502924838863728,0.7799221730256135
2021-06-16,0.10713886867643337,0.019290699703198754,0.040222780400485506,0.08483921854887619,0.10517088474589475,0.17349354810132542,0.38193222170969693,0.6893206492868822,0.8072176720806544,0.8311221031068345,0.8327050526846808,0.7799221730256135
2021-06-17,0.03644849879378871,0.024729149517737123,0.037403852761783894,0.06434223829032715,0.06421192590407918,0.09965045575978258,0.2860804974304692,0.6688576172942593,0.8151527203536166,0.8511797724723421,0.8368819371174048,0.7799221730256135
2021-06-18,0.06031155184787233,0.013631433000743796,0.0339338416251733,0.0591440182977994,0.05927910975495698,0.09412232715625814,0.28323120129038437,0.6771590018836764,0.8896654158497213,0.9461013730890713,0.9284212536101202,0.9922725808189805
2021-06-19,0.06227585919168356,0.039375583528625496,0.040664200381744335,0.06940795735766793,0.07326967675186657,0.10437309470759991,0.24990612127235146,0.6576151608427199,0.9253916840922136,0.9925683231614156,1.0173423657351925,1.0139569818370473
2021-06-20,0.061050878588428566,0.04352473098883369,0.038696832948298454,0.08207985260156507,0.07125961123435189,0.0896233106127358,0.2557290384826044,0.6669127442404235,0.9269371941504811,1.0022297535488331,1.0179780362613255,1.0153977179616778
2021-06-21,0.036230365659460084,0.03444334910160057,0.03320223639095349,0.06346446992740422,0.058416896520564594,0.0830823447203805,0.24212737925670672,0.6681651663685165,0.928393754118955,1.002245623807535,1.0179780362613255,1.0153977179616778
2021-06-22,0.061050878588428566,0.038473061142327986,0.04182414966325186,0.06638637863042557,0.0723918400377189,0.12231601353639804,0.27631577557620784,0.6351548834492508,0.8001740525830406,0.8422874796792376,0.8377642691973171,0.7831638293060321
2021-06-23,0.06328055196474136,0.04356832610750305,0.038649795872894785,0.07062443416202607,0.07108615290244505,0.09781529280243442,0.2525750911814019,0.6398381271777771,0.8812430239795017,0.934684649657877,0.9438498259214869,0.7859774685595212
2021-06-24,0.06328055196474136,0.04356832610750305,0.038649795872894785,0.07062443416202607,0.07093342689983514,0.09763383611591803,0.2525750911814019,0.6398381271777771,0.8812430239795017,0.934684649657877,0.9438498259214869,0.7859774685595212
2021-06-25,0.11425198860420058,0.1851592494926799,0.13451952096133138,0.3673180830147357,0.6643361999731128,0.7348275922553928,0.7646538367184036,0.8269403398954965,0.8622873978472841,0.8527200075412575,0.8334632954213707,0.8061841115834056
2021-06-26,0.11425198860420058,0.1851592494926799,0.13954552496968914,0.38759993952705707,0.679591243305863,0.732760699958699,0.7636865912428387,0.8231450159990696,0.8598882278974052,0.8539873972754245,0.8334632954213707,0.8061841115834056
2021-06-27,0.03781095844632111,0.032254741707331454,0.09782548089458887,0.37130477931514483,0.7498701803285709,0.9218188271771988,0.9339545749999858,0.9055782860878845,0.8847177753668065,0.8837411469603502,0.8773909384789429,0.8705073687415342
2021-06-28,0.1193089836586437,0.0643286439069595,0.10598525990106526,0.3671547789906659,0.753175825587697,0.9312287431085055,0.9573230240132258,0.919015083164206,0.8895471417637716,0.8822027398721823,0.8773734569870821,0.8705073687415342
2021-06-29,0.11990230665365764,0.08082180335393442,0.12304851964897998,0.3598355791520174,0.7362392649620709,0.9128797510913705,0.9442943001010009,0.9177861738030089,0.8927672610811017,0.8896658722101185,0.8995565672702308,0.8750922040510078
2021-06-30,0.018744943034675512,0.04193473863601055,0.11099480417812427,0.3730765983228593,0.7332848514869911,0.8909251821780637,0.9224370398287399,0.8973576297169913,0.8769385288426869,0.8780366046000717,0.8865961709976513,0.8157189611706017
2021-07-01,0.04597040793084822,0.025367372393882908,0.08763461982077843,0.29402684810411633,0.6795325135086917,0.961832994974833,1.024802768103396,1.0303120597027773,1.018434673780772,0.9934629541537471,0.9492910646998193,0.9605881072917394
2021-07-02,0.04597040793084822,0.025367372393882908,0.08179724804601571,0.27864728835375197,0.6676109419599614,0.9543286272642657,1.0230656050352875,1.0302468129057651,1.018434673780772,0.9934629541537471,0.9492910646998193,0.9605881072917394
2021-07-03,0.07885245517966476,0.06458943573634941,0.11513105697596675,0.3699107273394774,0.7597854238509377,0.922036297814621,0.944788960901734,0.9177861738030089,0.8927672610811017,0.8896658722101185,0.8995565672702308,0.8750922040510078
2021-07-04,0.0,0.00033322140819964095,0.04212812421111279,0.22033291484699025,0.5089190659762332,0.8385704219762877,0.930774408713912,0.9150801098915721,0.8933081301513747,0.9087789067272268,0.9025982807367865,0.9775235136199979
2021-07-05,0.0,0.011613435177912534,0.03902564454073606,0.19024582393822195,0.39603811909072856,0.8025783195049639,0.94216660147649,1.0262514328845396,1.0369971841389352,1.020784396046109,0.9999231738015326,0.9905456177128539
2021-07-06,0.0,0.02394782194190338,0.04855069023585246,0.18881287539826888,0.40155918606565416,0.8014025173946152,0.9394827798559144,1.0258791505158302,1.0370734736511766,1.0214985732533188,1.000849298008799,0.9719851840934998
2021-07-07,0.026580352072694494,0.010473255893415634,0.0424803536448237,0.17602114078176823,0.3753596877488207,0.7144710702955624,0.8640729976452843,0.9754297673131003,1.011216105512523,0.9978989354281599,0.9917454767184184,0.9392496558010921
2021-07-08,0.026580352072694494,0.005984901886890709,0.03138819969004561,0.1785902813344472,0.3743597440895858,0.7249774094648426,0.8990575428208333,0.9768752640945916,0.9577968418829642,0.9198556844420602,0.8744018883454076,0.913660436419929
2021-07-09,0.0396928473803894,0.02561689586868486,0.034530403579092976,0.14201015903596734,0.29156853339375366,0.6915126893323474,0.8723730113393914,0.9461876453183391,0.912228066923129,0.8667823197340687,0.8549960957486316,0.90750361439857
2021-07-10,0.025436966241746777,0.026884064534755038,0.030229426670245578,0.1439758460365184,0.3108674676602259,0.7227736695656912,0.8866903662792806,0.9584231696755331,0.9521173394109993,0.9300462247490423,0.9167765008446112,0.9224889290632662
2021-07-11,0.04362770603105071,0.02745784256812375,0.040783834830840096,0.1449058041543081,0.2600601077484395,0.623082693332305,0.8384266654470892,0.9428521895777309,0.9508193385102192,0.9371324414158485,0.9112347569676122,0.9411057651463378
2021-07-12,0.010200056567573296,0.02379460420532602,0.03546921267245244,0.12134788982887729,0.21561009830646496,0.5257327766498887,0.7661248142160657,0.9432721550564602,0.9617855295265609,0.9588385112200881,0.8933035084243462,0.9262256213601375
2021-07-13,0.05373182132918771,0.015306120980104747,0.036810841752262576,0.12297405342110326,0.20482015756055755,0.5119658457073116,0.7472744135596647,0.9032932488118679,0.9573093368992653,0.9588433956028202,0.930547798982561,0.8824613882041401
2021-07-14,0.10216821354152941,0.055211501469387275,0.055624635563718855,0.1655201306453891,0.2522378826652982,0.5131383582344942,0.7380743490773448,0.8964301749836711,0.9601127777408731,0.9578854710925092,0.9306767092781862,0.9301536736539621
2021-07-15,0.04322188981838911,0.012091149159820251,0.03594276152496806,0.1026124810597116,0.17682566825728854,0.483589120032703,0.7208868102452041,0.922847315476571,1.001439605582203,1.0027482418753209,0.980804250985519,0.9304231055150604
2021-07-16,0.10832219508087752,0.04727424177261104,0.06154168545245993,0.1294861658478974,0.22101960471221477,0.49236608040775015,0.7089488991829137,0.8628518124808234,0.923562974592815,0.9316847168256915,0.9270048390470017,0.9405120985150933
2021-07-17,0.0,0.0019189741579503075,0.007727215219836271,0.06366595691195977,0.15254123760762692,0.431877642912852,0.6696926947410657,0.8945653372278318,0.9667552561057215,0.9644845462348519,0.9665016515947606,0.9204890170510683
2021-07-18,0.0,0.0,0.009828734625487966,0.06982013843388944,0.14592821674238818,0.42391045698189395,0.6711946119119088,0.8705817065284971,0.9430760212791437,0.9535986742560164,0.9440519479944859,0.9120576480853755
2021-07-19,0.0007290315078037739,0.008594855906228398,0.020092124340142653,0.08672404701077227,0.1437397720739893,0.361629934982903,0.5918945223532965,0.8507198132561673,0.945960208648106,0.9598894832388538,0.9472269197199895,0.9572010387116244
2021-07-20,0.0,0.0036803209652382864,0.011163544535394405,0.06013817153041554,0.13671044064012935,0.3650193586803625,0.5960945351335604,0.8681958126414255,0.9631908759476213,0.974682532440185,0.9630862444942819,0.9617886486575545
2021-07-21,0.025417397488956342,0.00424460525605784,0.01245454036464989,0.06253284595974924,0.11107003465575532,0.31019969028208866,0.5368622026701959,0.8300459093453849,0.9435415414795532,0.9669997455010796,0.9474818506390633,0.9672001421374942
2021-07-22,0.0,0.0030895301867929215,0.016759919334237667,0.08057054660794032,0.1174775082603072,0.319251625529149,0.5424618932020222,0.829871533671165,0.9377080447524381,0.9663313024053461,0.9444193731355554,0.9629744578865357
2021-07-23,0.0,0.0015890855222633743,0.011480123605352008,0.065278169016434,0.11342715509214685,0.31165541481460224,0.5329100747687889,0.8294759893545169,0.9431300247516833,0.9680519203981018,0.9474818506390633,0.9672001421374942
2021-07-24,0.025417397488956342,0.002943295773943376,0.007874202284803218,0.058468347152433944,0.131407226687288,0.3604318111837944,0.5946362341966028,0.8524238994025003,0.9338751272713631,0.9664075670720023,0.9474065009405023,0.9572010387116244
2021-07-25,0.0,0.0030895301867929215,0.012478095509993698,0.08836738967724787,0.21926733872170082,0.4350697942223121,0.603675871296434,0.7920178548914356,0.8582535854926651,0.8967135778818354,0.9462437017048432,0.9672001421374942
2021-07-26,0.0337475069511538,0.010724641181699386,0.033271485775273106,0.15998104670951796,0.32623882127720744,0.49239036597760943,0.6214622291450631,0.7976711949656062,0.860019671298511,0.8967135778818354,0.9462437017048432,0.9672001421374942
2021-07-27,0.0337475069511538,0.009135555659436013,0.029315516360965497,0.156942999877877,0.34980927090363473,0.5785161322806915,0.7455593104508763,0.8906111268158617,0.9304839054362538,0.9139947385833608,0.9035327189999229,0.8670659322294051
2021-07-28,0.0,0.0,0.007716331934777222,0.10620970982797408,0.2801497198737799,0.5870470265790858,0.7776675703202726,0.9027068479392201,0.9310121172135919,0.9236935021173844,0.9037271451817985,0.8670659322294051
2021-07-29,0.0,0.0,0.005836994528839162,0.07260919358569444,0.20282580881110282,0.5231840788829052,0.7427650147634541,0.897034780621865,0.9447049710440797,0.9456012043495075,0.9220167116413747,0.8631234884123488
2021-07-30,0.0,0.001996042195803772,0.014071087177112172,0.11911188244562555,0.21075503701077986,0.4233709449148394,0.6551600903446442,0.851519782723108,0.9332400133950125,0.939211658271991,0.9201830112026244,0.8897129977183056
2021-07-31,0.0,0.0,0.0039816462488972216,0.0601276221222823,0.12325072225213289,0.34996290248617223,0.5889880793985679,0.8455998076686887,0.9715033857568182,0.9888661921800637,0.9563854850402224,0.8587430108885058
2021-08-01,0.0,0.0009636654106092167,0.009781443805156748,0.06796266696125126,0.1195655722019542,0.3109075308162081,0.5689589208057698,0.795997465315197,0.8913764985533733,0.9031890507380496,0.902809569906954,0.9089818660167508
2021-08-02,0.0,0.0,0.003084205438442255,0.03340220173295444,0.06983694348183153,0.2276080225549728,0.46057208133693683,0.797848777242148,0.9694102863090428,1.0081352604852012,0.9954603106587833,0.9426384803329904
2021-08-03,0.0,0.0,0.004428784703970317,0.02726398401301014,0.0783516089658189,0.2184207503168929,0.44505065453528797,0.7601437433416621,0.9296908135734457,0.9752072638778759,0.9697412093251273,0.9392494490488892
2021-08-04,0.0,8.824266949672749e-05,0.0033529284324601764,0.027236971977008303,0.05811864101537195,0.14599771624217833,0.36160970724337765,0.7015243894055744,0.9216528002198091,0.9848860065039626,0.9704542576427874,0.9384770752943609
2021-08-05,0.0,1.8093519909886177e-05,0.001250468823060646,0.019810270078566006,0.049230527078778154,0.12865220066319982,0.3528241258907195,0.7207005048778792,0.9407924841760508,1.0051387999003631,0.9939212693975827,0.9412565413252739
2021-08-06,0.0,0.0,0.002578473215105092,0.023089401030441308,0.03914633877731474,0.10697907504969793,0.31072108032836043,0.6901370282476541,0.9319995399518659,1.005667472889263,0.9772353329530444,0.9342551814832405
2021-08-07,0.0,0.0,0.0024553575465102485,0.016506804051883595,0.03600489946502323,0.10822362057741437,0.3140163150862668,0.6897225252534699,0.9308057363889151,1.0048618117844805,0.9774807921799558,0.9342551814832405
2021-08-08,0.0,0.0003785354053369651,0.002494032252158694,0.016644812785912146,0.038938316049090246,0.15010781972636067,0.3759588658950286,0.6676086073872899,0.834790720651834,0.8920107183337196,0.8995152398250466,0.8594358385033961
2021-08-09,0.0,0.0003785354053369651,0.0044132825086700645,0.01359178643718471,0.027799426165912067,0.14740063855426083,0.3822064384870738,0.6651743302717573,0.8295912945544148,0.8900931276358649,0.8898455667006324,0.8594358385033961
2021-08-10,0.0,0.0,0.008547141506738102,0.01491631993745592,0.029663217786012726,0.10197195767885754,0.2891846691484871,0.5806964982950401,0.7832889575977987,0.8394651333319265,0.8772650887805522,0.8130531023444645
2021-08-11,0.0,0.0,0.002360679578281844,0.008387694022809181,0.016936895945222127,0.07740926829549952,0.25647623267488834,0.5885664291212861,0.8483444768310243,0.9230976972236631,0.9231746878733,0.9276880605083117
2021-08-12,0.0,0.0,0.004294312300722273,0.012472612289979748,0.023182638875221536,0.08300885037870108,0.27728081774297386,0.6044849723172336,0.8414752845114699,0.9295305945479028,0.9285126506538139,0.9258396997058779
2021-08-13,0.0,0.0,0.011320006418074279,0.022136301465573615,0.026719298248889644,0.07785712342440772,0.25179160155303276,0.5771104408026004,0.8345577070177566,0.9373014184968109,0.9320525452369064,0.8983036770057743
2021-08-14,0.0,0.0,0.005732948339978095,0.014067797993568327,0.021994358700188107,0.07834855954512611,0.2465560222820532,0.5942436878028781,0.844404357245526,0.9436086428369767,0.9439022955135491,0.8983036770057743
2021-08-15,0.0,0.0,0.0021198157892358327,0.005613959130624792,0.013040254506424483,0.07427999639907629,0.24921312408695093,0.6011057195374492,0.8448821853693204,0.9411912282953036,0.9437660129453461,0.8983036770057743
2021-08-16,0.0,0.0,0.010683142429864373,0.023471704818440617,0.030307904323827076,0.08941651812268289,0.26454352991706237,0.57227297117334,0.8301453767600132,0.9155683593459694,0.9232223297187061,0.9248065882590507
2021-08-17,0.0,0.0,0.005732948339978095,0.013571230614093691,0.021593299418058022,0.07825089008509878,0.2451927157791825,0.5961413189809959,0.8426350394691685,0.939824397025834,0.9437660129453461,0.8983036770057743
2021-08-18,0.0,0.0,0.005732948339978095,0.013571230614093691,0.021593299418058022,0.07825089008509878,0.2451927157791825,0.5961413189809959,0.8426350394691685,0.939824397025834,0.9437660129453461,0.8983036770057743
2021-08-19,0.0,0.0,0.005732948339978095,0.013571230614093691,0.021593299418058022,0.07825089008509878,0.2451237064440818,0.5924090191287292,0.835852837180907,0.930481408729194,0.9441062283766816,0.8983036770057743
2021-08-20,0.0,0.0,0.005506042285634333,0.013997288226554355,0.021831684425325265,0.0773708121924669,0.24465436626615886,0.5926470215231877,0.8393284039770619,0.9343557558102576,0.9454385574217893,0.8983036770057743
2021-08-21,0.0656207268740343,0.04039865446393291,0.05574139462145082,0.07155171593967793,0.050857602628557784,0.08860992069314276,0.2461098843314486,0.5949168706980026,0.8359899640076167,0.9346178894398295,0.9379389959371685,0.8983036770057743
2021-08-22,0.0656207268740343,0.04039865446393291,0.05656760027821365,0.07457817778466667,0.053597836645494244,0.09033951855158921,0.2515710536863458,0.5977338394841826,0.8394870793244333,0.9443184097224668,0.9379389959371685,0.8983036770057743
2021-08-23,0.19104558977246036,0.06415515050791958,0.12611788570428015,0.3525599821268991,0.6389780257557717,0.7350905543000927,0.7693028056957645,0.7781693057291528,0.7689351289834511,0.7589849824502746,0.7288570633134641,0.743991815193025
2021-08-24,0.19104558977246036,0.06415515050791958,0.12680057973088937,0.35953409732282465,0.6768002276837156,0.7611405811681557,0.7787186925442648,0.7783661584753654,0.7689351289834511,0.7589849824502746,0.7288570633134641,0.743991815193025
2021-08-25,0.04468104347704928,0.03721221379693233,0.0784167158358045,0.29516449462420447,0.6743794233910106,0.8045767232415202,0.810256662926623,0.800010947007474,0.7834429570400352,0.7775279857491484,0.7691538047368772,0.7508055671082339
2021-08-26,0.026870922401398874,0.015043250109011664,0.032345677480507457,0.11753746084840581,0.23633108467139857,0.42731152843710996,0.5997487641187601,0.8024591975700035,0.9070434083537756,0.9352947090348324,0.9256050538760504,0.908314314043878
2021-08-27,0.04468104347704928,0.03721221379693233,0.0784167158358045,0.29516449462420447,0.6743794233910106,0.8045767232415202,0.810256662926623,0.800010947007474,0.7834372789455105,0.7775353245092215,0.7691538047368772,0.7508055671082339
2021-08-28,0.0,0.00016176890542174245,0.024963279812471463,0.16668484699566427,0.5148903311468999,0.7698344093137129,0.789739324175673,0.7862544012828893,0.7705737015817553,0.785942760545532,0.7294826581694055,0.743991815193025
2021-08-29,0.0,0.0,0.01048787151225152,0.09330942063315625,0.45204201750423867,0.9161358956103375,1.0670935594900561,1.1013202321162086,1.0679370225544358,1.0165295700554122,0.9794869305636213,0.941379723535561
2021-08-30,0.0,0.0,0.005265925086145803,0.07246652948376597,0.42452196071979015,0.9075300062238151,1.0677214208874197,1.1061724489540727,1.0696389904695316,1.0312295688764566,0.9795965780239116,0.941379723535561
2021-08-31,0.0,0.0,0.007181792067404371,0.09637002217760378,0.37787760482465105,0.8374251508289061,1.0481524178655761,1.0895989861813251,1.0672391965876318,1.0388920934217176,0.9938337861867227,0.9708893230466326
2021-09-01,0.0,0.0,0.006846355022903002,0.039350581318322156,0.26388759526810374,0.794596739009222,1.0512965479856664,1.1134239850387269,1.0837673287674432,1.0524198964916476,0.9974740741751282,0.9514618757569507
2021-09-02,0.0,0.002556673765919117,0.017542232331276546,0.06073592954895086,0.26858838767117765,0.7263270194908389,0.9870445489089295,1.0720895849596865,1.053879997420817,1.017335226871757,0.9748127925823812,0.9580729922471405
2021-09-03,0.0,0.0,0.006998125745983256,0.03808224504240834,0.16896609077865976,0.6931095034984864,1.0115258161309633,1.0964340519752516,1.0826284532351476,1.0511602201986971,0.9672679917384088,0.9584682127983947
2021-09-04,0.0,0.0,0.0034641551244118923,0.031156000484859607,0.17176180450785572,0.6357820133197735,0.9503767976892938,1.0586822761582426,1.0468585905666894,1.0086234353214982,0.9419123669945374,0.9171621078791523
2021-09-05,0.0,0.0,0.0027362698681160464,0.029974878780356408,0.14726677027540064,0.6251167655573746,0.9574604660449789,1.06741881468431,1.0627123672175194,1.0303083119630825,0.9504453573391722,0.9762618926319552
2021-09-06,0.0,0.02112833135371722,0.010816726391362302,0.040308913942735315,0.15517870295967665,0.6257110160519346,0.9691944577238282,1.067634111505955,1.0451044976560107,0.9940068227342731,0.9744626906175293,0.9793998435497353
2021-09-07,0.0,0.017958496333041734,0.00859426799408021,0.022900142017706692,0.10657065255483122,0.5022799547955809,0.8140514777669379,0.8840850034688122,0.871765801893849,0.85329822608748,0.8235143065452205,0.8220155499951778
2021-09-08,0.0,0.0,0.001009069634727223,0.017892976374597257,0.10095691970476214,0.4955665203131625,0.8046392545768639,0.8814992801701639,0.8709737956556438,0.8529948121139906,0.8235143065452205,0.8220155499951778
2021-09-09,0.0,0.0,0.007512733285997782,0.061774254450400155,0.21377878368258252,0.5266520819823528,0.8012384378396166,0.9144968041772947,0.9375008939290015,0.9466160996647415,0.932538035687055,0.887328261709793
2021-09-10,0.0,0.0,0.0017823554047432318,0.022776567183350013,0.10028581992725262,0.4949820372148362,0.8646919217188818,0.9804526578137405,0.9824418964490307,0.9666238917758574,0.9407847859052928,0.887328261709793
2021-09-11,0.0,0.03866672205774513,0.06076168108806594,0.16266201007496123,0.20336538529221065,0.5390035564303529,0.8492607638913251,0.9452864936056967,0.948018733219252,0.9548659227334781,0.9326271333071691,0.887328261709793
2021-09-12,0.0,0.03866672205774513,0.06272033796131082,0.17885000970817155,0.2964407796564838,0.5512290187241196,0.7664796161149815,0.8546222868203642,0.8548647116070559,0.8486885116683314,0.8235588553552776,0.8220155499951778
2021-09-13,0.0,0.001983551603860884,0.0735162039629223,0.3710217352660189,0.6641208095363409,0.7804714054031726,0.88977150147355,0.8803230766568072,0.8620768184707249,0.847714881121332,0.8368879735155147,0.8436626742715628
2021-09-14,0.0,0.001983551603860884,0.05866264050735898,0.33900450182938097,0.6410097870001236,0.7738755350571511,0.8921871073651898,0.8828773528130104,0.865121812873282,0.8498246135618731,0.8368879735155147,0.8436626742715628
2021-09-15,0.0,0.001968219737676175,0.04085397650526382,0.3368034546720488,0.6819578338973145,0.8461999093326449,0.9960840517760453,1.0173578932676313,0.9740076216454415,0.944441262618662,0.9066795485639798,0.9034599105199443
2021-09-16,0.0,0.0004540865719523965,0.021742445793374338,0.3069426601571934,0.7598737076186624,0.9757432968626671,1.0241283056269046,1.0256370289174883,0.9767909449036187,0.9451409939795025,0.9066888229073299,0.9034599105199443
2021-09-17,0.0,0.00028777604014890997,0.020858024241630864,0.29006662402706906,0.7393692808297846,0.9649227663821364,1.0303831188360624,1.0607668467950746,1.042295625244181,1.0179203447833354,0.9873522433833409,0.8921254905921805
2021-09-18,0.0,0.002119438159263375,0.021220624719215386,0.23787826145364083,0.606502310430713,0.8599014393345223,0.9647126458276486,1.0176928165800503,1.009120362382561,0.9851216723810129,0.9358808950316619,0.8942341975847914
2021-09-19,0.0,0.0,0.005045245362339673,0.14177587211862377,0.4803041774839149,0.826318829645524,0.9871753418583088,1.0658309276364495,1.0706601616421916,1.0526108168301649,0.999430723063396,0.9126195992208291
2021-09-20,0.0,0.0,0.007475406914884505,0.0846439797765931,0.34380500140745573,0.7260253461494828,0.9409813263967719,1.0279121604316466,1.0158398530853279,0.9873621121636207,0.9484457107014062,0.9156036924841408
2021-09-21,0.0,0.0,0.004716074943233116,0.05854845168710289,0.21738043756755338,0.6154260973496951,0.8982807130210463,1.0342331092511312,1.0540036549395668,1.0360260767849756,0.9960806970904337,0.961602841179713
2021-09-22,0.01155499541636889,0.007555865816592141,0.02108806519340988,0.10198568870118753,0.24736966611825378,0.4676337019174955,0.6588326303466513,0.8335025666257904,0.9183263424263295,0.9382051847440359,0.9192295760682849,0.8920817645198341
2021-09-23,0.0,0.0,0.006067755500459813,0.0333490313825213,0.16060472841400777,0.5198523776815339,0.8516727328936534,1.0075139121749899,1.055119991127534,1.0445771266809778,1.0093468025773449,0.9942175088547468
2021-09-24,0.0,0.0,0.001303959441988583,0.015876863303523416,0.08577912662523417,0.43669333858716913,0.812569927247281,1.0088437754858204,1.058369317819777,1.0659181488846363,1.0309093333883481,0.971525142319617
2021-09-25,0.0,0.0015838342501665187,0.014146276869816229,0.03570653521127687,0.12296109738851203,0.43321079185680056,0.7556876852048476,0.9512067321953624,1.024761740136978,1.0361001965936594,1.0005257634735185,0.9696779170118381
2021-09-26,0.0,0.0,0.0032540222702506076,0.014165498090659994,0.06787347701389052,0.3523731334542969,0.7235073010739845,0.9383720461373047,1.0066405249103942,1.0224381915560194,0.9667684138407835,0.9943420850084382
2021-09-27,0.0,0.0,0.00045289426037640996,0.004933042125071222,0.05226001428722584,0.33473406031570235,0.7120772455848329,0.9376232143530046,1.0076350888229433,1.0178935207158653,0.9714458602919807,0.9943420850084382
2021-09-28,0.0,0.0,0.0005867998750187968,0.009066425159496556,0.05090433677176873,0.30829214688775447,0.7219463822043203,0.9468823135357397,1.0214819916577549,1.035395647278989,0.9655452987316008,0.9992152411498054
2021-09-29,0.0,0.0,0.004903993169589016,0.023537668041033393,0.0784084230241748,0.2935159071800377,0.6286729864150568,0.8436137846851574,0.9060894232637643,0.94460519635682,0.8615224828609541,0.9749078997080459
2021-09-30,0.0,0.0,0.0017185349211280441,0.010937649892378023,0.05496770039505479,0.2694498303928715,0.6260318954724933,0.8403595490475109,0.8994626571478014,0.9196650038033151,0.8321634928717307,0.877227859063728
2021-10-01,0.0,0.0,0.0,0.0022929650734397084,0.029403764031245366,0.2362106755071918,0.645498565614728,0.9102101483978076,0.9614052961407545,0.9601391606704731,0.8690966235458025,0.8870222552855797
2021-10-02,0.0,0.0,7.823527358308869e-05,0.00198506260196909,0.029751738755557776,0.2305961337843833,0.5943893210049965,0.8027065601598363,0.8930304720768871,0.9209052797161283,0.8409496076253797,0.825658106680525
2021-10-03,0.0,0.0,0.0,0.0022607978066490585,0.024997017486717888,0.21154118420612994,0.5964785276117321,0.8784513186021026,0.9510730145772598,0.9554410808865126,0.8791011697389494,0.841006431903776
2021-10-04,0.0,0.0,0.00017076278530833662,0.003226122540892879,0.03438497385879158,0.21678607137730208,0.5847487859652712,0.8339877827056783,0.9292358728894313,0.9349232086716162,0.8621713302157453,0.9080921698037624
2021-10-05,0.0,0.0,0.0,0.0028746346844931445,0.02023986255852085,0.17140529107840194,0.5676530640079935,0.8535157767391702,0.9531624184947264,0.9794475515090392,0.906992542003954,0.9583350854740468
2021-10-06,0.0,0.0,0.0,0.0028746346844931445,0.02023986255852085,0.1707866682848456,0.5676503677803607,0.8560646657335992,0.955408209543872,0.9801521436349077,0.906992542003954,0.9583350854740468
2021-10-07,0.0,0.0,4.052238200639394e-06,0.0028437098347836665,0.024470225201262023,0.16533093367343518,0.5460152702855542,0.8465528248084911,0.9519110884579954,0.9881432562581781,0.9178412436893665,1.0025987734642035
2021-10-08,0.0,0.0,0.0045401038024031155,0.014703314497309437,0.04366071841202743,0.1849312583097975,0.5327150331109584,0.8171661304588312,0.9360524291418565,0.9558111716898238,0.877276035992975,0.9254506076063111
2021-10-09,0.0,0.0,0.0,0.0022701517258179524,0.03320135453432261,0.17382949146186882,0.5275978670093115,0.8126726437239354,0.9271771448637929,0.9561912291215878,0.8756563286064074,0.9254506076063111
2021-10-10,0.0,0.0,0.0,0.0009381104973909796,0.01713750575126069,0.13894879651530923,0.3867377204109717,0.7250165690016801,0.9006181066642907,0.9626746367159921,0.8180972396158933,0.9121133479600528
2021-10-11,0.0,0.0,0.0,0.0009381104973909796,0.01713750575126069,0.14843058649899657,0.43836130244799304,0.7465478036985163,0.8796226282776805,0.9334955308606088,0.8685264203030324,0.8824231106982852
2021-10-12,0.0,0.0,0.0,0.0,0.007653785361428193,0.1058609329429237,0.4277885031292515,0.7721889804202176,0.8916188977370721,0.9335869599350265,0.8496975718095023,0.8745443120393501
2021-10-13,0.0,0.0,2.0297009254823125e-06,0.001047064914178359,0.012954542191037375,0.11118839435265769,0.4131497060168162,0.7182717657450294,0.8599381369969425,0.916223424201129,0.8390019823846556,0.9552147990317638
2021-10-14,0.0,0.0,0.0067585850436382355,0.1302826628947711,0.4227874473636202,0.6457931448567155,0.7031447281275212,0.7834049443446585,0.841700891476067,0.8248790636588693,0.807188993053978,0.8176838251845805
2021-10-15,0.0,0.0,0.0006239267009851013,0.021064458831937097,0.1385775148664596,0.37067038972643723,0.605536785714356,0.8268924309223931,0.887610680801581,0.8461107514145743,0.831906020711996,0.8515449781039485
2021-10-16,0.0,0.0,1.56692352803861e-06,0.0026756617039904286,0.03076636956292768,0.17327614945363298,0.5420265859798337,0.8284628043342829,0.9324498224310629,0.9287521513826684,0.8675846798567018,0.8639830326802357
2021-10-17,0.0,0.0,0.0,0.0001967818962689059,0.007751382285506428,0.10643910693974987,0.44545925358187205,0.8193544550402966,0.9299845708337744,0.929961542935439,0.86953996956774,0.8951172382498448
2021-10-18,,,,,,,,,,,,
2021-10-19,,,,,,,,,,,,
2021-10-20,,,,,,,,,,,,
2021-10-21,,,,,,,,,,,,
2021-10-22,,,,,,,,,,,,
2021-10-23,,,,,,,,,,,,
2021-10-24,,,,,,,,,,,,
2021-10-25,,,,,,,,,,,,
2021-10-26,,,,,,,,,,,,
2021-10-27,,,,,,,,,,,,
2021-10-28,,,,,,,,,,,,
2021-10-29,,,,,,,,,,,,
2021-10-30,,,,,,,,,,,,
2021-10-31,,,,,,,,,,,,
2021-11-01,,,,,,,,,,,,
2021-11-02,,,,,,,,,,,,
2021-11-03,,,,,,,,,,,,
2021-11-04,,,,,,,,,,,,
2021-11-05,,,,,,,,,,,,
2021-11-06,,,,,,,,,,,,
2021-11-07,,,,,,,,,,,,
2021-11-08,,,,,,,,,,,,
2021-11-09,,,,,,,,,,,,
2021-11-10,,,,,,,,,,,,
2021-11-11,,,,,,,,,,,,
2021-11-12,,,,,,,,,,,,
2021-11-13,,,,,,,,,,,,
2021-11-14,,,,,,,,,,,,
2021-11-15,,,,,,,,,,,,
2021-11-16,,,,,,,,,,,,
2021-11-17,,,,,,,,,,,,
2021-11-18,,,,,,,,,,,,
2021-11-19,,,,,,,,,,,,
2021-11-20,,,,,,,,,,,,
2021-11-21,,,,,,,,,,,,
2021-11-22,,,,,,,,,,,,
2021-11-23,,,,,,,,,,,,
2021-11-24,,,,,,,,,,,,
2021-11-25,,,,,,,,,,,,
2021-11-26,,,,,,,,,,,,
2021-11-27,,,,,,,,,,,,
2021-11-28,,,,,,,,,,,,
2021-11-29,,,,,,,,,,,,
2021-11-30,,,,,,,,,,,,
2021-12-01,,,,,,,,,,,,
2021-12-02,,,,,,,,,,,,
2021-12-03,,,,,,,,,,,,
2021-12-04,,,,,,,,,,,,
2021-12-05,,,,,,,,,,,,
2021-12-06,,,,,,,,,,,,
2021-12-07,,,,,,,,,,,,
2021-12-08,,,,,,,,,,,,
2021-12-09,,,,,,,,,,,,
2021-12-10,,,,,,,,,,,,
2021-12-11,,,,,,,,,,,,
2021-12-12,,,,,,,,,,,,
2021-12-13,,,,,,,,,,,,
2021-12-14,,,,,,,,,,,,
2021-12-15,,,,,,,,,,,,
2021-12-16,,,,,,,,,,,,
2021-12-17,,,,,,,,,,,,
2021-12-18,,,,,,,,,,,,
2021-12-19,,,,,,,,,,,,
2021-12-20,,,,,,,,,,,,
2021-12-21,,,,,,,,,,,,
2021-12-22,,,,,,,,,,,,
2021-12-23,,,,,,,,,,,,
2021-12-24,,,,,,,,,,,,
2021-12-25,,,,,,,,,,,,
2021-12-26,,,,,,,,,,,,
2021-12-27,,,,,,,,,,,,
2021-12-28,,,,,,,,,,,,
2021-12-29,,,,,,,,,,,,
2021-12-30,,,,,,,,,,,,
2021-12-31,,,,,,,,,,,,
