,Pp_z1,Pp_z2,Pp_z3,Pp_z4,Pp_z5,Pp_z6,Pp_z7,Pp_z8,Pp_z9,Pp_z10,Pp_z11,Pp_z12,Pp_z13,Pp_z14,Pp_z15,Pp_z16,Pp_z17,Pp_z18,Pp_z19
2020-01-01,0,0,0,0,0,0,0,0,0,0,0,0,0,0,0,0,0,0,0
2020-01-02,0,0,0,0,0,0,0,0,0,0,0,0,0,0,0,0,0,0,0
2020-01-03,0,0,0,0,0,0,0,0,0,0,0,0,0,0,0,0,0,0,0
2020-01-04,0,0,0,0,0,0,0,0,0,0,0,0,0,0,0,0,0,0,0
2020-01-05,0,0,0,0,0,0,0,0,0,0,0,0,0,0,0,0,0,0,0
2020-01-06,0,0,0,0,0,0,0,0,0,0,0,0,0,0,0,0,0,0,0
2020-01-07,0,0,0,0,0,0,0,0,0,0,0,0,0,0,0,0,0,0,0
2020-01-08,0,0,0,0,0,0,0,0,0,0,0,0,0,0,0,0,0,0,0
2020-01-09,0,0,0,0,0,0,0,0,0,0,0,0,0,0,0,0,0,0,0
2020-01-10,0,0,0,0,0,0,0,0,0,0,0,0,0,0,0,0,0,0,0
2020-01-11,0,0,0,0,0,0,0,0,0,0,0,0,0,0,0,0,0,0,0
2020-01-12,0,0,0,0,0,0,0,0,0,0,0,0,0,0,0,0,0,0,0
2020-01-13,0,0,0,0,0,0,0,0,0,0,0,0,0,0,0,0,0,0,0
2020-01-14,0,0,0,0,0,0,0,0,0,0,0,0,0,0,0,0,0,0,0
2020-01-15,0,0,0,0,0,0,0,0,0,0,0,0,0,0,0,0,0,0,0
2020-01-16,0,0,0,0,0,0,0,0,0,0,0,0,0,0,0,0,0,0,0
2020-01-17,0,0,0,0,0,0,0,0,0,0,0,0.03198725,0.054807686,0.002575829,0,0,0,0,0
2020-01-18,0,0,0,0,0,0,0,0,0,0,0,0,0,0,0,0,0,0,0
2020-01-19,0,0,0,0,0,0,0,0,0,0,0,0,0,0,0,0,0,0,0
2020-01-20,0,0,0,0,0,0,0,0,0,0,0,0,0,0,0,0,0,0,0
2020-01-21,0,0,0,0,0,0,0,0,0,0,0,0,0,0,0,0,0,0,0
2020-01-22,0,0,0,0,0,0,0,0,0,0,0,0,0,0,0,0,0,0,0
2020-01-23,0,0,0,0,0,0,0,0,0,0,0,0,0,0,0,0,0,0,0
2020-01-24,0,0,0,0,0,0,0,0,0,0,0,0,0,0,0,0,0,0,0
2020-01-25,0,0,0,0,0,0,0,0,0,0,0,0,0,0,0,0,0,0,0
2020-01-26,0,0,0,0,0,0,0,0,0,0,0,0,0,0,0,0,0,0,0
2020-01-27,0,0,0,0,0,0,0,0,0,0,0,0,0,0,0,0,0,0,0
2020-01-28,0,0,0,0,0,0,0,0,0,0,0,0,0,0,0,0,0,0,0
2020-01-29,0,0,0,0,0,0,0,0,0,0.148791791,0.676935964,0.940817245,0.529982156,1.608521174,2.421463015,4.097138465,6.929507394,6.939107321,6.942577839
2020-01-30,0,0,0,0,0,0,0.046609837,0.326067399,0.844350551,1.247528439,1.924063875,2.383314706,3.559153665,5.15884441,5.617989068,6.004777843,6.929507394,6.939107321,6.942577839
2020-01-31,0,0,0,0,0,0,0.046609837,0.326067399,0.844350551,1.247528439,1.924063875,2.383314706,3.559153665,5.15884441,5.617989068,6.004777843,6.929507394,6.939107321,6.942577839
2020-02-01,0,0,0,0,0,0,0,0,0,0,0,0,0,0,0,0,0,0,0
2020-02-02,0,0,0,0,0,0,0,0,0,0,0,0,0,0,0,0,0,0,0
2020-02-03,0,0,0,0,0,0,0,0,0,0,0,0,0,0,0,0,0,0,0
2020-02-04,0,0,0,0,0,0,0,0,0,0,0,0,0,0,0,0,0,0,0
2020-02-05,0,0,0.257960071,0.735487665,1.279791793,2.024454969,2.47149132,3.980395911,5.32188738,6.169556386,5.772356527,3.84871812,6.007835766,5.836090206,4.766580489,2.294303969,0,0,0
2020-02-06,0,0,0,0,0,0,0.102501531,0.088084766,0.087263156,0,0,0,0,0,0,0,0,0,0
2020-02-07,0,0,0,0,0,0,0,0,0,0,0,0,0,0,0,0,0,0,0
2020-02-08,0,0,0,0,0,0,0,0,0,0,0,0,0,0,0,0,0,0,0
2020-02-09,0,0,0,0,0,0,0,0,0,0,0,0,0,0,0,0,0,0,0
2020-02-10,0,0,0,0,0,0,0,0,0,0,0,0,0,0,0,0,0,0,0
2020-02-11,0,0,0,0,0,0,0,0,0,0,0,0,0,0,0,0,0,0,0
2020-02-12,0,0,0,0,0,0,0,0,0.142042822,0.242859866,0.79043191,1.77907485,1.352417448,2.26008665,2.991247299,4.389975784,6.206016283,6.195181548,6.191264629
2020-02-13,0,0,0,0,0,0,0,0,0,0,0,0,0,0,0,0,0,0,0
2020-02-14,0,0,0,0,0,0,0,0,0,0,0,0,0,0,0,0,0,0,0
2020-02-15,0,0,0,0,0,0,0,0,0,0,0,0,0,0,0,0,0,0,0
2020-02-16,0,0,0,0,0,0,0,0,0,0,0,0,0,0,0,0,0,0,0
2020-02-17,0,0,0,0,0,0,0,0,0,0,0,0,0,0,0,0,0,0,0
2020-02-18,0,0,0,0,0,0,0,0,0,0,0,0,0,0,0,0,0,0,0
2020-02-19,0,0,0,0,0,0,0,0,0,0,0,0,0,0,0,0,0,0,0
2020-02-20,0,0,0,0,0,0,0,0,0,0,0,0,0,0,0,0,0,0,0
2020-02-21,0,0,0,0,0,0,0,0,0.223911644,0.41011859,1.36484411,3.0128959,2.22175972,3.575299153,4.720421532,6.90084794,9.747098266,9.694001774,9.674806595
2020-02-22,0,0,0,0,0,0,0,0,0,0,0,0,0,0,0,0,0,0,0
2020-02-23,0,0,0,0,0,0,0,0,0,0,0,0,0,0,0,0,0,0,0
2020-02-24,0,0,0,0,0,0,0,0,0,0,0,0,0,0,0,0,0,0,0
2020-02-25,0,0,0,0,0,0,0,0,0,0,0,0,0,0,0,0,0,0,0
2020-02-26,0,0,0,0,0,0,0,0,0,0,0,0.007464681,0.012790155,0.596703962,0.979463864,1.657262178,2.792544416,2.80405874,2.80822134
2020-02-27,0,0,0,0,0,0,0,0,0,0,0,0,0,0,0,0,0,0,0
2020-02-28,0,0,0,0,0,0,0,0,0,0,0,0,0,0,0,0,0,0,0
2020-02-29,0,0,0,0,0,0,0,0,0,0,0,0,0,0,0,0,0,0,0
2020-03-01,0,0,0,0,0,0,0,0,0,0,0,0,0,0,0,0,0,0,0
2020-03-02,0,0,0,0,0,0,0,0,0,0,0,0,0,0,0,0,0,0,0
2020-03-03,0,0,0,0,0,0,0,0,0,0,0,0,0,0,0,0,0,0,0
2020-03-04,0,0,0,0,0,0,0,0,0,0,0,0,0,0,0,0,0,0,0
2020-03-05,0,0,0,0,0,0,0,0,0,0,0,0,0,0,0,0,0,0,0
2020-03-06,0,0,0,0,0,0,0,0,0,0,0,0.026384742,0.04520822,0.002124677,0,0,0,0,0
2020-03-07,0,0,0,0,0,0,0,0,0,0,0,0.008794913,0.015069406,0.000708226,0,0,0,0,0
2020-03-08,0,0,0,0,0,0,0,0,0,0,0,0,0,0.987486408,1.622550946,2.745371641,4.670009333,4.656794133,4.65201664
2020-03-09,0,0,0,0.017208162,0.189988823,0.498036231,1.168036266,2.395522585,3.161369637,3.690099154,4.202722593,4.599967681,4.933182343,5.26089695,5.217866993,4.956023984,4.670009333,4.656794133,4.65201664
2020-03-10,0,0,0,0.017208162,0.189988823,0.498036231,1.168036266,2.395522585,3.161369637,3.690099154,4.202722593,4.599967681,4.933182343,5.26089695,5.217866993,4.956023984,4.670009333,4.656794133,4.65201664
2020-03-11,0,0,0,0,0,0,0,0,0,0,0,0,0,0,0,0,0,0,0
2020-03-12,0,0,0,0,0,0,0,0,0,0,0,0,0,0,0,0,0,0,0
2020-03-13,0,0,0,0,0,0,0,0,0,0,0,0,0,0,0,0,0,0,0
2020-03-14,0,0,0,0,0,0,0,0,0,0,0,0,0,0,0,0,0,0,0
2020-03-15,0,0,0,0,0,0,0,0,0,0,0,0,0,0,0,0,0,0,0
2020-03-16,0,0,0,0,0,0,0,0,0,0,0,0,0,0,0,0,0,0,0
2020-03-17,0,0,0,0,0,0,0,0,0,0,0,0,0,0,0,0,0,0,0
2020-03-18,0,0,0,0,0,0,0,0,0,0,0,0,0,0,0,0,0,0,0
2020-03-19,0,0,0,0,0,0,0,0,0,0,0,0,0,0,0,0,0,0,0
2020-03-20,0,0,0,0,0,0,0,0,0,0,0,0,0,0,0,0,0,0,0
2020-03-21,0,0,0,0,0,0,0,0,0,0,0,0,0,0,0,0,0,0,0
2020-03-22,0,0,0,0,0,0,0,0,0,0,0,0,0,0,0,0,0,0,0
2020-03-23,0,0,0,0,0,0,0,0,0,0,0,0,0,0,0,0,0,0,0
2020-03-24,0,0,0,0,0,0,0,0,0,0,0,0,0,0,0,0,0,0,0
2020-03-25,0,0,0,0,0,0,0,0,0,0,0,0,0,0,0,0,0,0,0
2020-03-26,0,0,0,0,0,0,0,0,0,0,0,0,0,0,0,0,0,0,0
2020-03-27,0,0,0,0,0,0,0,0,0,0,0,0,0,0,0,0,0,0,0
2020-03-28,0,0,0,0,0,0,0,0,0,0,0,0,0,0,0,0,0,0,0
2020-03-29,0,0,0,0,0,0,0,0,0,0,0,0,0,0,0,0,0,0,0
2020-03-30,0,0,0,0,0,0,0,0,0,0,0,0,0,0,0,0,0,0,0
2020-03-31,0,0,0,0,0,0,0,0,0,0,0,0,0,0,0,0,0,0,0
2020-04-01,0,0,0,0,0,0,0,0,0,0,0,0,0,0,0,0,0,0,0
2020-04-02,0,0,0,0,0,0,0,0,0,0,0,0,0,0.185066198,0.304084524,0.514513909,0.908092611,0.881466598,0.871840894
2020-04-03,0,0,0,0.01286201,0.084069269,0.398939197,0.913802752,0.798130887,1.153428883,0.763949185,0.710585623,0.480150473,0.602529164,0.737934726,0.613943013,0.294407767,0,0,0
2020-04-04,0,0,0,0,0,0,0,0,0,0,0,0,0,0,0,0,0,0,0
2020-04-05,0,0,0,0,0,0,0,0,0,0,0,0,0,0,0,0,0,0,0
2020-04-06,0,0,0,0,0,0,0,0,0,0,0,0,0,0,0,0,0,0,0
2020-04-07,0,0,0,0,0,0,0,0,0,0,0,0,0,0,0,0,0,0,0
2020-04-08,0,0,0,0,0,0,0,0,0,0,0,0,0,0,0,0,0,0,0
2020-04-09,0,0,0,0,0,0,0,0,0,0,0,0,0,0,0,0,0,0,0
2020-04-10,0,0,0,0,0,0,0,0,0,0,0,0,0,0.138504821,0.227578959,0.385065764,0.544920287,0.623928936,0.652491748
2020-04-11,0,0,0,0,0,0,0,0,0,0,0,0,0,0,0,0,0,0,0
2020-04-12,0,0,0,0,0,0,0,0,0,0,0,0,0,0,0,0,0,0,0
2020-04-13,17.7788105,17.27793358,16.79980448,14.5873852,13.28242974,12.45712846,11.56006412,11.1557073,9.898022876,8.249764992,8.294999388,8.022226604,7.790642165,6.581948235,6.053808773,5.427765486,4.890495234,4.86075344,4.850001335
2020-04-14,0,0,0.06078478,1.581846215,2.113409011,1.709382249,0.999631361,0.564598744,0.327899983,0.157888951,0.008253281,0,0,0,0,0,0,0,0
2020-04-15,0,0,0,0.026018054,0.399782851,0.923159871,1.978466071,2.037087136,1.496805601,1.040211672,0.907971954,0.573706535,0.342586718,0.122571446,0.007318283,0,0,0,0
2020-04-16,0,0,0.153502635,0.93538106,1.360928552,1.645967825,1.981069251,1.829304529,1.421542914,1.122722501,1.090684299,1.281276147,1.601876052,1.681400049,1.686393554,1.611680069,1.645005907,1.552151194,1.518582821
2020-04-17,5.989090919,5.93126189,5.782621144,5.108789935,4.747278874,4.448291337,3.96720539,4.266307558,4.502456723,4.466621715,4.707580058,4.548572579,4.242370566,3.613680066,3.372787108,3.223360137,2.913231273,3.004258084,3.037165642
2020-04-18,0,0,0,0,0,0,0,0,0,0,0,0,0,0,0,0,0,0,0
2020-04-19,0,0,0,0,0,0,0,0,0,0,0,0,0,0,0,0,0,0,0
2020-04-20,0,0,0,0,0,0,0,0,0,0,0,0,0,0,0,0,0,0,0
2020-04-21,0,0,0,0,0,0,0,0,0,0,0,0,0,0,0,0,0,0,0
2020-04-22,0,0,0,0,0,0,0,0,0,0,0,0,0,0,0,0,0,0,0
2020-04-23,0,0,0,0,0,0,0,0,0,0,0,0,0,0,0,0,0,0,0
2020-04-24,0,0,0,0,0,0,0,0,0,0,0,0,0,0,0,0,0,0,0
2020-04-25,5.351264,5.411621851,5.510566156,5.544951178,5.730167332,5.880836207,5.840618884,6.304321871,6.52367301,6.834586007,7.066761761,7.298231872,7.057872879,6.969605357,6.986679014,7.011018954,6.843760711,6.84778674,6.84924221
2020-04-26,4.81854248,5.937130044,6.921558807,7.358164952,8.107389189,8.660027029,8.184618344,9.848667711,11.57296492,13.6518817,14.41741581,14.9721128,15.2824695,16.64651391,17.70072268,18.74073934,19.45824247,19.13713616,19.02105141
2020-04-27,1.606180906,0.976889078,0.512183028,0.815249866,0.869569621,0.632942158,0.787766328,0.391298307,0.133041234,0.070352454,0.257944374,0.216522993,0.428360455,0.156051264,0.009549805,0,0,0,0
2020-04-28,0,0,0,0,0,0,0,0,0,0,0,0,0,0,0,0,0,0,0
2020-04-29,0,0,0,0,0,0,0,0,0,0,0,0,0,0,0,0,0,0,0
2020-04-30,0,0,0,0,0,0,0,0,0,0,0,0,0,0,0,0,0,0,0
2020-05-01,0,0,0,0,0,0,0,0,0,0,0,0,0,0,0,0,0,0,0
2020-05-02,0,0,0,0,0,0,0,0,0,0,0,0,0,0,0,0,0,0,0
2020-05-03,0,0,0,0,0,0,0,0,0,0,0,0,0,0,0,0,0,0,0
2020-05-04,0,2.253280667,3.387969017,2.359807391,2.667073676,4.870869181,6.26566373,8.529461315,9.747153068,11.30466881,11.45190411,7.861464388,3.837869462,1.236163406,0.056094272,0,0,0,0
2020-05-05,0,0,0,0,0,0,0,0,0,0,0,0,0,0,0,0,0,0,0
2020-05-06,0,0,0,0,0,0,0,0,0,0,0,0,0,0,0,0,0,0,0
2020-05-07,0,0,0,0,0,0,0,0,0,0,0,0,0,0,0,0,0,0,0
2020-05-08,0,0,0,0,0,0,0,0,0,0,0,0,0,0,0,0,0,0,0
2020-05-09,0,0,0,0,0,0,0,0,0,0,0,0,0,0,0,0,0,0,0
2020-05-10,0,0,0,0,0,0,0,0,0,0,0,0,0,0,0,0,0,0,0
2020-05-11,0,0,0,0,0,0,0,0,0,0,0,0,0,0,0,0,0,0,0
2020-05-12,0,0,0,0,0,0,0,0,0,0.285173324,1.29139758,3.050731835,2.581997926,2.456720771,2.803566439,2.481331968,0,0,0
2020-05-13,0,0,0,0,0,0.329257649,1.700070944,1.127227696,0.135627084,0.070230616,0,0,0,0,0,0,0,0,0
2020-05-14,0,0,0,0.644668376,0.508132591,0.473402679,0.00285943,0,0,0,0,0,0.621281616,0.314938513,0.026523159,0,0,0,0
2020-05-15,9.249659538,9.816850748,10.72708581,11.54537802,12.99025445,13.65459264,13.08350798,16.0353913,20.78269659,24.0848367,23.64498842,23.1962946,24.87525377,27.70061922,28.90767785,30.66197878,34.15039751,34.23206502,34.26158905
2020-05-16,0,0,0,0,0,0,0,0,0,0,0,0,0,0,0,0,0,0,0
2020-05-17,0,0,0,0,0,0,0,0,0,0,0,0,0,0,0,0,0,0,0
2020-05-18,0,0,0,0,0,0,0,0,0,0,0,0,0,0,0,0,0,0,0
2020-05-19,1.928952575,2.115402813,2.373437035,2.650940096,2.925633669,3.078171578,3.065166143,3.510196109,4.208568422,4.71952387,4.849997259,5.230610845,5.662321277,6.227330364,6.547320781,6.972753618,7.317555548,7.36896785,7.387554169
2020-05-20,3.857905149,4.230805627,4.74687407,5.301880193,5.851267337,6.156343157,6.130332286,7.020392219,8.417136845,9.43904774,9.699994517,10.46122169,11.32464255,12.45466073,13.09464156,13.94550724,14.6351111,14.7379357,14.77510834
2020-05-21,12.16674995,12.89386256,13.98501257,15.23203129,16.49019687,17.12874278,17.3804918,19.23310775,22.50682002,24.82345423,25.44676856,27.64230097,29.68362409,33.22012962,35.13199414,37.59903789,40.1213615,40.02240968,39.98663712
2020-05-22,0,0,0,0,0,0,0,0,0,0,0,0,0,0,0,0,0,0,0
2020-05-23,0,0,0,0,0,0,0,0,0,0,0,0,0,0,0,0,0,0,0
2020-05-24,0,0,0,0,0,0,0,0,0,0,0,0,0,0,0,0,0,0,0
2020-05-25,0,0,0,0,0,0,0,0,0,0,0,0,0,0,0,0,0,0,0
2020-05-26,3.610467196,3.372375234,3.524674673,4.644835688,4.871881812,5.164282839,4.821093347,4.88365982,6.011333552,6.99740896,7.740220481,8.424741988,8.632362244,9.617977254,10.27853531,11.19685223,11.96810707,12.05303615,12.08373928
2020-05-27,0,0,0,0,0,0,0,0,0,0,0,0,0,0,0,0,0,0,0
2020-05-28,0,0,0,0,0,0,0,0,0,0,0,0,0,0,0,0,0,0,0
2020-05-29,0,0,0,0,0,0,0,0,0,0,0,0,0,0,0,0,0,0,0
2020-05-30,1.805233598,1.097954146,0.575657454,0.434099253,0.148053496,0.001406243,0,0.13328186,0.461050457,0.89721531,0.88241644,1.151137428,2.279402994,2.016278137,1.59137319,0.771903975,0,0,0
2020-05-31,5.415700912,6.823263243,7.940365434,7.876299804,8.714955986,9.044572964,9.351477622,10.2773405,11.32880607,11.90248984,12.01049807,12.84606332,12.94854384,14.42696657,15.41780376,16.79527939,17.95216204,18.07955565,18.12561035
2020-06-01,0,0,0,0,0,0,0,0,0,0,0,0,0,0,0,0,0,0,0
2020-06-02,0,0,0,0,0,0,0,0,0,0,0,0,0,0,0,0,0,0,0
2020-06-03,0,0,0,0,0,0,0,0,0,0,0,0,0,0,0,0,0,0,0
2020-06-04,0,0,0,0,0,0,0,0,0,0,0,0,0,0,0,0,0,0,0
2020-06-05,0,0,0,0,0,0,0,0,0,0,0,0,0,0,0,0,0,0,0
2020-06-06,0,0,0,0,0,0,0,0,0,0,0,0,0,0,0,0,0,0,0
2020-06-07,0,0,0,0,0,0,0,0,0,0,0,0,0,0,0,0,0,0,0
2020-06-08,4.737010479,4.266512947,4.225302238,5.255206465,6.015354133,6.045305356,5.701663187,6.517948513,8.29973883,10.06403788,10.19313193,10.40087162,10.32828044,10.21893174,10.42789871,10.71649172,10.54911068,10.81203311,10.90708351
2020-06-09,9.474020958,8.533025894,7.73175521,7.734927231,7.142783743,6.70458142,6.658688808,5.962465356,5.359365398,5.751588455,6.331748885,7.952233577,7.932667852,6.80760964,6.566708459,6.555522433,5.994653792,5.597220027,5.453541756
2020-06-10,0,1.38543412,2.39892594,1.80698499,2.137949203,2.616722385,2.597894219,3.111936782,3.447017627,2.701305353,2.594523928,2.046569731,2.496352178,3.73400249,3.877026932,4.160969291,5.27455534,5.406016554,5.453541756
2020-06-11,8.410321236,8.309931007,8.814181706,11.37958346,10.28476735,10.89617774,13.55493579,11.97100805,11.37952873,10.51235445,11.72558341,10.57300732,5.328575949,4.607475949,4.959261792,6.351482582,7.29146553,7.143195668,7.089593887
2020-06-12,67.28256989,66.47944806,65.93479745,65.4529247,67.25807699,68.00440491,66.08567984,66.13997508,70.53646366,73.78464502,73.39893126,73.9700977,75.6106262,70.62827065,68.42196852,64.75616893,58.33172424,57.14556534,56.7167511
2020-06-13,50.46192932,49.8595887,49.45110094,48.90280677,48.56227689,48.86479513,47.96307003,47.34849273,49.09816602,49.53245837,48.48491614,49.43103109,53.4508972,52.36874373,51.34014005,50.58344062,49.66957718,49.63841933,49.6271553
2020-06-14,0,0,0,0,0,0,0.014984101,3.015721425,2.253936527,3.023471045,5.788347678,8.458746627,8.546833528,9.88877532,10.98803716,12.2784206,13.2122508,13.92244273,14.17918777
2020-06-15,0,0,0,0,0,0,0,0,0,0,0,0,0,0,0,0,0,0,0
2020-06-16,0,0,0,0,0,0,0,0,0,0,0.102868933,0.334873369,1.792583393,0.480796578,0,0,0,0,0
2020-06-17,0,0,0,0,0,0,0,0,0,0,0,0,0,0,0,0,0,0,0
2020-06-18,0,0,0,0,0,0,0,0,0,0,0,0,0,0,0,0,0,0,0
2020-06-19,0,6.601339708,11.75722566,9.528736891,10.68918329,11.72386164,16.50592692,15.17532358,12.48138786,11.31733533,11.30537175,10.95282684,11.54017728,19.55793634,22.45616231,25.50928638,34.77103579,34.82716878,34.8474617
2020-06-20,0,0,0,0,0,0,0.371111608,2.631527752,5.650924439,9.426414685,11.52053531,7.108450467,2.300392765,0.490892955,0,0,0,0,0
2020-06-21,9.480230331,10.05383626,10.94676111,11.8416937,12.87113309,13.30507838,12.65391477,12.20874703,13.11279438,13.75508139,13.73781744,16.04256556,19.10931215,18.66384771,18.40796722,19.68636494,22.78414106,22.51872939,22.42277908
2020-06-22,4.740115166,2.882967117,1.511539908,3.836412444,4.115589651,4.814697625,5.996680439,7.637108416,7.522088706,6.953469183,9.221948553,12.03301384,13.31904662,14.54395448,15.05150275,16.17885341,16.60409845,17.58398213,17.93822479
2020-06-23,9.480230331,10.05383626,10.53815827,10.69011797,11.14635352,11.36137137,11.1165275,10.71885109,9.493257968,9.031840037,8.151781967,7.719879118,7.637154229,7.229901802,6.849101924,5.873364877,4.556828452,4.503746221,4.484556198
2020-06-24,18.96046066,20.10767251,21.07631653,21.38023593,22.29270704,22.15791877,20.54546626,21.41425494,23.49421449,24.37068711,24.6853954,25.18755807,24.3679497,23.60837942,23.58358465,23.55710199,22.78414106,22.51872939,22.42277908
2020-06-25,14.2203474,15.08075517,15.27328226,12.83914588,11.75380873,11.67982014,12.36410297,12.27574226,13.31465678,14.82260619,15.46110892,16.03259226,16.6307969,15.42472444,15.17033954,15.03719225,13.67048464,13.51123777,13.45366764
2020-06-26,9.446785927,9.450016824,9.461342274,9.388657552,9.500433786,9.529170141,9.307291052,8.843330279,9.554341547,10.54407129,11.31509917,12.84952368,13.19368562,12.78290519,12.76273409,12.72727347,11.83870636,11.91185909,11.9383049
2020-06-27,22.04250145,22.05004009,22.07646601,21.90686801,22.16767937,22.23473099,21.72894291,22.00675428,23.67368242,24.71613283,26.08736176,27.38790498,27.54285436,25.94033119,25.52546817,25.45454695,23.67741272,23.82371818,23.8766098
2020-06-28,12.59571552,11.36521512,10.4654809,10.15746925,9.744410826,10.22425109,9.931997652,10.42794319,11.36460175,11.99964873,12.55696731,13.03440753,13.41119792,12.21112585,11.80444099,11.87912403,12.30585149,12.03589737,11.9383049
2020-06-29,12.59571552,12.60002289,12.90814346,13.547236,14.17753775,14.4235426,13.84512935,14.05779812,16.2056121,16.72351734,17.15076217,17.71048311,18.4867694,17.78801412,17.96417242,18.51858063,17.75806105,17.86779044,17.90745926
2020-06-30,6.297857761,7.534819401,8.389178534,8.176379598,8.288130284,8.404146128,7.86757366,8.676950244,8.631345146,8.416742619,7.336542561,7.057041771,8.209646531,8.539892469,8.613757261,8.697305831,8.879030526,8.933895219,8.95372963
2020-07-01,0,0,0,0,0,0,0,0,0,0,0,0,0,0,0,0,0,0,0
2020-07-02,0,0,0,0,0,0,0,0,0,0,0,0,0,0,0,0,0,0,0
2020-07-03,0,0,1.011105754,2.731143668,3.114250802,2.860378189,4.380503893,4.677116123,3.804245376,1.956832272,4.615759791,8.6633042,12.52866291,16.0350195,16.75894179,17.70313839,19.24537957,19.31573346,19.34116745
2020-07-04,0,0,0,0,0,0,0,0,0,0,0,0,0,0,0,0,0,0,0
2020-07-05,0,0,0,0,0,0,0,0,0,0,0,0,0,0,0,0,0,0,0
2020-07-06,8.70816803,8.316316062,7.487878812,6.534772755,4.608944595,5.221285676,5.413066453,4.679286712,3.795079574,2.332393936,1.747817149,1.425480043,0.539251656,0.189024997,0.010960249,0,0,0,0
2020-07-07,0,0,0,2.054281839,2.709834035,2.426912751,2.067055298,2.083322449,1.45691367,1.859420828,1.843326274,2.765769804,3.491586783,4.129211134,4.38047525,4.406902336,4.356176414,4.374885428,4.381649017
2020-07-08,8.70816803,8.316316062,8.567311697,7.594406835,8.464088211,8.35742009,7.719365535,7.966438581,10.47649947,11.22969709,11.33280776,10.52510687,9.224837283,8.78988756,8.7609505,8.813804671,8.712352828,8.749770856,8.763298035
2020-07-09,0,0,0,0,0,0,0.173388502,1.135143836,2.496046294,4.689131918,5.525152472,5.423614557,5.690921987,5.70308911,5.930646682,6.992717453,8.712352828,8.749770856,8.763298035
2020-07-10,0,0,0,0,0,0,0,0,0,0,0,0,0,0,0,0,0,0,0
2020-07-11,0,0,0,0,0,0,0,0,0,0,0,0,0,0,0,0,0,0,0
2020-07-12,0,0,0,0,0,0,0,0,0,0,0,0,0,0,0,0,0,0,0
2020-07-13,0,0,0,0,0,0,0,0.136701244,1.080513067,2.124195647,2.719306765,4.248326837,5.163100685,6.628646855,7.166171677,7.661891927,8.394157967,8.458716009,8.48205471
2020-07-14,11.89753628,11.44490125,11.08159025,10.97225275,10.65569731,10.75801876,10.034876,10.40893568,11.50950273,11.79258339,11.53148887,10.07953034,8.390553872,7.353340246,7.166171677,7.661891927,8.394157967,8.458716009,8.48205471
2020-07-15,0,0,0,0,0,0,0,0,0,0,0,0,0,0,0,0,0,0,0
2020-07-16,0,0,0,0,0,0,0,0,0,0,0,0,0,0,0,0,0,0,0
2020-07-17,0,0,0,0,0,0,0,0,0,0,0,0,0,0,0,0,0,0,0
2020-07-18,0,0,0,0,0,0,0,0,0,0,0,0.028789516,0.049328615,0.002318326,0,0,0,0,0
2020-07-19,0,0,0,0,0,0,0,0,0,0,0,0,0,0,0,0,0,0,0
2020-07-20,0,3.78653227,6.59720856,5.165357134,7.469693863,8.386783483,9.477975795,9.953877121,11.41585304,12.42720639,12.66060835,12.57572106,11.88910855,11.85793808,12.05116902,12.79381213,13.73847932,13.80099617,13.82359695
2020-07-21,28.71603203,27.4484628,26.42055688,26.19992042,25.49619726,25.69899862,22.45718999,22.5133337,26.04190718,27.60611993,26.92300132,25.42867004,22.58196944,21.32338592,21.43417457,22.54730938,23.41213604,23.52438331,23.56496239
2020-07-22,0,0,0,0,0,0,0,0,0,0,0,0,0,0,0,0,0,0,0
2020-07-23,0,0,0,0,0,0,0,0,0,0,0,0,0,0,0,0,0,0,0
2020-07-24,0,0,0,0,0,0.008968445,1.111389485,1.978382046,1.932271,2.963246588,3.886711157,4.216450617,5.634984022,5.330352613,5.358543643,5.636827345,5.85303401,5.881095828,5.891240597
2020-07-25,0,0,0,0,0,0,0,0,0,0,0,0,0,0,0,0,0,0,0
2020-07-26,0,0,0,0,0,0,0,0,0,0,0,0,0,0,0,0,0,0,0
2020-07-27,0,0,0,0,0,0,0,0,0,0,0,0,0,0,0,0,0,0,0
2020-07-28,0,0,0,0,0,0,0,0,0,0,0,0,0,0,0,0,0,0,0
2020-07-29,0,0,0,0,0,0,0,0,0,0,0,0,0,0,0,0,0,0,0
2020-07-30,0,0,0,0,0,0,0,0,0,0,0,0,0,0,0,0,0,0,0
2020-07-31,0,0,0,0,0,0,0,0,0,0,0,0,0,0,0,0,0,0,0
2020-08-01,6.673459053,6.255536466,5.956471716,5.594550361,4.835727167,4.3827477,5.00252714,3.692188718,2.208068326,2.295771963,2.635794252,2.283554479,1.238758553,0.109946289,0,0,0,0,0
2020-08-02,0,0,0,0,0,0,0,0,0,0,0,0,0,0,0,0,0,0,0
2020-08-03,0,0,0,0,0,0,0,0,0,0,0,0,0,0,0,0,0,0,0
2020-08-04,0,0,0,0,0,0,0,0,0,0,0,0,0,0,0,0,0,0,0
2020-08-05,0,0,0,0,0,0,0,0,0,0,0,0,0,0,0,0,0,0,0
2020-08-06,0,0,0.078091286,0.463821628,1.092863008,1.296132254,0.914660581,1.539875007,2.683455982,3.104883107,2.373072547,0.354138387,0.900742289,3.466567337,4.396146582,5.146504448,5.979599456,6.846588788,7.160018444
2020-08-07,0,0,0,0,0,0,0,0,0,0,0,0,0,0,0,0,0,0,0
2020-08-08,0,0,0,0,0,0,0,0,0,0,0,0,0,0,0,0,0,0,0
2020-08-09,0,0,0,0,0,0,0,0,0,0,0,0,0,0,0,0,0,0,0
2020-08-10,0,0,0,0,0,0,0,0,0,0,0,0,0,0,0,0,0,0,0
2020-08-11,0,0,0,0,0,0,0,0,0.251748884,0.135150312,0.140225187,0,0,0,0,0,0,0,0
2020-08-12,0,0,0,0,0,0,0,0,0,0,0,0,0,0,0,0,0,0,0
2020-08-13,0,0,0,0,0,0,0,0,0,0,0,0,0,0,0,0,0,0,0
2020-08-14,6.416864395,5.89960787,5.493402442,5.247543868,4.692567311,3.988085032,1.747007845,1.513100283,1.576801456,1.048280831,0.609019102,0.296286514,0,0,0,0,0,0,0
2020-08-15,0,0,0,0,0,0,0.106700861,0.784236442,2.296115092,3.758817768,5.501612148,7.476742856,7.087334646,4.006366932,3.064805404,2.712544821,1.282528103,0.340542084,0
2020-08-16,0,0,0,0,0,0,0,0,0,0,0,0,0,0,0,0,0,0,0
2020-08-17,0,0,0,0,0,0,0,0,0,0,0,0,0,0,0,0,0,0,0
2020-08-18,0,0,0,0,0,0,0,0,0,0,0,0,0,0,0,0,0,0,0
2020-08-19,0,0,0,0,0,0,0,0,0,0,0,0,0,0,0,0,0,0,0
2020-08-20,0,2.351848261,4.104959985,4.485683155,5.628988827,6.236866017,6.894059864,7.39148216,7.477195512,8.343669354,9.840046632,11.53220628,11.33278078,9.536587884,9.10904315,9.538470582,8.938699152,9.001570636,9.024299622
2020-08-21,9.870369911,8.436084206,7.364873639,6.959681555,6.292710366,6.374244789,7.334767484,8.0139058,8.515109132,9.769441016,11.8576145,14.17721984,13.65538597,10.70821711,9.842142184,10.53880375,10.05868066,10.29315228,10.37791729
2020-08-22,0,0,0,0.021917039,0.265372149,0.714557811,0.698673792,1.507877603,2.054487056,1.904487078,1.631942096,1.148590573,1.130429866,1.081332815,0.89754447,0.430056834,0,0,0
2020-08-23,0,0.810954803,1.40579491,1.461968458,1.306248464,1.153974208,1.446963583,0.841601765,0.002389566,0,0,0,0,0.550731707,0.904913977,1.531123061,2.514670164,2.57328807,2.594479322
2020-08-24,0,0,0,0,0,0,0,0,0,0,0,0.519605616,0.936442603,1.06321175,1.187548067,1.041380351,0.347923351,0.092382025,0
2020-08-25,0,0,0,0,0,0,0,0,0,0,0,0,0,0,0,0,0,0,0
2020-08-26,0,0,0,0,0,0,0,0,0,0,0,0,0,0,0,0,0,0,0
2020-08-27,0,0,0,0,0,0,0,0,0,0,0,0,0,0,0,0,0,0,0
2020-08-28,0,0,0,0,0,0,0,0,0,0,0,0,0,0,0,0,0.874472601,0.232193526,0
2020-08-29,0,0,0,0,0,0,0,0,0,0,0,0,0,0,0,0,0,0,0
2020-08-30,0,0,0,0.041409727,0.270664193,0.657655938,1.151265895,2.551209532,3.810101011,3.735720039,3.556094283,3.114072908,3.612589465,5.843271639,6.75270876,7.949617024,10.18474146,10.89236948,11.14818764
2020-08-31,0,0,0,0,0,0,0,0,0,0,0,0,0,0,0,0,0,0,0
2020-09-01,0,0,0,0,0,0,0,0,0,0,0,0,0,0,0,0,0,0,0
2020-09-02,0,0,0,0,0,0,0,0,0,0,0,0,0,0,0,0,0,0,0
2020-09-03,0,0,0,0,0,0,0,0,0,0,0,0,0,0,0,0,0,0,0
2020-09-04,0,0,0,0,0,0,0,0,0,0,0,0,0,0,0,0,0,0,0
2020-09-05,0,0,0,0,0,0,0,0,0,0,0,0,0,0,0,0,0,0,0
2020-09-06,0,0,0,0,0,0,0,0,0,0,0,0,0,0,0,0,0,0,0
2020-09-07,1.923878431,2.209980812,2.442777716,2.282941532,2.415743115,2.504669231,2.107273879,2.399169014,3.181052697,3.960401918,3.871789073,4.17099663,4.804043979,5.064460952,5.56801645,6.213567011,6.141790768,6.051212042,6.018466473
2020-09-08,7.695513725,8.839923248,9.940275882,9.906167678,10.99423123,11.85672886,10.12966373,11.7756805,15.68715268,19.80200947,19.25203003,17.78221854,17.62127173,16.88215157,17.43049455,18.50346875,18.42537151,18.15363556,18.05539894
2020-09-09,11.54327011,12.22001815,13.09315243,13.49697731,14.51982775,14.94917521,12.28195504,13.8780605,18.3847107,23.35285367,22.80295011,21.14302089,21.14552613,19.49205513,19.65710416,20.07309558,18.42537151,18.15363556,18.05539894
2020-09-10,1.923878431,3.249846962,4.272064213,4.116087252,4.87782215,5.677651288,4.887414001,5.496832446,7.58123788,9.927201924,10.51864377,11.6114604,11.18685487,11.49169826,12.1203846,12.90459902,12.28358154,12.10242408,12.03693295
2020-09-11,7.16535902,8.212338133,9.257855584,9.286652933,10.34466702,10.95721891,9.084425047,10.42595217,14.70636982,18.69917803,18.15098746,17.85403427,18.1333697,16.83689399,17.2478388,17.85957828,16.56978346,15.93142111,15.70064354
2020-09-12,8.956699371,11.22900411,13.31555718,13.22927082,15.14853073,16.68429906,13.42895021,15.58362831,22.11036091,29.05711258,28.75692737,27.5804067,28.00249447,27.39181368,28.38947637,29.65112216,27.78696495,27.55866102,27.47612572
2020-09-13,8.956699371,10.26542284,11.57231934,11.608316,12.78054762,13.5570388,10.67425966,12.67311059,17.71941319,23.30562357,22.56294366,21.41688243,21.45802272,20.67680493,21.57200401,22.32447334,19.84783266,19.68475861,19.6258049
2020-09-14,0,0,0,0,0,0,0,0,0,0,0,0,0,0,0,0,0,0,0
2020-09-15,0,0,0,0,0,0,0,0,0,0,0,0,0,0,0,0,0,0,0
2020-09-16,0,0,0,0,0,0,0,0,0,0,0,0,0,0,0,0,0,0,0
2020-09-17,1.602229834,1.675607207,1.794200146,1.884374847,2.20339175,2.619523511,2.169581667,2.90418272,4.480269874,6.131577332,5.469835526,5.147331905,5.892065442,6.489903534,7.036666663,7.578218587,7.599914475,7.453052406,7.399959564
2020-09-18,0,0.701121195,1.283277046,1.225651409,1.606427406,1.719698709,1.400166291,1.729376708,2.564319233,3.426986418,3.624019273,3.680488425,3.481229366,3.380665378,3.518333331,3.789109294,3.799957238,3.726526203,3.699979782
2020-09-19,0,0,0,0,0,0,0,0,0,0,0,0,0,0,0,0,0,0,0
2020-09-20,3.204459667,3.351214414,3.588400292,3.733495397,4.013587815,4.147231353,3.287297109,3.737653483,5.250696891,6.918517559,7.248038546,7.360976849,6.962458732,6.761330756,7.036666663,7.578218587,7.599914475,7.453052406,7.399959564
2020-09-21,0,0,0,0,0,0,0,0,0,0,0,0,0,0,0,0,0,0,0
2020-09-22,0,0,0,0,0,0,0,0,0,0,0,0,0,0,0,0,0,0,0
2020-09-23,0,0,0,0,0,0,0,0.3893856,2.974594799,5.289533678,7.050781481,9.552159141,12.14610301,15.65065901,17.40331099,19.06370005,19.8314722,19.56889574,19.47397041
2020-09-24,0,0,0,0,0,0,0,0,0,0,0,0,0,0,0,0,0,0,0
2020-09-25,0,0,0,0,0,0,0,0,0,0,0,0,0,0,0,0,0,0,0
2020-09-26,0,0,0,0,0,0,0,0,0,0,0,0,0,0,0,0,0,0,0
2020-09-27,0,0,0,0,0,0,0,0,0,0,0,0,0,0,0,0,0,0,0
2020-09-28,0,0,0,0,0,0,0,0,0,0,0,0,0,0,0,0,0,0,0
2020-09-29,0,0,0,0,0,0,0,0,0,0,0,0,0,0,0,0,0,0,0
2020-09-30,0,0,0,0,0,0,0,0,0,0,0,0,0,0,0,0,0,0,0
2020-10-01,0,0,0,0,0,0,0,0,0,0,0,0,0,0,0,0,0,0,0
2020-10-02,0,0,0,0,0,0,0.048037538,0.220201986,0.550038636,0.658191999,0.687307162,0.764158716,0.798974486,1.888220916,2.221127727,2.536901655,3.394697159,3.454601838,3.476258278
2020-10-03,0,0,0,0,0,0,0,0,0,0,0,0,0,0,0,0,0,0,0
2020-10-04,0,0,0,0,0,0,0,0,0,0,0,0,0,0,0,0,0,0,0
2020-10-05,0,0,0,0,0,0,0,0,0,0,0,0,0,0,0,0,0,0,0
2020-10-06,0,0,0,0,0,0,0,0,0,0,0,0,0,0,0,0,0,0,0
2020-10-07,0,0,0,0,0,0,0,0,0,0,0,0,0,0,0,0,0,0,0
2020-10-08,0,0,0,0,0,0,0,0,0,0,0,0,0,0,0,0,0,0,0
2020-10-09,0,0,0,0,0,0,0,0,0,0,0,0,0,0,0,0,0,0,0
2020-10-10,0,0,0,0,0,0,0,0,0,0,0,0,0,0,0,0,0,0,0
2020-10-11,0,0,0,0,0,0,0,0,0,0,0,0,0,0,0,0,0,0,0
2020-10-12,0,0,0,0,0,0,0,0,0,0,0,0,0,0,0,0,0,0,0
2020-10-13,0,0,0,0,0,0,0,0,0,0,0,0,0,0,0,0,0,0,0
2020-10-14,0,0,0,0,0,0,0,0,0,0,0,0,0,0,0,0,0,0,0
2020-10-15,0,0,0,0,0,0,0,0,0,0,0,0,0,0,0,0,0,0,0
2020-10-16,0,0,0,0,0,0,0,0,0,0,0,0,0,0,0,0,0,0,0
2020-10-17,0,0,0,0,0,0,0,0,0,0,0,0,0,0,0,0,0,0,0
2020-10-18,0,0,0,0,0,0,0,0,0,0,0,0,0,0,0,0,0,0,0
2020-10-19,0,0,0,0,0,0,0,0,0,0,0,0,0,0,0,0,0,0,0
2020-10-20,0,0,0,0,0,0,0,0,0,0,0,0,0,0,0,0,0,0,0
2020-10-21,0,0,0,0,0,0,0,0,0,0,0,0,0,0,0,0,0,0,0
2020-10-22,0,0,0,0,0,0,0,0,0,0,0,0,0,0,0,0,0,0,0
2020-10-23,0,0,0,0,0,0,0,0.021932382,0.121987217,0.237669519,0.211323364,0,0,0,0,0,0.358012256,0.095060872,0
2020-10-24,0,0,0,0,0,0,0.223401546,1.160295539,3.222284413,4.476177606,4.232146267,3.207139077,3.338117802,7.330065527,8.469496691,9.529673671,12.70089059,12.86173648,12.91988468
2020-10-25,0,0,0,0,0,0,0,0,0,0,0,0,0,0,0,0,0,0,0
2020-10-26,0,0,0,0,0,0,0,0,0,0,0,0,0,0,0,0,0,0,0
2020-10-27,0,0,0,0,0,0,0,0,0,0,0,0,0,0,0,0,0,0,0
2020-10-28,0,0,0,0,0,0,0,0,0,0,0,0,0,0,0,0,0,0,0
2020-10-29,0,0,0,0,0,0,0,0,0,0,0,0,0,0,0,0,0,0,0
2020-10-30,1.801185727,2.138924973,2.510469005,2.642953246,2.979334621,3.345316007,3.762278229,4.611361255,3.250190211,2.604836895,4.889939528,6.853765417,4.600152999,2.014604926,1.425851644,1.261968048,0,0,0
2020-10-31,5.403556824,5.373341935,5.275891739,5.35428463,5.377215749,5.164267328,5.453902741,4.279984885,3.794405726,4.100899484,3.631118719,4.047181874,5.899156926,5.576941907,5.558168025,5.895385012,6.231353187,6.255467328,6.264184952
2020-11-01,0,0,0,0,0,0,0,0,0,0,0,0,0,0,0,0,0,0,0
2020-11-02,2.709820986,2.072081213,1.640430362,1.713053814,1.625049573,1.430570807,1.272884779,1.687942913,1.765447515,1.814047618,1.873926021,1.870530644,1.489279682,1.728446638,1.889297456,2.102885768,2.373486325,2.354182743,2.347204208
2020-11-03,0,0.423951469,0.746469422,1.221811804,1.528917385,1.592288908,1.839249482,1.451218332,1.105598577,1.506098631,2.547224705,3.205119736,3.19132501,3.222708391,3.281649366,3.761729304,4.74697265,4.708365486,4.694408417
2020-11-04,1.354910493,1.67196781,1.875660878,1.410661151,1.604809563,1.827320284,1.753628976,2.201517887,2.931210095,3.311494037,3.803716356,3.92291863,3.952045109,3.717996117,3.778594913,4.205771537,4.74697265,4.708365486,4.694408417
2020-11-05,1.354910493,1.248016341,1.208373079,1.367518557,1.43934741,1.443833691,1.696012817,1.817203621,2.278040481,2.386359858,2.438904813,2.941608016,3.307293927,3.565082601,3.778594913,4.205771537,4.74697265,4.708365486,4.694408417
2020-11-06,1.660531998,1.413883968,1.240063757,1.251041593,1.17487064,1.166744395,1.123272878,1.565768276,1.643556321,1.946375748,2.124494696,2.422656426,2.616110383,3.112620635,3.486988237,4.238289058,5.062883023,5.288761514,5.370419979
2020-11-07,1.660531998,1.413883968,1.277617366,1.093161032,0.8860265,0.807308643,1.049363886,0.845046174,0.973212732,1.10164235,1.402309243,1.526223633,1.39030981,1.382979295,1.433067284,1.590922068,1.783935082,1.788492469,1.790140033
2020-11-08,0,0.403938223,0.748102724,0.702524299,0.88788814,0.980128671,0.758538076,0.993282434,1.504996092,1.53569805,1.822376255,1.852077704,1.643023382,1.864857335,2.064478743,2.64736706,3.856792285,3.653700716,3.580280066
2020-11-09,0,0,0,0.374177108,0.640767242,0.563611913,0.446086734,0.435294003,0.239043043,0.126765468,0.155598809,0.092932581,0.087842945,0.018308121,0,0,0,0,0
2020-11-10,1.660531998,1.817822191,1.884967441,2.043392698,2.548969064,2.650226782,3.01123523,2.990141888,3.309206997,3.829101452,4.644119239,5.414515297,5.700887457,5.995487225,6.363680802,7.420133617,8.919675827,8.942462893,8.95070076
2020-11-11,0,0,0,0,0,0,0,0,0,0,0,0,0,0,0,0,0,0,0
2020-11-12,0,0,0,0,0,0,0,0,0,0,0,0,0,0,0,0,0,0,0
2020-11-13,0,0,0,0,0,0,0,0,0,0,0,0,0.16864187,1.042698147,1.580003951,2.661200103,4.589461665,4.530649814,4.509388447
2020-11-14,0,0,0,0,0,0,0,0,0,0,0,0,0,0,0,0,0,0,0
2020-11-15,0,0,0,0,0,0,0,0,0,0,0,0,0,0,0,0,0,0,0
2020-11-16,0,0,0,0,0,0,0,0,0,0,0,0,0,0,0,0,0,0,0
2020-11-17,0,0,0,0,0,0,0,0,0,0,0,0,0,0,0,0,0,0,0
2020-11-18,0,0,0,0,0,0,0,0,0,0,0,0,0,0,0,0,0,0,0
2020-11-19,0,0,0,0,0,0,0,0,0,0,0,0,0,0,0,0,0,0,0
2020-11-20,0,0,0,0,0,0,0,0,0,0,0,0,0,0,0,0,0,0,0
2020-11-21,1.502509475,1.515581355,1.560509998,1.712782927,2.017077509,2.028480814,2.074949265,2.240565053,2.582447224,2.860897657,3.283641469,3.568755954,3.632276154,3.786479252,4.075301651,4.913523816,6.003217816,6.025319404,6.03330946
2020-11-22,0,0,0,0,0,0,0,0,0,0,0,0,0,0,0,0,0,0,0
2020-11-23,0,0,0,0,0,0,0,0,0,0,0,0,0,0,0,0,0,0,0
2020-11-24,0,0,0,0,0,0,0,0,0,0,0,0,0,0,0,0,0,0,0
2020-11-25,0,0,0,0,0,0,0,0,0,0,0,0,0,0,0,0,0,0,0
2020-11-26,0,0,0,0,0,0,0,0,0,0,0,0,0,0,0,0,0,0,0
2020-11-27,0,0,0,0,0,0,0,0,0,0,0,0,0,0,0,0,0,0,0
2020-11-28,0,0,0,0,0,0,0,0,0,0,0,0,0,0,0,0,0,0,0
2020-11-29,0,0,0,0,0,0,0,0,0,0,0,0,0,0,0,0,0,0,0
2020-11-30,0,0,0,0,0,0,0,0,0,0,0,0,0,0,0,0,0,0,0
2020-12-01,0,0,0,0,0,0,0,0,0,0,0,0,0,0,0,0,0,0,0
2020-12-02,0,0,0,0,0,0,0,0,0,0,0,0,0,0,0,0,0,0,0
2020-12-03,0.899602294,1.202410427,1.48711013,1.35305406,1.470950781,1.403694645,1.31612294,1.157281027,1.110200091,0.957674171,0.525042004,0.367716624,0,0,0,0,0,0,0
2020-12-04,0,0,0,0,0,0,0,0,0,0,0,0,0,0,0,0,0,0,0
2020-12-05,0,0,0,0,0,0,0,0,0,0,0,0.005704586,0.009774368,0.000459372,0,0,0,0,0
2020-12-06,0,0,0,0,0,0,0,0,0,0,0,0,0,0,0,0,0,0,0
2020-12-07,0,0,0,0,0,0,0,0,0,0,0,0.020056829,0.03436583,0.001615111,0,0,0,0,0
2020-12-08,0,0,0,0,0,0,0,0,0,0,0,0,0,0,0,0,0,0,0
2020-12-09,0,0,0,0,0,0,0,0,0,0,0,0,0,0,0,0,0,0,0
2020-12-10,0,0,0,0,0,0,0,0,0,0,0,0,0,0,0,0,0,0,0
2020-12-11,0,0,0,0,0,0,0,0,0,0,0,0,0,0,0,0,0,0,0
2020-12-12,0,0,0,0,0,0,0,0,0,0,0,0,0,0,0,0,0,0,0
2020-12-13,0,0,0,0,0,0,0,0,0,0,0,0,0,0,0,0,0,0,0
2020-12-14,0,0,0,0,0,0,0,0,0,0,0,0,0,0,0,0,0,0,0
2020-12-15,0,0,0,0,0,0,0,0,0,0,0,0,0,0,0,0,0,0,0
2020-12-16,0,0,0,0,0,0,0,0,0,0,0,0,0,0,0,0,0,0,0
2020-12-17,0,0,0,0,0,0,0,0,0,0,0,0,0,0,0,0,0,0,0
2020-12-18,0,0,0,0,0,0,0,0,0,0,0,0,0,0,0,0,0,0,0
2020-12-19,0,0,0,0,0,0,0,0,0,0,0,0,0,0,0,0,0,0,0
2020-12-20,0,0,0,0,0,0,0,0,0,0,0,0,0,0,0,0,0,0,0
2020-12-21,0,0,0,0,0,0,0,0,0,0,0,0,0,0,0,0,0,0,0
2020-12-22,0,0,0,0,0,0,0,0,0,0,0,0,0,0,0,0,0,0,0
2020-12-23,0,0,0,0,0,0,0,0,0,0,0,0,0,0,0,0,0,0,0
2020-12-24,0,0,0,0,0,0,0,0,0,0,0,0,0,0,0,0,0,0,0
2020-12-25,0,0,0,0,0,0,0,0,0,0,0,0,0,0,0,0,0,0,0
2020-12-26,0.410118967,0.249436871,0.130779773,0.105818924,0.076181657,0.052777966,0.335349506,1.240550968,3.087717579,3.925761046,3.384569482,3.827965782,6.861228551,10.97816215,12.66697395,15.09767833,18.62538617,18.72931001,18.76688004
2020-12-27,0,0,0,0,0,0,0,0,0,0,0,0,0,0,0,0,0,0,0
2020-12-28,0,0,0,0,0.01326194,0.000125965,0,0,0,0,0,0,0,0,0,0,0,0,0
2020-12-29,0,0,0,0,0,0,0,0,0,0.196302491,0.890901273,1.234109853,0.661098806,0.167641851,0,0,0,0,0
2020-12-30,0,0,0,0.001236331,0.074226655,0.20650619,0.100751469,0.219846136,0.321627191,0.545115894,1.607686098,1.887866619,1.271891579,0.231143625,0,0,0,0,0
2020-12-31,0,0,0,0.001236331,0.074226655,0.20650619,0.100751469,0.219846136,0.321627191,0.545115894,1.607686098,1.933602918,1.350257199,0.234826621,0,0,0,0,0
2021-01-01,0,0,0,0,0,0,0,0,0,0,0,0,0,0,0,0,0,0,0
2021-01-02,0,0,0,0,0,0,0,0,0,0,0,0,0,0,0,0,0,0,0
2021-01-03,0,0,0,0,0,0,0,0,0,0,0,0,0,0,0,0,0,0,0
2021-01-04,0,0,0,0,0,0,0,0,0,0,0,0,0,0,0,0,0,0,0
2021-01-05,0,0,0,0,0,0,0,0,0,0,0,0,0,0,0,0,0,0,0
2021-01-06,0,0,0,0,0,0,0,0,0,0,0,0,0,0,0,0,0,0,0
2021-01-07,0,0,0,0,0,0,0,0,0,0,0,0,0,0,0,0,0,0,0
2021-01-08,0,0,0,0,0,0,0,0,0,0,0,0,0,0,0,0,0,0,0
2021-01-09,0,0,0,0,0,0,0,0,0,0,0,0,0,0,0,0,0,0,0
2021-01-10,0,0,0,0,0,0,0,0,0,0,0,0,0,0,0,0,0,0,0
2021-01-11,0,0,0,0,0,0,0,0,0,0,0,0,0,0,0,0,0,0,0
2021-01-12,0,0,0,0,0,0,0,0,0,0,0,0,0,0,0,0,0,0,0
2021-01-13,0,0,0,0,0,0,0,0,0,0,0,0,0,0,0,0,0,0,0
2021-01-14,0,0,0,0,0,0,0,0,0,0,0,0,0,0,0,0,0,0,0
2021-01-15,0,0,0,0,0,0,0,0,0,0,0,0,0,0,0,0,0,0,0
2021-01-16,0,0,0,0,0,0,0,0,0,0,0,0,0,0,0,0,0,0,0
2021-01-17,0,0,0,0,0,0,0,0,0,0,0,0.03198725,0.054807686,0.002575829,0,0,0,0,0
2021-01-18,0,0,0,0,0,0,0,0,0,0,0,0,0,0,0,0,0,0,0
2021-01-19,0,0,0,0,0,0,0,0,0,0,0,0,0,0,0,0,0,0,0
2021-01-20,0,0,0,0,0,0,0,0,0,0,0,0,0,0,0,0,0,0,0
2021-01-21,0,0,0,0,0,0,0,0,0,0,0,0,0,0,0,0,0,0,0
2021-01-22,0,0,0,0,0,0,0,0,0,0,0,0,0,0,0,0,0,0,0
2021-01-23,0,0,0,0,0,0,0,0,0,0,0,0,0,0,0,0,0,0,0
2021-01-24,0,0,0,0,0,0,0,0,0,0,0,0,0,0,0,0,0,0,0
2021-01-25,0,0,0,0,0,0,0,0,0,0,0,0,0,0,0,0,0,0,0
2021-01-26,0,0,0,0,0,0,0,0,0,0,0,0,0,0,0,0,0,0,0
2021-01-27,0,0,0,0,0,0,0,0,0,0,0,0,0,0,0,0,0,0,0
2021-01-28,0,0,0,0,0,0,0,0,0,0,0,0,0,0,0,0,0,0,0
2021-01-29,0,0,0,0,0,0,0,0,0,0.148791791,0.676935964,0.940817245,0.529982156,1.608521174,2.421463015,4.097138465,6.929507394,6.939107321,6.942577839
2021-01-30,0,0,0,0,0,0,0.046609837,0.326067399,0.844350551,1.247528439,1.924063875,2.383314706,3.559153665,5.15884441,5.617989068,6.004777843,6.929507394,6.939107321,6.942577839
2021-01-31,0,0,0,0,0,0,0.046609837,0.326067399,0.844350551,1.247528439,1.924063875,2.383314706,3.559153665,5.15884441,5.617989068,6.004777843,6.929507394,6.939107321,6.942577839
2021-02-01,0,0,0,0,0,0,0,0,0,0,0,0,0,0,0,0,0,0,0
2021-02-02,0,0,0,0,0,0,0,0,0,0,0,0,0,0,0,0,0,0,0
2021-02-03,0,0,0,0,0,0,0,0,0,0,0,0,0,0,0,0,0,0,0
2021-02-04,0,0,0,0,0,0,0,0,0,0,0,0,0,0,0,0,0,0,0
2021-02-05,0,0,0.257960071,0.735487665,1.279791793,2.024454969,2.47149132,3.980395911,5.32188738,6.169556386,5.772356527,3.84871812,6.007835766,5.836090206,4.766580489,2.294303969,0,0,0
2021-02-06,0,0,0,0,0,0,0.102501531,0.088084766,0.087263156,0,0,0,0,0,0,0,0,0,0
2021-02-07,0,0,0,0,0,0,0,0,0,0,0,0,0,0,0,0,0,0,0
2021-02-08,0,0,0,0,0,0,0,0,0,0,0,0,0,0,0,0,0,0,0
2021-02-09,0,0,0,0,0,0,0,0,0,0,0,0,0,0,0,0,0,0,0
2021-02-10,0,0,0,0,0,0,0,0,0,0,0,0,0,0,0,0,0,0,0
2021-02-11,0,0,0,0,0,0,0,0,0,0,0,0,0,0,0,0,0,0,0
2021-02-12,0,0,0,0,0,0,0,0,0.142042822,0.242859866,0.79043191,1.77907485,1.352417448,2.26008665,2.991247299,4.389975784,6.206016283,6.195181548,6.191264629
2021-02-13,0,0,0,0,0,0,0,0,0,0,0,0,0,0,0,0,0,0,0
2021-02-14,0,0,0,0,0,0,0,0,0,0,0,0,0,0,0,0,0,0,0
2021-02-15,0,0,0,0,0,0,0,0,0,0,0,0,0,0,0,0,0,0,0
2021-02-16,0,0,0,0,0,0,0,0,0,0,0,0,0,0,0,0,0,0,0
2021-02-17,0,0,0,0,0,0,0,0,0,0,0,0,0,0,0,0,0,0,0
2021-02-18,0,0,0,0,0,0,0,0,0,0,0,0,0,0,0,0,0,0,0
2021-02-19,0,0,0,0,0,0,0,0,0,0,0,0,0,0,0,0,0,0,0
2021-02-20,0,0,0,0,0,0,0,0,0,0,0,0,0,0,0,0,0,0,0
2021-02-21,0,0,0,0,0,0,0,0,0.223911644,0.41011859,1.36484411,3.0128959,2.22175972,3.575299153,4.720421532,6.90084794,9.747098266,9.694001774,9.674806595
2021-02-22,0,0,0,0,0,0,0,0,0,0,0,0,0,0,0,0,0,0,0
2021-02-23,0,0,0,0,0,0,0,0,0,0,0,0,0,0,0,0,0,0,0
2021-02-24,0,0,0,0,0,0,0,0,0,0,0,0,0,0,0,0,0,0,0
2021-02-25,0,0,0,0,0,0,0,0,0,0,0,0,0,0,0,0,0,0,0
2021-02-26,0,0,0,0,0,0,0,0,0,0,0,0.007464681,0.012790155,0.596703962,0.979463864,1.657262178,2.792544416,2.80405874,2.80822134
2021-02-27,0,0,0,0,0,0,0,0,0,0,0,0,0,0,0,0,0,0,0
2021-02-28,0,0,0,0,0,0,0,0,0,0,0,0,0,0,0,0,0,0,0
2021-03-01,0,0,0,0,0,0,0,0,0,0,0,0,0,0,0,0,0,0,0
2021-03-02,0,0,0,0,0,0,0,0,0,0,0,0,0,0,0,0,0,0,0
2021-03-03,0,0,0,0,0,0,0,0,0,0,0,0,0,0,0,0,0,0,0
2021-03-04,0,0,0,0,0,0,0,0,0,0,0,0,0,0,0,0,0,0,0
2021-03-05,0,0,0,0,0,0,0,0,0,0,0,0,0,0,0,0,0,0,0
2021-03-06,0,0,0,0,0,0,0,0,0,0,0,0,0,0,0,0,0,0,0
2021-03-07,0,0,0,0,0,0,0,0,0,0,0,0.026384742,0.04520822,0.002124677,0,0,0,0,0
2021-03-08,0,0,0,0,0,0,0,0,0,0,0,0.008794913,0.015069406,0.000708226,0,0,0,0,0
2021-03-09,0,0,0,0,0,0,0,0,0,0,0,0,0,0.987486408,1.622550946,2.745371641,4.670009333,4.656794133,4.65201664
2021-03-10,0,0,0,0.017208162,0.189988823,0.498036231,1.168036266,2.395522585,3.161369637,3.690099154,4.202722593,4.599967681,4.933182343,5.26089695,5.217866993,4.956023984,4.670009333,4.656794133,4.65201664
2021-03-11,0,0,0,0.017208162,0.189988823,0.498036231,1.168036266,2.395522585,3.161369637,3.690099154,4.202722593,4.599967681,4.933182343,5.26089695,5.217866993,4.956023984,4.670009333,4.656794133,4.65201664
2021-03-12,0,0,0,0,0,0,0,0,0,0,0,0,0,0,0,0,0,0,0
2021-03-13,0,0,0,0,0,0,0,0,0,0,0,0,0,0,0,0,0,0,0
2021-03-14,0,0,0,0,0,0,0,0,0,0,0,0,0,0,0,0,0,0,0
2021-03-15,0,0,0,0,0,0,0,0,0,0,0,0,0,0,0,0,0,0,0
2021-03-16,0,0,0,0,0,0,0,0,0,0,0,0,0,0,0,0,0,0,0
2021-03-17,0,0,0,0,0,0,0,0,0,0,0,0,0,0,0,0,0,0,0
2021-03-18,0,0,0,0,0,0,0,0,0,0,0,0,0,0,0,0,0,0,0
2021-03-19,0,0,0,0,0,0,0,0,0,0,0,0,0,0,0,0,0,0,0
2021-03-20,0,0,0,0,0,0,0,0,0,0,0,0,0,0,0,0,0,0,0
2021-03-21,0,0,0,0,0,0,0,0,0,0,0,0,0,0,0,0,0,0,0
2021-03-22,0,0,0,0,0,0,0,0,0,0,0,0,0,0,0,0,0,0,0
2021-03-23,0,0,0,0,0,0,0,0,0,0,0,0,0,0,0,0,0,0,0
2021-03-24,0,0,0,0,0,0,0,0,0,0,0,0,0,0,0,0,0,0,0
2021-03-25,0,0,0,0,0,0,0,0,0,0,0,0,0,0,0,0,0,0,0
2021-03-26,0,0,0,0,0,0,0,0,0,0,0,0,0,0,0,0,0,0,0
2021-03-27,0,0,0,0,0,0,0,0,0,0,0,0,0,0,0,0,0,0,0
2021-03-28,0,0,0,0,0,0,0,0,0,0,0,0,0,0,0,0,0,0,0
2021-03-29,0,0,0,0,0,0,0,0,0,0,0,0,0,0,0,0,0,0,0
2021-03-30,0,0,0,0,0,0,0,0,0,0,0,0,0,0,0,0,0,0,0
2021-03-31,0,0,0,0,0,0,0,0,0,0,0,0,0,0,0,0,0,0,0
2021-04-01,0,0,0,0,0,0,0,0,0,0,0,0,0,0,0,0,0,0,0
2021-04-02,0,0,0,0,0,0,0,0,0,0,0,0,0,0,0,0,0,0,0
2021-04-03,0,0,0,0,0,0,0,0,0,0,0,0,0,0.185066198,0.304084524,0.514513909,0.908092611,0.881466598,0.871840894
2021-04-04,0,0,0,0.01286201,0.084069269,0.398939197,0.913802752,0.798130887,1.153428883,0.763949185,0.710585623,0.480150473,0.602529164,0.737934726,0.613943013,0.294407767,0,0,0
2021-04-05,0,0,0,0,0,0,0,0,0,0,0,0,0,0,0,0,0,0,0
2021-04-06,0,0,0,0,0,0,0,0,0,0,0,0,0,0,0,0,0,0,0
2021-04-07,0,0,0,0,0,0,0,0,0,0,0,0,0,0,0,0,0,0,0
2021-04-08,0,0,0,0,0,0,0,0,0,0,0,0,0,0,0,0,0,0,0
2021-04-09,0,0,0,0,0,0,0,0,0,0,0,0,0,0,0,0,0,0,0
2021-04-10,0,0,0,0,0,0,0,0,0,0,0,0,0,0,0,0,0,0,0
2021-04-11,0,0,0,0,0,0,0,0,0,0,0,0,0,0.138504821,0.227578959,0.385065764,0.544920287,0.623928936,0.652491748
2021-04-12,0,0,0,0,0,0,0,0,0,0,0,0,0,0,0,0,0,0,0
2021-04-13,0,0,0,0,0,0,0,0,0,0,0,0,0,0,0,0,0,0,0
2021-04-14,17.7788105,17.27793358,16.79980448,14.5873852,13.28242974,12.45712846,11.56006412,11.1557073,9.898022876,8.249764992,8.294999388,8.022226604,7.790642165,6.581948235,6.053808773,5.427765486,4.890495234,4.86075344,4.850001335
2021-04-15,0,0,0.06078478,1.581846215,2.113409011,1.709382249,0.999631361,0.564598744,0.327899983,0.157888951,0.008253281,0,0,0,0,0,0,0,0
2021-04-16,0,0,0,0.026018054,0.399782851,0.923159871,1.978466071,2.037087136,1.496805601,1.040211672,0.907971954,0.573706535,0.342586718,0.122571446,0.007318283,0,0,0,0
2021-04-17,0,0,0.153502635,0.93538106,1.360928552,1.645967825,1.981069251,1.829304529,1.421542914,1.122722501,1.090684299,1.281276147,1.601876052,1.681400049,1.686393554,1.611680069,1.645005907,1.552151194,1.518582821
2021-04-18,5.989090919,5.93126189,5.782621144,5.108789935,4.747278874,4.448291337,3.96720539,4.266307558,4.502456723,4.466621715,4.707580058,4.548572579,4.242370566,3.613680066,3.372787108,3.223360137,2.913231273,3.004258084,3.037165642
2021-04-19,0,0,0,0,0,0,0,0,0,0,0,0,0,0,0,0,0,0,0
2021-04-20,0,0,0,0,0,0,0,0,0,0,0,0,0,0,0,0,0,0,0
2021-04-21,0,0,0,0,0,0,0,0,0,0,0,0,0,0,0,0,0,0,0
2021-04-22,0,0,0,0,0,0,0,0,0,0,0,0,0,0,0,0,0,0,0
2021-04-23,0,0,0,0,0,0,0,0,0,0,0,0,0,0,0,0,0,0,0
2021-04-24,0,0,0,0,0,0,0,0,0,0,0,0,0,0,0,0,0,0,0
2021-04-25,0,0,0,0,0,0,0,0,0,0,0,0,0,0,0,0,0,0,0
2021-04-26,5.351264,5.411621851,5.510566156,5.544951178,5.730167332,5.880836207,5.840618884,6.304321871,6.52367301,6.834586007,7.066761761,7.298231872,7.057872879,6.969605357,6.986679014,7.011018954,6.843760711,6.84778674,6.84924221
2021-04-27,4.81854248,5.937130044,6.921558807,7.358164952,8.107389189,8.660027029,8.184618344,9.848667711,11.57296492,13.6518817,14.41741581,14.9721128,15.2824695,16.64651391,17.70072268,18.74073934,19.45824247,19.13713616,19.02105141
2021-04-28,1.606180906,0.976889078,0.512183028,0.815249866,0.869569621,0.632942158,0.787766328,0.391298307,0.133041234,0.070352454,0.257944374,0.216522993,0.428360455,0.156051264,0.009549805,0,0,0,0
2021-04-29,0,0,0,0,0,0,0,0,0,0,0,0,0,0,0,0,0,0,0
2021-04-30,0,0,0,0,0,0,0,0,0,0,0,0,0,0,0,0,0,0,0
2021-05-01,0,0,0,0,0,0,0,0,0,0,0,0,0,0,0,0,0,0,0
2021-05-02,0,0,0,0,0,0,0,0,0,0,0,0,0,0,0,0,0,0,0
2021-05-03,0,0,0,0,0,0,0,0,0,0,0,0,0,0,0,0,0,0,0
2021-05-04,0,0,0,0,0,0,0,0,0,0,0,0,0,0,0,0,0,0,0
2021-05-05,0,2.253280667,3.387969017,2.359807391,2.667073676,4.870869181,6.26566373,8.529461315,9.747153068,11.30466881,11.45190411,7.861464388,3.837869462,1.236163406,0.056094272,0,0,0,0
2021-05-06,0,0,0,0,0,0,0,0,0,0,0,0,0,0,0,0,0,0,0
2021-05-07,0,0,0,0,0,0,0,0,0,0,0,0,0,0,0,0,0,0,0
2021-05-08,0,0,0,0,0,0,0,0,0,0,0,0,0,0,0,0,0,0,0
2021-05-09,0,0,0,0,0,0,0,0,0,0,0,0,0,0,0,0,0,0,0
2021-05-10,0,0,0,0,0,0,0,0,0,0,0,0,0,0,0,0,0,0,0
2021-05-11,0,0,0,0,0,0,0,0,0,0,0,0,0,0,0,0,0,0,0
2021-05-12,0,0,0,0,0,0,0,0,0,0,0,0,0,0,0,0,0,0,0
2021-05-13,0,0,0,0,0,0,0,0,0,0.285173324,1.29139758,3.050731835,2.581997926,2.456720771,2.803566439,2.481331968,0,0,0
2021-05-14,0,0,0,0,0,0.329257649,1.700070944,1.127227696,0.135627084,0.070230616,0,0,0,0,0,0,0,0,0
2021-05-15,0,0,0,0.644668376,0.508132591,0.473402679,0.00285943,0,0,0,0,0,0.621281616,0.314938513,0.026523159,0,0,0,0
2021-05-16,9.249659538,9.816850748,10.72708581,11.54537802,12.99025445,13.65459264,13.08350798,16.0353913,20.78269659,24.0848367,23.64498842,23.1962946,24.87525377,27.70061922,28.90767785,30.66197878,34.15039751,34.23206502,34.26158905
2021-05-17,0,0,0,0,0,0,0,0,0,0,0,0,0,0,0,0,0,0,0
2021-05-18,0,0,0,0,0,0,0,0,0,0,0,0,0,0,0,0,0,0,0
2021-05-19,0,0,0,0,0,0,0,0,0,0,0,0,0,0,0,0,0,0,0
2021-05-20,1.928952575,2.115402813,2.373437035,2.650940096,2.925633669,3.078171578,3.065166143,3.510196109,4.208568422,4.71952387,4.849997259,5.230610845,5.662321277,6.227330364,6.547320781,6.972753618,7.317555548,7.36896785,7.387554169
2021-05-21,3.857905149,4.230805627,4.74687407,5.301880193,5.851267337,6.156343157,6.130332286,7.020392219,8.417136845,9.43904774,9.699994517,10.46122169,11.32464255,12.45466073,13.09464156,13.94550724,14.6351111,14.7379357,14.77510834
2021-05-22,12.16674995,12.89386256,13.98501257,15.23203129,16.49019687,17.12874278,17.3804918,19.23310775,22.50682002,24.82345423,25.44676856,27.64230097,29.68362409,33.22012962,35.13199414,37.59903789,40.1213615,40.02240968,39.98663712
2021-05-23,0,0,0,0,0,0,0,0,0,0,0,0,0,0,0,0,0,0,0
2021-05-24,0,0,0,0,0,0,0,0,0,0,0,0,0,0,0,0,0,0,0
2021-05-25,0,0,0,0,0,0,0,0,0,0,0,0,0,0,0,0,0,0,0
2021-05-26,0,0,0,0,0,0,0,0,0,0,0,0,0,0,0,0,0,0,0
2021-05-27,3.610467196,3.372375234,3.524674673,4.644835688,4.871881812,5.164282839,4.821093347,4.88365982,6.011333552,6.99740896,7.740220481,8.424741988,8.632362244,9.617977254,10.27853531,11.19685223,11.96810707,12.05303615,12.08373928
2021-05-28,0,0,0,0,0,0,0,0,0,0,0,0,0,0,0,0,0,0,0
2021-05-29,0,0,0,0,0,0,0,0,0,0,0,0,0,0,0,0,0,0,0
2021-05-30,0,0,0,0,0,0,0,0,0,0,0,0,0,0,0,0,0,0,0
2021-05-31,1.805233598,1.097954146,0.575657454,0.434099253,0.148053496,0.001406243,0,0.13328186,0.461050457,0.89721531,0.88241644,1.151137428,2.279402994,2.016278137,1.59137319,0.771903975,0,0,0
2021-06-01,5.415700912,6.823263243,7.940365434,7.876299804,8.714955986,9.044572964,9.351477622,10.2773405,11.32880607,11.90248984,12.01049807,12.84606332,12.94854384,14.42696657,15.41780376,16.79527939,17.95216204,18.07955565,18.12561035
2021-06-02,0,0,0,0,0,0,0,0,0,0,0,0,0,0,0,0,0,0,0
2021-06-03,0,0,0,0,0,0,0,0,0,0,0,0,0,0,0,0,0,0,0
2021-06-04,0,0,0,0,0,0,0,0,0,0,0,0,0,0,0,0,0,0,0
2021-06-05,0,0,0,0,0,0,0,0,0,0,0,0,0,0,0,0,0,0,0
2021-06-06,0,0,0,0,0,0,0,0,0,0,0,0,0,0,0,0,0,0,0
2021-06-07,0,0,0,0,0,0,0,0,0,0,0,0,0,0,0,0,0,0,0
2021-06-08,0,0,0,0,0,0,0,0,0,0,0,0,0,0,0,0,0,0,0
2021-06-09,4.737010479,4.266512947,4.225302238,5.255206465,6.015354133,6.045305356,5.701663187,6.517948513,8.29973883,10.06403788,10.19313193,10.40087162,10.32828044,10.21893174,10.42789871,10.71649172,10.54911068,10.81203311,10.90708351
2021-06-10,9.474020958,8.533025894,7.73175521,7.734927231,7.142783743,6.70458142,6.658688808,5.962465356,5.359365398,5.751588455,6.331748885,7.952233577,7.932667852,6.80760964,6.566708459,6.555522433,5.994653792,5.597220027,5.453541756
2021-06-11,0,1.38543412,2.39892594,1.80698499,2.137949203,2.616722385,2.597894219,3.111936782,3.447017627,2.701305353,2.594523928,2.046569731,2.496352178,3.73400249,3.877026932,4.160969291,5.27455534,5.406016554,5.453541756
2021-06-12,8.410321236,8.309931007,8.814181706,11.37958346,10.28476735,10.89617774,13.55493579,11.97100805,11.37952873,10.51235445,11.72558341,10.57300732,5.328575949,4.607475949,4.959261792,6.351482582,7.29146553,7.143195668,7.089593887
2021-06-13,67.28256989,66.47944806,65.93479745,65.4529247,67.25807699,68.00440491,66.08567984,66.13997508,70.53646366,73.78464502,73.39893126,73.9700977,75.6106262,70.62827065,68.42196852,64.75616893,58.33172424,57.14556534,56.7167511
2021-06-14,50.46192932,49.8595887,49.45110094,48.90280677,48.56227689,48.86479513,47.96307003,47.34849273,49.09816602,49.53245837,48.48491614,49.43103109,53.4508972,52.36874373,51.34014005,50.58344062,49.66957718,49.63841933,49.6271553
2021-06-15,0,0,0,0,0,0,0.014984101,3.015721425,2.253936527,3.023471045,5.788347678,8.458746627,8.546833528,9.88877532,10.98803716,12.2784206,13.2122508,13.92244273,14.17918777
2021-06-16,0,0,0,0,0,0,0,0,0,0,0,0,0,0,0,0,0,0,0
2021-06-17,0,0,0,0,0,0,0,0,0,0,0.102868933,0.334873369,1.792583393,0.480796578,0,0,0,0,0
2021-06-18,0,0,0,0,0,0,0,0,0,0,0,0,0,0,0,0,0,0,0
2021-06-19,0,0,0,0,0,0,0,0,0,0,0,0,0,0,0,0,0,0,0
2021-06-20,0,6.601339708,11.75722566,9.528736891,10.68918329,11.72386164,16.50592692,15.17532358,12.48138786,11.31733533,11.30537175,10.95282684,11.54017728,19.55793634,22.45616231,25.50928638,34.77103579,34.82716878,34.8474617
2021-06-21,0,0,0,0,0,0,0.371111608,2.631527752,5.650924439,9.426414685,11.52053531,7.108450467,2.300392765,0.490892955,0,0,0,0,0
2021-06-22,9.480230331,10.05383626,10.94676111,11.8416937,12.87113309,13.30507838,12.65391477,12.20874703,13.11279438,13.75508139,13.73781744,16.04256556,19.10931215,18.66384771,18.40796722,19.68636494,22.78414106,22.51872939,22.42277908
2021-06-23,4.740115166,2.882967117,1.511539908,3.836412444,4.115589651,4.814697625,5.996680439,7.637108416,7.522088706,6.953469183,9.221948553,12.03301384,13.31904662,14.54395448,15.05150275,16.17885341,16.60409845,17.58398213,17.93822479
2021-06-24,9.480230331,10.05383626,10.53815827,10.69011797,11.14635352,11.36137137,11.1165275,10.71885109,9.493257968,9.031840037,8.151781967,7.719879118,7.637154229,7.229901802,6.849101924,5.873364877,4.556828452,4.503746221,4.484556198
2021-06-25,18.96046066,20.10767251,21.07631653,21.38023593,22.29270704,22.15791877,20.54546626,21.41425494,23.49421449,24.37068711,24.6853954,25.18755807,24.3679497,23.60837942,23.58358465,23.55710199,22.78414106,22.51872939,22.42277908
2021-06-26,14.2203474,15.08075517,15.27328226,12.83914588,11.75380873,11.67982014,12.36410297,12.27574226,13.31465678,14.82260619,15.46110892,16.03259226,16.6307969,15.42472444,15.17033954,15.03719225,13.67048464,13.51123777,13.45366764
2021-06-27,9.446785927,9.450016824,9.461342274,9.388657552,9.500433786,9.529170141,9.307291052,8.843330279,9.554341547,10.54407129,11.31509917,12.84952368,13.19368562,12.78290519,12.76273409,12.72727347,11.83870636,11.91185909,11.9383049
2021-06-28,22.04250145,22.05004009,22.07646601,21.90686801,22.16767937,22.23473099,21.72894291,22.00675428,23.67368242,24.71613283,26.08736176,27.38790498,27.54285436,25.94033119,25.52546817,25.45454695,23.67741272,23.82371818,23.8766098
2021-06-29,12.59571552,11.36521512,10.4654809,10.15746925,9.744410826,10.22425109,9.931997652,10.42794319,11.36460175,11.99964873,12.55696731,13.03440753,13.41119792,12.21112585,11.80444099,11.87912403,12.30585149,12.03589737,11.9383049
2021-06-30,12.59571552,12.60002289,12.90814346,13.547236,14.17753775,14.4235426,13.84512935,14.05779812,16.2056121,16.72351734,17.15076217,17.71048311,18.4867694,17.78801412,17.96417242,18.51858063,17.75806105,17.86779044,17.90745926
2021-07-01,6.297857761,7.534819401,8.389178534,8.176379598,8.288130284,8.404146128,7.86757366,8.676950244,8.631345146,8.416742619,7.336542561,7.057041771,8.209646531,8.539892469,8.613757261,8.697305831,8.879030526,8.933895219,8.95372963
2021-07-02,0,0,0,0,0,0,0,0,0,0,0,0,0,0,0,0,0,0,0
2021-07-03,0,0,0,0,0,0,0,0,0,0,0,0,0,0,0,0,0,0,0
2021-07-04,0,0,1.011105754,2.731143668,3.114250802,2.860378189,4.380503893,4.677116123,3.804245376,1.956832272,4.615759791,8.6633042,12.52866291,16.0350195,16.75894179,17.70313839,19.24537957,19.31573346,19.34116745
2021-07-05,0,0,0,0,0,0,0,0,0,0,0,0,0,0,0,0,0,0,0
2021-07-06,0,0,0,0,0,0,0,0,0,0,0,0,0,0,0,0,0,0,0
2021-07-07,8.70816803,8.316316062,7.487878812,6.534772755,4.608944595,5.221285676,5.413066453,4.679286712,3.795079574,2.332393936,1.747817149,1.425480043,0.539251656,0.189024997,0.010960249,0,0,0,0
2021-07-08,0,0,0,2.054281839,2.709834035,2.426912751,2.067055298,2.083322449,1.45691367,1.859420828,1.843326274,2.765769804,3.491586783,4.129211134,4.38047525,4.406902336,4.356176414,4.374885428,4.381649017
2021-07-09,8.70816803,8.316316062,8.567311697,7.594406835,8.464088211,8.35742009,7.719365535,7.966438581,10.47649947,11.22969709,11.33280776,10.52510687,9.224837283,8.78988756,8.7609505,8.813804671,8.712352828,8.749770856,8.763298035
2021-07-10,0,0,0,0,0,0,0.173388502,1.135143836,2.496046294,4.689131918,5.525152472,5.423614557,5.690921987,5.70308911,5.930646682,6.992717453,8.712352828,8.749770856,8.763298035
2021-07-11,0,0,0,0,0,0,0,0,0,0,0,0,0,0,0,0,0,0,0
2021-07-12,0,0,0,0,0,0,0,0,0,0,0,0,0,0,0,0,0,0,0
2021-07-13,0,0,0,0,0,0,0,0,0,0,0,0,0,0,0,0,0,0,0
2021-07-14,0,0,0,0,0,0,0,0.136701244,1.080513067,2.124195647,2.719306765,4.248326837,5.163100685,6.628646855,7.166171677,7.661891927,8.394157967,8.458716009,8.48205471
2021-07-15,11.89753628,11.44490125,11.08159025,10.97225275,10.65569731,10.75801876,10.034876,10.40893568,11.50950273,11.79258339,11.53148887,10.07953034,8.390553872,7.353340246,7.166171677,7.661891927,8.394157967,8.458716009,8.48205471
2021-07-16,0,0,0,0,0,0,0,0,0,0,0,0,0,0,0,0,0,0,0
2021-07-17,0,0,0,0,0,0,0,0,0,0,0,0,0,0,0,0,0,0,0
2021-07-18,0,0,0,0,0,0,0,0,0,0,0,0,0,0,0,0,0,0,0
2021-07-19,0,0,0,0,0,0,0,0,0,0,0,0.028789516,0.049328615,0.002318326,0,0,0,0,0
2021-07-20,0,0,0,0,0,0,0,0,0,0,0,0,0,0,0,0,0,0,0
2021-07-21,0,3.78653227,6.59720856,5.165357134,7.469693863,8.386783483,9.477975795,9.953877121,11.41585304,12.42720639,12.66060835,12.57572106,11.88910855,11.85793808,12.05116902,12.79381213,13.73847932,13.80099617,13.82359695
2021-07-22,28.71603203,27.4484628,26.42055688,26.19992042,25.49619726,25.69899862,22.45718999,22.5133337,26.04190718,27.60611993,26.92300132,25.42867004,22.58196944,21.32338592,21.43417457,22.54730938,23.41213604,23.52438331,23.56496239
2021-07-23,0,0,0,0,0,0,0,0,0,0,0,0,0,0,0,0,0,0,0
2021-07-24,0,0,0,0,0,0,0,0,0,0,0,0,0,0,0,0,0,0,0
2021-07-25,0,0,0,0,0,0.008968445,1.111389485,1.978382046,1.932271,2.963246588,3.886711157,4.216450617,5.634984022,5.330352613,5.358543643,5.636827345,5.85303401,5.881095828,5.891240597
2021-07-26,0,0,0,0,0,0,0,0,0,0,0,0,0,0,0,0,0,0,0
2021-07-27,0,0,0,0,0,0,0,0,0,0,0,0,0,0,0,0,0,0,0
2021-07-28,0,0,0,0,0,0,0,0,0,0,0,0,0,0,0,0,0,0,0
2021-07-29,0,0,0,0,0,0,0,0,0,0,0,0,0,0,0,0,0,0,0
2021-07-30,0,0,0,0,0,0,0,0,0,0,0,0,0,0,0,0,0,0,0
2021-07-31,0,0,0,0,0,0,0,0,0,0,0,0,0,0,0,0,0,0,0
2021-08-01,0,0,0,0,0,0,0,0,0,0,0,0,0,0,0,0,0,0,0
2021-08-02,6.673459053,6.255536466,5.956471716,5.594550361,4.835727167,4.3827477,5.00252714,3.692188718,2.208068326,2.295771963,2.635794252,2.283554479,1.238758553,0.109946289,0,0,0,0,0
2021-08-03,0,0,0,0,0,0,0,0,0,0,0,0,0,0,0,0,0,0,0
2021-08-04,0,0,0,0,0,0,0,0,0,0,0,0,0,0,0,0,0,0,0
2021-08-05,0,0,0,0,0,0,0,0,0,0,0,0,0,0,0,0,0,0,0
2021-08-06,0,0,0,0,0,0,0,0,0,0,0,0,0,0,0,0,0,0,0
2021-08-07,0,0,0.078091286,0.463821628,1.092863008,1.296132254,0.914660581,1.539875007,2.683455982,3.104883107,2.373072547,0.354138387,0.900742289,3.466567337,4.396146582,5.146504448,5.979599456,6.846588788,7.160018444
2021-08-08,0,0,0,0,0,0,0,0,0,0,0,0,0,0,0,0,0,0,0
2021-08-09,0,0,0,0,0,0,0,0,0,0,0,0,0,0,0,0,0,0,0
2021-08-10,0,0,0,0,0,0,0,0,0,0,0,0,0,0,0,0,0,0,0
2021-08-11,0,0,0,0,0,0,0,0,0,0,0,0,0,0,0,0,0,0,0
2021-08-12,0,0,0,0,0,0,0,0,0.251748884,0.135150312,0.140225187,0,0,0,0,0,0,0,0
2021-08-13,0,0,0,0,0,0,0,0,0,0,0,0,0,0,0,0,0,0,0
2021-08-14,0,0,0,0,0,0,0,0,0,0,0,0,0,0,0,0,0,0,0
2021-08-15,6.416864395,5.89960787,5.493402442,5.247543868,4.692567311,3.988085032,1.747007845,1.513100283,1.576801456,1.048280831,0.609019102,0.296286514,0,0,0,0,0,0,0
2021-08-16,0,0,0,0,0,0,0.106700861,0.784236442,2.296115092,3.758817768,5.501612148,7.476742856,7.087334646,4.006366932,3.064805404,2.712544821,1.282528103,0.340542084,0
2021-08-17,0,0,0,0,0,0,0,0,0,0,0,0,0,0,0,0,0,0,0
2021-08-18,0,0,0,0,0,0,0,0,0,0,0,0,0,0,0,0,0,0,0
2021-08-19,0,0,0,0,0,0,0,0,0,0,0,0,0,0,0,0,0,0,0
2021-08-20,0,0,0,0,0,0,0,0,0,0,0,0,0,0,0,0,0,0,0
2021-08-21,0,2.351848261,4.104959985,4.485683155,5.628988827,6.236866017,6.894059864,7.39148216,7.477195512,8.343669354,9.840046632,11.53220628,11.33278078,9.536587884,9.10904315,9.538470582,8.938699152,9.001570636,9.024299622
2021-08-22,9.870369911,8.436084206,7.364873639,6.959681555,6.292710366,6.374244789,7.334767484,8.0139058,8.515109132,9.769441016,11.8576145,14.17721984,13.65538597,10.70821711,9.842142184,10.53880375,10.05868066,10.29315228,10.37791729
2021-08-23,0,0,0,0.021917039,0.265372149,0.714557811,0.698673792,1.507877603,2.054487056,1.904487078,1.631942096,1.148590573,1.130429866,1.081332815,0.89754447,0.430056834,0,0,0
2021-08-24,0,0.810954803,1.40579491,1.461968458,1.306248464,1.153974208,1.446963583,0.841601765,0.002389566,0,0,0,0,0.550731707,0.904913977,1.531123061,2.514670164,2.57328807,2.594479322
2021-08-25,0,0,0,0,0,0,0,0,0,0,0,0.519605616,0.936442603,1.06321175,1.187548067,1.041380351,0.347923351,0.092382025,0
2021-08-26,0,0,0,0,0,0,0,0,0,0,0,0,0,0,0,0,0,0,0
2021-08-27,0,0,0,0,0,0,0,0,0,0,0,0,0,0,0,0,0,0,0
2021-08-28,0,0,0,0,0,0,0,0,0,0,0,0,0,0,0,0,0,0,0
2021-08-29,0,0,0,0,0,0,0,0,0,0,0,0,0,0,0,0,0.874472601,0.232193526,0
2021-08-30,0,0,0,0,0,0,0,0,0,0,0,0,0,0,0,0,0,0,0
2021-08-31,0,0,0,0.041409727,0.270664193,0.657655938,1.151265895,2.551209532,3.810101011,3.735720039,3.556094283,3.114072908,3.612589465,5.843271639,6.75270876,7.949617024,10.18474146,10.89236948,11.14818764
2021-09-01,0,0,0,0,0,0,0,0,0,0,0,0,0,0,0,0,0,0,0
2021-09-02,0,0,0,0,0,0,0,0,0,0,0,0,0,0,0,0,0,0,0
2021-09-03,0,0,0,0,0,0,0,0,0,0,0,0,0,0,0,0,0,0,0
2021-09-04,0,0,0,0,0,0,0,0,0,0,0,0,0,0,0,0,0,0,0
2021-09-05,0,0,0,0,0,0,0,0,0,0,0,0,0,0,0,0,0,0,0
2021-09-06,0,0,0,0,0,0,0,0,0,0,0,0,0,0,0,0,0,0,0
2021-09-07,0,0,0,0,0,0,0,0,0,0,0,0,0,0,0,0,0,0,0
2021-09-08,1.923878431,2.209980812,2.442777716,2.282941532,2.415743115,2.504669231,2.107273879,2.399169014,3.181052697,3.960401918,3.871789073,4.17099663,4.804043979,5.064460952,5.56801645,6.213567011,6.141790768,6.051212042,6.018466473
2021-09-09,7.695513725,8.839923248,9.940275882,9.906167678,10.99423123,11.85672886,10.12966373,11.7756805,15.68715268,19.80200947,19.25203003,17.78221854,17.62127173,16.88215157,17.43049455,18.50346875,18.42537151,18.15363556,18.05539894
2021-09-10,11.54327011,12.22001815,13.09315243,13.49697731,14.51982775,14.94917521,12.28195504,13.8780605,18.3847107,23.35285367,22.80295011,21.14302089,21.14552613,19.49205513,19.65710416,20.07309558,18.42537151,18.15363556,18.05539894
2021-09-11,1.923878431,3.249846962,4.272064213,4.116087252,4.87782215,5.677651288,4.887414001,5.496832446,7.58123788,9.927201924,10.51864377,11.6114604,11.18685487,11.49169826,12.1203846,12.90459902,12.28358154,12.10242408,12.03693295
2021-09-12,7.16535902,8.212338133,9.257855584,9.286652933,10.34466702,10.95721891,9.084425047,10.42595217,14.70636982,18.69917803,18.15098746,17.85403427,18.1333697,16.83689399,17.2478388,17.85957828,16.56978346,15.93142111,15.70064354
2021-09-13,8.956699371,11.22900411,13.31555718,13.22927082,15.14853073,16.68429906,13.42895021,15.58362831,22.11036091,29.05711258,28.75692737,27.5804067,28.00249447,27.39181368,28.38947637,29.65112216,27.78696495,27.55866102,27.47612572
2021-09-14,8.956699371,10.26542284,11.57231934,11.608316,12.78054762,13.5570388,10.67425966,12.67311059,17.71941319,23.30562357,22.56294366,21.41688243,21.45802272,20.67680493,21.57200401,22.32447334,19.84783266,19.68475861,19.6258049
2021-09-15,0,0,0,0,0,0,0,0,0,0,0,0,0,0,0,0,0,0,0
2021-09-16,0,0,0,0,0,0,0,0,0,0,0,0,0,0,0,0,0,0,0
2021-09-17,0,0,0,0,0,0,0,0,0,0,0,0,0,0,0,0,0,0,0
2021-09-18,1.602229834,1.675607207,1.794200146,1.884374847,2.20339175,2.619523511,2.169581667,2.90418272,4.480269874,6.131577332,5.469835526,5.147331905,5.892065442,6.489903534,7.036666663,7.578218587,7.599914475,7.453052406,7.399959564
2021-09-19,0,0.701121195,1.283277046,1.225651409,1.606427406,1.719698709,1.400166291,1.729376708,2.564319233,3.426986418,3.624019273,3.680488425,3.481229366,3.380665378,3.518333331,3.789109294,3.799957238,3.726526203,3.699979782
2021-09-20,0,0,0,0,0,0,0,0,0,0,0,0,0,0,0,0,0,0,0
2021-09-21,3.204459667,3.351214414,3.588400292,3.733495397,4.013587815,4.147231353,3.287297109,3.737653483,5.250696891,6.918517559,7.248038546,7.360976849,6.962458732,6.761330756,7.036666663,7.578218587,7.599914475,7.453052406,7.399959564
2021-09-22,0,0,0,0,0,0,0,0,0,0,0,0,0,0,0,0,0,0,0
2021-09-23,0,0,0,0,0,0,0,0,0,0,0,0,0,0,0,0,0,0,0
2021-09-24,0,0,0,0,0,0,0,0.3893856,2.974594799,5.289533678,7.050781481,9.552159141,12.14610301,15.65065901,17.40331099,19.06370005,19.8314722,19.56889574,19.47397041
2021-09-25,0,0,0,0,0,0,0,0,0,0,0,0,0,0,0,0,0,0,0
2021-09-26,0,0,0,0,0,0,0,0,0,0,0,0,0,0,0,0,0,0,0
2021-09-27,0,0,0,0,0,0,0,0,0,0,0,0,0,0,0,0,0,0,0
2021-09-28,0,0,0,0,0,0,0,0,0,0,0,0,0,0,0,0,0,0,0
2021-09-29,0,0,0,0,0,0,0,0,0,0,0,0,0,0,0,0,0,0,0
2021-09-30,0,0,0,0,0,0,0,0,0,0,0,0,0,0,0,0,0,0,0
2021-10-01,0,0,0,0,0,0,0,0,0,0,0,0,0,0,0,0,0,0,0
2021-10-02,0,0,0,0,0,0,0,0,0,0,0,0,0,0,0,0,0,0,0
2021-10-03,0,0,0,0,0,0,0.048037538,0.220201986,0.550038636,0.658191999,0.687307162,0.764158716,0.798974486,1.888220916,2.221127727,2.536901655,3.394697159,3.454601838,3.476258278
2021-10-04,0,0,0,0,0,0,0,0,0,0,0,0,0,0,0,0,0,0,0
2021-10-05,0,0,0,0,0,0,0,0,0,0,0,0,0,0,0,0,0,0,0
2021-10-06,0,0,0,0,0,0,0,0,0,0,0,0,0,0,0,0,0,0,0
2021-10-07,0,0,0,0,0,0,0,0,0,0,0,0,0,0,0,0,0,0,0
2021-10-08,0,0,0,0,0,0,0,0,0,0,0,0,0,0,0,0,0,0,0
2021-10-09,0,0,0,0,0,0,0,0,0,0,0,0,0,0,0,0,0,0,0
2021-10-10,0,0,0,0,0,0,0,0,0,0,0,0,0,0,0,0,0,0,0
2021-10-11,0,0,0,0,0,0,0,0,0,0,0,0,0,0,0,0,0,0,0
2021-10-12,0,0,0,0,0,0,0,0,0,0,0,0,0,0,0,0,0,0,0
2021-10-13,0,0,0,0,0,0,0,0,0,0,0,0,0,0,0,0,0,0,0
2021-10-14,0,0,0,0,0,0,0,0,0,0,0,0,0,0,0,0,0,0,0
2021-10-15,0,0,0,0,0,0,0,0,0,0,0,0,0,0,0,0,0,0,0
2021-10-16,0,0,0,0,0,0,0,0,0,0,0,0,0,0,0,0,0,0,0
2021-10-17,0,0,0,0,0,0,0,0,0,0,0,0,0,0,0,0,0,0,0
2021-10-18,0,0,0,0,0,0,0,0,0,0,0,0,0,0,0,0,0,0,0
2021-10-19,0,0,0,0,0,0,0,0,0,0,0,0,0,0,0,0,0,0,0
2021-10-20,0,0,0,0,0,0,0,0,0,0,0,0,0,0,0,0,0,0,0
2021-10-21,0,0,0,0,0,0,0,0,0,0,0,0,0,0,0,0,0,0,0
2021-10-22,0,0,0,0,0,0,0,0,0,0,0,0,0,0,0,0,0,0,0
2021-10-23,0,0,0,0,0,0,0,0,0,0,0,0,0,0,0,0,0,0,0
2021-10-24,0,0,0,0,0,0,0,0.021932382,0.121987217,0.237669519,0.211323364,0,0,0,0,0,0.358012256,0.095060872,0
2021-10-25,0,0,0,0,0,0,0.223401546,1.160295539,3.222284413,4.476177606,4.232146267,3.207139077,3.338117802,7.330065527,8.469496691,9.529673671,12.70089059,12.86173648,12.91988468
2021-10-26,0,0,0,0,0,0,0,0,0,0,0,0,0,0,0,0,0,0,0
2021-10-27,0,0,0,0,0,0,0,0,0,0,0,0,0,0,0,0,0,0,0
2021-10-28,0,0,0,0,0,0,0,0,0,0,0,0,0,0,0,0,0,0,0
2021-10-29,0,0,0,0,0,0,0,0,0,0,0,0,0,0,0,0,0,0,0
2021-10-30,0,0,0,0,0,0,0,0,0,0,0,0,0,0,0,0,0,0,0
2021-10-31,1.801185727,2.138924973,2.510469005,2.642953246,2.979334621,3.345316007,3.762278229,4.611361255,3.250190211,2.604836895,4.889939528,6.853765417,4.600152999,2.014604926,1.425851644,1.261968048,0,0,0
2021-11-01,5.403556824,5.373341935,5.275891739,5.35428463,5.377215749,5.164267328,5.453902741,4.279984885,3.794405726,4.100899484,3.631118719,4.047181874,5.899156926,5.576941907,5.558168025,5.895385012,6.231353187,6.255467328,6.264184952
2021-11-02,0,0,0,0,0,0,0,0,0,0,0,0,0,0,0,0,0,0,0
2021-11-03,2.709820986,2.072081213,1.640430362,1.713053814,1.625049573,1.430570807,1.272884779,1.687942913,1.765447515,1.814047618,1.873926021,1.870530644,1.489279682,1.728446638,1.889297456,2.102885768,2.373486325,2.354182743,2.347204208
2021-11-04,0,0.423951469,0.746469422,1.221811804,1.528917385,1.592288908,1.839249482,1.451218332,1.105598577,1.506098631,2.547224705,3.205119736,3.19132501,3.222708391,3.281649366,3.761729304,4.74697265,4.708365486,4.694408417
2021-11-05,1.354910493,1.67196781,1.875660878,1.410661151,1.604809563,1.827320284,1.753628976,2.201517887,2.931210095,3.311494037,3.803716356,3.92291863,3.952045109,3.717996117,3.778594913,4.205771537,4.74697265,4.708365486,4.694408417
2021-11-06,1.354910493,1.248016341,1.208373079,1.367518557,1.43934741,1.443833691,1.696012817,1.817203621,2.278040481,2.386359858,2.438904813,2.941608016,3.307293927,3.565082601,3.778594913,4.205771537,4.74697265,4.708365486,4.694408417
2021-11-07,1.660531998,1.413883968,1.240063757,1.251041593,1.17487064,1.166744395,1.123272878,1.565768276,1.643556321,1.946375748,2.124494696,2.422656426,2.616110383,3.112620635,3.486988237,4.238289058,5.062883023,5.288761514,5.370419979
2021-11-08,1.660531998,1.413883968,1.277617366,1.093161032,0.8860265,0.807308643,1.049363886,0.845046174,0.973212732,1.10164235,1.402309243,1.526223633,1.39030981,1.382979295,1.433067284,1.590922068,1.783935082,1.788492469,1.790140033
2021-11-09,0,0.403938223,0.748102724,0.702524299,0.88788814,0.980128671,0.758538076,0.993282434,1.504996092,1.53569805,1.822376255,1.852077704,1.643023382,1.864857335,2.064478743,2.64736706,3.856792285,3.653700716,3.580280066
2021-11-10,0,0,0,0.374177108,0.640767242,0.563611913,0.446086734,0.435294003,0.239043043,0.126765468,0.155598809,0.092932581,0.087842945,0.018308121,0,0,0,0,0
2021-11-11,1.660531998,1.817822191,1.884967441,2.043392698,2.548969064,2.650226782,3.01123523,2.990141888,3.309206997,3.829101452,4.644119239,5.414515297,5.700887457,5.995487225,6.363680802,7.420133617,8.919675827,8.942462893,8.95070076
2021-11-12,0,0,0,0,0,0,0,0,0,0,0,0,0,0,0,0,0,0,0
2021-11-13,0,0,0,0,0,0,0,0,0,0,0,0,0,0,0,0,0,0,0
2021-11-14,0,0,0,0,0,0,0,0,0,0,0,0,0.16864187,1.042698147,1.580003951,2.661200103,4.589461665,4.530649814,4.509388447
2021-11-15,0,0,0,0,0,0,0,0,0,0,0,0,0,0,0,0,0,0,0
2021-11-16,0,0,0,0,0,0,0,0,0,0,0,0,0,0,0,0,0,0,0
2021-11-17,0,0,0,0,0,0,0,0,0,0,0,0,0,0,0,0,0,0,0
2021-11-18,0,0,0,0,0,0,0,0,0,0,0,0,0,0,0,0,0,0,0
2021-11-19,0,0,0,0,0,0,0,0,0,0,0,0,0,0,0,0,0,0,0
2021-11-20,0,0,0,0,0,0,0,0,0,0,0,0,0,0,0,0,0,0,0
2021-11-21,0,0,0,0,0,0,0,0,0,0,0,0,0,0,0,0,0,0,0
2021-11-22,1.502509475,1.515581355,1.560509998,1.712782927,2.017077509,2.028480814,2.074949265,2.240565053,2.582447224,2.860897657,3.283641469,3.568755954,3.632276154,3.786479252,4.075301651,4.913523816,6.003217816,6.025319404,6.03330946
2021-11-23,0,0,0,0,0,0,0,0,0,0,0,0,0,0,0,0,0,0,0
2021-11-24,0,0,0,0,0,0,0,0,0,0,0,0,0,0,0,0,0,0,0
2021-11-25,0,0,0,0,0,0,0,0,0,0,0,0,0,0,0,0,0,0,0
2021-11-26,0,0,0,0,0,0,0,0,0,0,0,0,0,0,0,0,0,0,0
2021-11-27,0,0,0,0,0,0,0,0,0,0,0,0,0,0,0,0,0,0,0
2021-11-28,0,0,0,0,0,0,0,0,0,0,0,0,0,0,0,0,0,0,0
2021-11-29,0,0,0,0,0,0,0,0,0,0,0,0,0,0,0,0,0,0,0
2021-11-30,0,0,0,0,0,0,0,0,0,0,0,0,0,0,0,0,0,0,0
2021-12-01,0,0,0,0,0,0,0,0,0,0,0,0,0,0,0,0,0,0,0
2021-12-02,0,0,0,0,0,0,0,0,0,0,0,0,0,0,0,0,0,0,0
2021-12-03,0,0,0,0,0,0,0,0,0,0,0,0,0,0,0,0,0,0,0
2021-12-04,0.899602294,1.202410427,1.48711013,1.35305406,1.470950781,1.403694645,1.31612294,1.157281027,1.110200091,0.957674171,0.525042004,0.367716624,0,0,0,0,0,0,0
2021-12-05,0,0,0,0,0,0,0,0,0,0,0,0,0,0,0,0,0,0,0
2021-12-06,0,0,0,0,0,0,0,0,0,0,0,0.005704586,0.009774368,0.000459372,0,0,0,0,0
2021-12-07,0,0,0,0,0,0,0,0,0,0,0,0,0,0,0,0,0,0,0
2021-12-08,0,0,0,0,0,0,0,0,0,0,0,0.020056829,0.03436583,0.001615111,0,0,0,0,0
2021-12-09,0,0,0,0,0,0,0,0,0,0,0,0,0,0,0,0,0,0,0
2021-12-10,0,0,0,0,0,0,0,0,0,0,0,0,0,0,0,0,0,0,0
2021-12-11,0,0,0,0,0,0,0,0,0,0,0,0,0,0,0,0,0,0,0
2021-12-12,0,0,0,0,0,0,0,0,0,0,0,0,0,0,0,0,0,0,0
2021-12-13,0,0,0,0,0,0,0,0,0,0,0,0,0,0,0,0,0,0,0
2021-12-14,0,0,0,0,0,0,0,0,0,0,0,0,0,0,0,0,0,0,0
2021-12-15,0,0,0,0,0,0,0,0,0,0,0,0,0,0,0,0,0,0,0
2021-12-16,0,0,0,0,0,0,0,0,0,0,0,0,0,0,0,0,0,0,0
2021-12-17,0,0,0,0,0,0,0,0,0,0,0,0,0,0,0,0,0,0,0
2021-12-18,0,0,0,0,0,0,0,0,0,0,0,0,0,0,0,0,0,0,0
2021-12-19,0,0,0,0,0,0,0,0,0,0,0,0,0,0,0,0,0,0,0
2021-12-20,0,0,0,0,0,0,0,0,0,0,0,0,0,0,0,0,0,0,0
2021-12-21,0,0,0,0,0,0,0,0,0,0,0,0,0,0,0,0,0,0,0
2021-12-22,0,0,0,0,0,0,0,0,0,0,0,0,0,0,0,0,0,0,0
2021-12-23,0,0,0,0,0,0,0,0,0,0,0,0,0,0,0,0,0,0,0
2021-12-24,0,0,0,0,0,0,0,0,0,0,0,0,0,0,0,0,0,0,0
2021-12-25,0,0,0,0,0,0,0,0,0,0,0,0,0,0,0,0,0,0,0
2021-12-26,0,0,0,0,0,0,0,0,0,0,0,0,0,0,0,0,0,0,0
2021-12-27,0.410118967,0.249436871,0.130779773,0.105818924,0.076181657,0.052777966,0.335349506,1.240550968,3.087717579,3.925761046,3.384569482,3.827965782,6.861228551,10.97816215,12.66697395,15.09767833,18.62538617,18.72931001,18.76688004
2021-12-28,0,0,0,0,0,0,0,0,0,0,0,0,0,0,0,0,0,0,0
2021-12-29,0,0,0,0,0.01326194,0.000125965,0,0,0,0,0,0,0,0,0,0,0,0,0
2021-12-30,0,0,0,0,0,0,0,0,0,0.196302491,0.890901273,1.234109853,0.661098806,0.167641851,0,0,0,0,0
2021-12-31,0,0,0,0.001236331,0.074226655,0.20650619,0.100751469,0.219846136,0.321627191,0.545115894,1.607686098,1.887866619,1.271891579,0.231143625,0,0,0,0,0
2022-01-01,0,0,0,0.001236331,0.074226655,0.20650619,0.100751469,0.219846136,0.321627191,0.545115894,1.607686098,1.933602918,1.350257199,0.234826621,0,0,0,0,0
2022-01-02,0,0,0,0,0,0,0,0,0,0,0,0,0,0,0,0,0,0,0
2022-01-03,0,0,0,0,0,0,0,0,0,0,0,0,0,0,0,0,0,0,0
2022-01-04,0,0,0,0,0,0,0,0,0,0,0,0,0,0,0,0,0,0,0
2022-01-05,0,0,0,0,0,0,0,0,0,0,0,0,0,0,0,0,0,0,0
2022-01-06,0,0,0,0,0,0,0,0,0,0,0,0,0,0,0,0,0,0,0
2022-01-07,0,0,0,0,0,0,0,0,0,0,0,0,0,0,0,0,0,0,0
2022-01-08,0,0,0,0,0,0,0,0,0,0,0,0,0,0,0,0,0,0,0
2022-01-09,0,0,0,0,0,0,0,0,0,0,0,0,0,0,0,0,0,0,0
2022-01-10,0,0,0,0,0,0,0,0,0,0,0,0,0,0,0,0,0,0,0
2022-01-11,0,0,0,0,0,0,0,0,0,0,0,0,0,0,0,0,0,0,0
2022-01-12,0,0,0,0,0,0,0,0,0,0,0,0,0,0,0,0,0,0,0
2022-01-13,0,0,0,0,0,0,0,0,0,0,0,0,0,0,0,0,0,0,0
2022-01-14,0,0,0,0,0,0,0,0,0,0,0,0,0,0,0,0,0,0,0
2022-01-15,0,0,0,0,0,0,0,0,0,0,0,0,0,0,0,0,0,0,0
2022-01-16,0,0,0,0,0,0,0,0,0,0.168642087,1.208748004,1.614165339,2.474499478,6.253161416,7.672095223,9.038262553,12.60345091,12.62305713,12.63014507
2022-01-17,0,0,0,0,0,0,0,0,0,0,0,0,0,0,0,0,0,0,0
2022-01-18,0,0,0,0,0,0,0,0,0,0,0,0,0,0,0,0,0,0,0
2022-01-19,0,0,0,0,0,0,0,0,0,0,0,0,0,0,0,0,0,0,0
2022-01-20,0,0,0,0,0,0,0,0,0,0,0,0,0,0,0,0,0,0,0
2022-01-21,0,0,0,0,0,0,0,0,0,0,0,0,0,0,0,0,0,0,0
2022-01-22,0,0,0,0,0,0,0,0,0,0,0,0,0,0,0,0,0,0,0
2022-01-23,0,0,0,0,0,0,0,0,0,0,0,0,0,0,0,0,0,0,0
2022-01-24,0,0,0,0,0,0,0,0,0,0,0,0,0,0,0,0,0,0,0
2022-01-25,0,0,0,0,0,0,0,0,0,0,0,0,0,0,0,0,0,0,0
2022-01-26,0,0,0,0,0,0,0,0,0,0,0,0,0,0,0,0,0,0,0
2022-01-27,0,0,0,0,0,0,0,0,0,0,0,0,0,0,0,0,0,0,0
2022-01-28,0,0,0,0,0,0,0,0,0,0,0,0,0,0,0,0,0,0,0
2022-01-29,0,0,0,0,0,0,0,0,0,0,0,0,0,0,0,0,0,0,0
2022-01-30,0,0,0,0,0,0,0,0,0,0,0,0,0,0,0,0,0,0,0
2022-01-31,0,0,0,0,0,0,0,0,0,0,0,0,0,0.569597928,0.935913293,1.583574198,2.668649689,2.679452205,2.683357477
2022-02-01,0,0,0,0,0,0,0,0,0,0.116729178,0.635784909,0.868321236,0.802566929,1.407050514,1.644251396,1.927157338,2.668649689,2.679452205,2.683357477
2022-02-02,0,0,0,0,0,0,0,0,0,0,0,0,0,0,0,0,0,0,0
2022-02-03,0,0,0,0,0,0,0,0,0,0,0,0,0,0,0,0,0,0,0
2022-02-04,0,0,0,0,0,0,0,0,0,0,0,0.01585406,0.027164708,0.001276676,0,0,0,0,0
2022-02-05,0,0,0,0,0,0,0,0,0,0,0,0,0,0,0,0,0,0,0
2022-02-06,0,0,0,0,0,0,0,0,0,0,0.00586526,0.019093415,0.102207409,0.027413493,0,0,0,0,0
2022-02-07,0,0,0,0,0,0,0,0,0,0,0,0,0,0,0,0,0,0,0
2022-02-08,0,0,0,0,0,0,0,0,0,0,0,0,0,0,0,0,0,0,0
2022-02-09,0,0,0,0,0,0,0,0,0,0,0,0,0,0,0,0,0,0,0
2022-02-10,0,0,0,0,0,0,0,0,0,0,0,0,0,0,0,0,0,0,0
2022-02-11,0,0,0,0,0,0,0,0,0,0,0,0,0,0,0,0,0,0,0
2022-02-12,0,0,0,0,0,0,0,0,0,0,0,0,0,0,0,0,0,0,0
2022-02-13,0,0,0,0,0,0,0,0,0,0,0,0,0,0,0,0,0,0,0
2022-02-14,0,0,0,0,0,0,0,0,0,0,0,0,0,0,0,0,0,0,0
2022-02-15,0,0,0,0,0,0,0,0,0,0,0,0,0,0.304727624,0.500701671,0.847191992,1.446752734,1.43853342,1.435562015
2022-02-16,0,0,0,0,0,0,0,0,0,0.029239856,0.132225868,0.184973114,0.145901807,0.614967846,0.803314251,0.993975823,1.446752734,1.43853342,1.435562015
2022-02-17,0,0,0,0,0,0,0.055082143,0.313449303,0.898004014,1.491779437,2.032015541,2.650104373,3.104936981,3.193857117,3.500978467,3.995947764,4.878628853,4.864053782,4.858784676
2022-02-18,0,0,0,0,0,0,0.185902237,1.025404761,3.030763566,4.420834055,5.784379033,7.299077444,7.972141567,10.77709217,11.81580266,13.48632431,16.4653732,16.41618252,16.39839935
2022-02-19,0,0,0,0,0,0,0,0,0,0,0,0,0,0,0,0,0,0,0
2022-02-20,0,0,0,0,0,0,0,0,0,0,0,0,0,0,0,0,0,0,0
2022-02-21,0,0,0,0,0,0,0,0,0,0,0,0,0,0,0,0,0,0,0
2022-02-22,0,0,0,0,0,0,0,0,0,0,0,0,0,0,0,0,0,0,0
2022-02-23,0,0,0,0,0,0,0,0,0,0,0,0,0,0,0,0,0,0,0
2022-02-24,0,0,0,0,0,0,0,0,0,0,0,0,0,0,0,0,0,0,0
2022-02-25,0,0,0,0,0,0,0,0,0,0,0,0,0,0,0,0,0,0,0
2022-02-26,0,0,0,0,0,0,0,0,0,0,0,0,0,0,0,0,0,0,0
2022-02-27,0,0,0,0,0,0,0,0,0,0,0,0,0,0,0,0,0,0,0
2022-02-28,0,0,0,0,0,0,0,0,0,0,0,0,0,0,0,0,0,0,0
2022-03-01,0,0,0,0,0,0,0,0,0,0,0,0,0,0,0,0,0,0,0
2022-03-02,0,0,0,0,0,0,0,0,0,0,0,0,0,0,0,0,0,0,0
2022-03-03,0,0,0,0,0,0,0,0,0,0,0,0,0,0,0,0,0,0,0
2022-03-04,0,0,0,0,0,0,0,0,0,0,0,0,0,0,0,0,0,0,0
2022-03-05,0,0,0,0,0,0,0,0,0,0,0,0,0,0,0,0,0,0,0
2022-03-06,0,0,0,0,0,0,0,0,0,0,0,0,0,0,0,0,0,0,0
2022-03-07,0,0,0,0,0,0,0,0,0,0,0,0,0,0,0,0,0,0,0
2022-03-08,0,0,0,0,0,0,0,0,0,0,0,0,0,0,0,0,0,0,0
2022-03-09,0,0,0,0,0,0,0,0,0,0,0,0,0,0,0,0,0,0,0
2022-03-10,0,0,0,0,0,0,0,0,0,0,0,0,0,0,0,0,0,0,0
2022-03-11,0,0,0,0,0,0,0,0,0,0,0,0,0,0,0,0,0,0,0
2022-03-12,0,0,0,0,0,0,0,0,0,0,0,0,0,0,0,0,0,0,0
2022-03-13,0,0,0,0,0,0,0,0,0,0,0,0,0,0,0,0,0,0,0
2022-03-14,0,0,0,0,0,0,0,0,0,0,0,0,0,0,0,0,0,0,0
2022-03-15,0,0,0,0,0,0,0,0,0,0,0,0,0,0,0,0,0,0,0
2022-03-16,0,0,0,0,0,0,0,0,0,0,0,0,0,0,0,0,0,0,0
2022-03-17,0,0,0,0,0,0,0,0,0,0,0,0,0,0,0,0,0,0,0
2022-03-18,0,0,0,0,0,0,0,0,0,0,0,0,0,0,0,0,0,0,0
2022-03-19,0,0,0,0,0,0,0,0,0,0,0,0,0,0,0,0,0,0,0
2022-03-20,0,0,0,0,0,0,0,0,0,0,0,0,0,0,0,0,0,0,0
2022-03-21,0,0,0,0,0,0,0,0,0,0,0,0,0,0,0,0,0,0,0
2022-03-22,0,0,0,0,0,0,0,0,0,0,0,0,0,0,0,0,0,0,0
2022-03-23,0,0,0.439605678,2.432518871,3.145290085,4.553472158,6.437648266,7.969548575,9.561115752,10.69850168,12.0421175,13.20751693,14.35423135,16.62544076,17.39151401,18.13158554,20.01405,19.83449469,19.76958275
2022-03-24,0,0,0,0,0,0,0,0,0,0,0,0,0,0,0,0,0,0,0
2022-03-25,0,0,0,0,0,0,0,0,0,0,0,0,0,0,0,0,0,0,0
2022-03-26,0,0,0,0,0,0,0,0,0,0,0,0,0,0,0,0,0,0,0
2022-03-27,0,0,0,0,0,0,0,0,0,0,0,0,0,0,0,0,0,0,0
2022-03-28,0,0,0,0,0,0,0,0,0,0,0,0,0,0,0,0,0,0,0
2022-03-29,0,0,0,0,0,0,0,0,0,0,0,0,0,0,0,0,0,0,0
2022-03-30,0,0,0,0,0,0,0,0,0,0,0,0,0,0,0,0,0,0,0
2022-03-31,0,0,0,0,0,0,0,0,0,0,0,0,0,0,0,0,0,0,0
