date,0,1,2,3,4,5,6,7,8,9,10,11,12,13,14,15,16,17,18
2022-01-27,0.0,0.0,0.0,0.0,0.12008285919825239,0.39154625620160793,0.561404423234324,2.1377643178321146,2.8916946327027007,2.587823913435732,3.6167855450706763,5.158389131810976,5.425012896662803,6.345607868855514,6.066985323809194,6.332218473607844,7.7903139981356535,8.066904067993164,8.066904067993164
2022-01-28,0.0,0.0,0.0,0.0,0.0,0.0,0.0,0.0,0.0,0.0,0.0,0.0,0.0,0.0,0.0,0.0,0.0,0.0,0.0
2022-01-29,0.0,0.0,0.0,0.0,0.0,0.0,0.0,0.0,0.0,0.0,0.0,0.0,0.0,0.0,0.0,0.0,0.0,0.0,0.0
2022-01-30,0.0,0.0,0.0,0.0,0.0,0.0,0.0,0.0,0.0,0.0,0.0,0.0,0.0,0.0,0.0,0.0,0.0,0.0,0.0
2022-01-31,0.0,0.0,0.0,0.0,0.0,0.0,0.0,0.0,0.0,0.0,0.0,0.0,0.0,0.0,0.0,0.0,0.0,0.0,0.0
2022-02-01,0.0,0.0,0.0,0.0,0.0,0.0,0.0,0.0,0.0,0.0,0.00881652901642514,0.11984850272111999,0.32918827195338024,0.9855723780921744,0.0,0.1372573267329823,4.7216520396145905,6.039322376251221,6.039322376251221
2022-02-02,0.0,0.0,0.0,0.0,0.0,0.0,0.0,0.0,0.0,0.0,0.0,0.0,0.0,0.0,0.0,0.0,0.0,0.0,0.0
2022-02-03,0.0,0.0,0.0,0.0,0.0,0.0,0.0,0.0,0.0,0.0,0.0,0.0,0.0,0.0,0.0,0.0,0.0,0.0,0.0
2022-02-04,0.0,0.0,0.0,0.0,0.0,0.0,0.0,0.0,0.0,0.0,0.0,0.0,0.0,0.0,0.0,0.0,0.0,0.0,0.0
2022-02-05,0.0,0.0,0.0,0.0,0.0,0.0,0.0,0.0,0.0,0.0,0.0,0.0,0.0,0.0,0.0,0.0,0.0,0.0,0.0
2022-02-06,0.0,0.0,0.0,0.0,0.0,0.0,0.0,0.0,0.0,0.0,0.0,0.0,0.0,0.0,0.0,0.0,0.0,0.0,0.0
2022-02-07,0.0,0.0,0.0,0.0,0.0,0.0,0.0,0.0,0.0,0.0,0.0,0.0,0.0,0.0,0.0,0.0,0.0,0.0,0.0
2022-02-08,0.0,0.0,0.0,0.0,0.0,0.0,0.0,0.0,0.0,0.0,0.0,0.0,0.0,0.0,0.0,0.0,0.0,0.0,0.0
2022-02-09,0.0,0.0,0.2954450045959859,1.0683371924928255,1.9966814446780419,2.7410139045157997,2.452543640893603,4.694414960423517,4.981623759896944,4.784556914772531,5.505872723307923,5.821320763736886,5.878436795293576,6.299677755259262,6.005010376805844,5.989424521272833,7.844983534379439,8.415884017944336,8.415884017944336
2022-02-10,2.7843313217163086,1.7585250452945107,0.8617249681979794,0.4185777444924627,0.1412428806225459,0.0,0.0,0.0,0.0,0.0,0.0,0.0,0.0,0.0,0.0,0.0,0.0,0.0,0.0
2022-02-11,0.0,0.0,0.0,0.0,0.0,0.0,0.0,0.0,0.0,0.0,0.0,0.0,0.0,0.0,0.0,0.0,0.0,0.0,0.0
2022-02-12,0.0,1.165401998319124,2.2711960333812087,2.865444225924356,3.6357317667868396,4.438955170303196,4.4834973678387025,5.064950817526589,5.129514867771189,5.031953084685228,5.5163799386825,5.8113478400565315,5.907398878946853,6.326031833509856,5.950455105823019,6.0047302787954155,7.902780324762517,8.464851379394531,8.464851379394531
2022-02-13,0.0,0.0,0.0,0.0,0.0,0.0,0.0,0.0,0.0,0.0,0.0,0.0,0.0,0.0,0.0,0.0,0.0,0.0,0.0
2022-02-14,0.0,0.0,0.0,0.0,0.0,0.0,0.0,0.0,0.0,0.0,0.0,0.0,0.0,0.0,0.0,0.0,0.0,0.0,0.0
2022-02-15,0.0,0.0,0.0,0.0,0.0,0.0,0.0,0.0,0.0,0.0,0.0,0.0,0.0,0.0,0.0,0.0,0.0,0.0,0.0
2022-02-16,0.0,0.0,0.0,0.0,0.0,0.0,0.0,0.0,0.0,0.0,0.0,0.0,0.0,0.0,0.0,0.0,0.0,0.0,0.0
2022-02-17,0.0,0.0,0.0,0.0,0.0,0.0,0.0,0.0,0.0,0.0,0.0,0.0,0.0,0.0,0.0,0.0,0.0,0.0,0.0
2022-02-18,0.0,0.0,0.0,0.0,0.0,0.0,0.0,0.0,0.0,0.0,0.0,0.0,0.0,0.0,0.0,0.0,0.0,0.0,0.0
2022-02-19,0.0,0.0,0.0,0.0,0.0,0.0,0.0,0.0,0.0,0.0,0.0,0.0,0.0,0.0,0.0,0.0,0.0,0.0,0.0
2022-02-20,0.0,1.756663071481805,3.4142514623167144,4.502886078187397,5.6521009127299,6.623952552250453,6.726964620559935,7.868089510646833,8.121248078453167,7.982011531642563,8.397681104005688,8.991074542735957,9.147203564256397,9.759827139256878,9.150291581084762,9.307346712459218,12.119482196461071,12.981705665588379,12.981705665588379
2022-02-21,0.0,0.0,0.0,0.0,0.0,0.0,0.0,0.0,0.0,0.0,0.0,0.0,0.0,0.0,0.0,0.0,0.0,0.0,0.0
2022-02-22,0.0,0.0,0.0,0.0,0.0,0.0,0.0,0.0,0.0,0.0,0.0,0.0,0.0,0.0,0.0,0.0,0.0,0.0,0.0
2022-02-23,0.0,0.0,0.0,0.0,0.0,0.04824737248482643,0.3499472695052939,1.7436260982926728,2.4306729659549506,2.090582105782953,2.860599735705522,4.1712581191832285,4.175194136887176,4.771195344532593,4.753104258274686,4.879321260885759,5.90002406727184,6.2950439453125,6.2950439453125
2022-02-24,0.0,0.0,0.0,0.0,0.0,0.0,0.0,0.0,0.0,0.0,0.0,0.0,0.0,0.0,0.0,0.0,0.0,0.0,0.0
2022-02-25,0.0,0.0,0.0,0.0,0.0,0.0,0.0,0.0,0.0,0.0,0.0,0.0,0.0,0.0,0.0,0.0,0.0,0.0,0.0
2022-02-26,0.0,0.0,0.0,0.0,0.0,0.0,0.0,0.0,0.0,0.0,0.0,0.0,0.0,0.0,0.0,0.0,0.0,0.0,0.0
2022-02-27,0.0,0.0,0.0,0.0,0.0,0.0,0.0,0.0,0.0,0.0,0.0,0.0,0.0,0.0,0.0,0.0,0.0,0.0,0.0
2022-02-28,0.0,0.0,0.0,0.0,0.0,0.0,0.0,0.0,0.0,0.0,0.0,0.0,0.0,0.0,0.0,0.0,0.0,0.0,0.0
2022-03-01,0.0,0.0,0.0,0.0,0.0,0.004479693127917006,0.07117734636579241,0.6093757409266475,0.8144313253807558,0.7763813948473917,0.1689179145506699,1.1204080129101732,0.7998053384369657,0.0,0.0,0.0,0.0,0.0,0.0
2022-03-02,0.0,0.0,0.0,0.0,0.0,0.0,0.0,0.0,0.0,0.0,0.0,0.0,0.0,0.0,0.0,0.0,0.0,0.0,0.0
2022-03-03,0.0,0.0,0.0,0.0,0.0,0.0,0.0,0.0,0.0,0.0,0.0,0.0,0.0,0.0,0.0,0.0,0.0,0.0,0.0
2022-03-04,0.0,0.0,0.0,0.0,0.0,0.0,0.05246243439023457,0.7313487078909277,1.161915031783784,0.8870386396697647,2.6002308041509923,2.349718227583957,2.9005935786217285,4.070187161617642,3.833355561546657,3.979133806445382,4.867194193059748,5.11805534362793,5.11805534362793
2022-03-05,0.0,0.0,0.0,0.0,0.0,0.0,0.0,0.0,0.0,0.0,0.0,0.0,0.0,0.0,0.0,0.0,0.0,0.0,0.0
2022-03-06,0.0,0.0,0.0,0.0,0.0,0.0,0.0,0.0,0.0,0.0,0.005075853236400299,0.13767697401762624,0.3329310582492618,0.5856169650826274,0.0,0.07902180606668646,2.718350128694014,3.476959466934204,3.476959466934204
2022-03-07,0.0,0.0,0.0,0.0,0.0,0.0,0.0,0.0,0.0,0.0,0.0,0.0,0.0,0.0,0.0,0.0,0.0,0.0,0.0
2022-03-08,0.0,0.0,0.0,0.0,0.0,0.0,0.0,0.0,0.0,0.0,0.0,0.0,0.0,0.0,0.0,0.0,0.0,0.0,0.0
2022-03-09,0.0,0.0,0.0,0.0,0.0,0.0,0.0,0.0,0.0,0.0,0.0,0.0,0.0,0.0,0.0,0.0,0.0,0.0,0.0
2022-03-10,0.0,0.0,0.0,0.0,0.0,0.0,0.0,0.0,0.0,0.0,0.0,0.0,0.0,0.0,0.0,0.0,0.0,0.0,0.0
2022-03-11,0.0,0.0,0.0,0.0,0.0,0.0,0.04398179306555046,0.5566645759592787,0.7725805644675399,0.5454744227451854,1.5973199548512482,0.9282021234527141,1.1019452700506438,1.3251783640324315,1.4936377622079158,1.0177365649830212,0.7227117711847478,0.0,0.0
2022-03-12,0.0,0.0,0.0,0.0,0.0,0.0,0.0,0.0,0.0,0.0,0.0,0.0,0.0,0.0,0.0,0.0,0.0,0.0,0.0
2022-03-13,0.0,0.0,0.0,0.0,0.0,0.0,0.0,0.0,0.0,0.0,0.0,0.0,0.0,0.0,0.0,0.0,0.0,0.0,0.0
2022-03-14,0.0,0.0,0.0,0.0,0.0,0.0,0.0,0.0,0.0,0.0,0.0,0.0,0.0,0.0,0.0,0.0,0.0,0.0,0.0
2022-03-15,0.0,0.0,0.0,0.0,0.0,0.0,0.0,0.0,0.0,0.0,0.0,0.0,0.0,0.0,0.0,0.0,0.0,0.0,0.0
2022-03-16,0.0,0.0,0.0,0.0,0.0,0.0,0.0,0.0,0.0,0.0,0.0,0.0,0.0,0.0,0.0,0.0,0.0,0.0,0.0
2022-03-17,0.0,0.0,0.0,0.0,0.0,0.0,0.0,0.0,0.0,0.0,0.0,0.0,0.0,0.0,0.0,0.0,0.0,0.0,0.0
2022-03-18,0.0,0.0,0.0,0.0,0.0,0.0,0.0,0.0,0.0,0.0,0.0,0.0,0.0,0.0,0.0,0.0,0.0,0.0,0.0
2022-03-19,0.0,0.0,0.008824212641655643,0.07469065700258527,0.4128452438447211,0.6585775178748292,0.42347807177790886,0.3963134487737396,0.30014468148150253,0.4670490254663399,0.16715957126478212,0.05363199359080831,0.0,0.0,0.0,0.0,0.0,0.0,0.0
2022-03-20,0.0,0.0,0.0,0.0,0.0,0.00386753391909909,0.06145081671457442,0.5857602755763488,0.9059812505861747,0.8627165110394508,0.6924110785017918,1.8102487374010325,1.665921885169082,1.4589982078045234,1.631685754527216,2.1032290892167524,0.0,0.0,0.0
2022-03-21,0.0,0.0,0.0,0.0,0.0,0.0,0.0,0.0,0.0,0.0,0.0,0.0,0.0,0.0,0.0,0.0,0.0,0.0,0.0
2022-03-22,0.0,0.0,0.0,0.0,0.0,0.0,0.0,0.0,0.0,0.0,0.0,0.0,0.0,0.0,0.0,0.0,0.0,0.0,0.0
2022-03-23,0.0,0.0,0.0,0.0,0.0,0.0,0.0,0.0,0.0,0.0,0.0,0.0,0.0,0.0,0.0,0.0,0.0,0.0,0.0
2022-03-24,0.0,0.0,0.0,0.0,0.0,0.0,0.0,0.0,0.0,0.0,0.0,0.0,0.0,0.0,0.0,0.0,0.0,0.0,0.0
2022-03-25,0.0,0.0,0.0,0.0,0.0,0.0,0.0,0.0,0.0,0.0,0.0,0.0,0.0,0.0,0.0,0.0,0.0,0.0,0.0
2022-03-26,0.0,0.0,0.0,0.0,0.0,0.0,0.0,0.0,0.0,0.0,0.0,0.0,0.0,0.0,0.0,0.0,0.0,0.0,0.0
2022-03-27,0.0,0.0,0.0,0.0,0.0,0.0,0.0,0.0,0.0,0.0,0.0,0.0,0.0,0.0,0.0,0.0,0.0,0.0,0.0
2022-03-28,0.0,0.0,0.0,0.0,0.0,0.0,0.0,0.0,0.0,0.0,0.0,0.0,0.0,0.0,0.0,0.0,0.0,0.0,0.0
2022-03-29,0.0,0.0,0.0,0.0,0.0,0.0,0.0,0.0,0.0,0.0,0.0,0.0,0.0,0.0,0.0,0.0,0.0,0.0,0.0
2022-03-30,0.0,0.0,0.0,0.0,0.0,0.0,0.0,0.0,0.0,0.0,0.0,0.0,0.0,0.0,0.0,0.0,0.0,0.0,0.0
2022-03-31,0.0,0.0,0.0,0.0,0.0,0.0,0.0,0.0,0.0,0.0,0.0,0.0,0.0,0.0,0.0,0.0,0.0,0.0,0.0
2022-04-01,0.0,0.0,0.0,0.0,0.0,0.0,0.0,0.0,0.0,0.0,0.0,0.0,0.0,0.0,0.0,0.0,0.0,0.0,0.0
2022-04-02,0.0,0.0,0.0,0.0,0.0,0.0,0.0,0.0,0.0,0.0,0.0,0.0,0.0,0.0,0.0,0.0,0.0,0.0,0.0
2022-04-03,0.0,0.0,0.0,0.0,0.0,0.0,0.0,0.0,0.0,0.0,0.0,0.0,0.0,0.0,0.0,0.0,0.0,0.0,0.0
2022-04-04,0.0,0.0,0.0,0.0,0.0,0.0,0.0,0.0,0.0,0.0,0.0,0.0,0.0,0.0,0.0,0.0,0.0,0.0,0.0
2022-04-05,0.0,0.0,0.0,0.0,0.0,0.0,0.0,0.0,0.0,0.0,0.0,0.0,0.0,0.0,0.0,0.0,0.0,0.0,0.0
2022-04-06,0.0,0.0,0.0,0.0,0.0,0.0,0.0,0.0,0.0,0.0,0.0,0.0,0.0,0.0,0.0,0.0,0.0,0.0,0.0
2022-04-07,0.0,0.0,0.0,0.0,0.0,0.0,0.0,0.0,0.0,0.0,0.0,0.0,0.0,0.0,0.0,0.0,0.0,0.0,0.0
2022-04-08,0.0,0.0,0.0,0.0,0.0,0.0,0.0,0.0,0.0,0.0,0.0,0.0,0.0,0.0,0.0,0.0,0.0,0.0,0.0
2022-04-09,0.0,0.0,0.0,0.0,0.0,0.0,0.0,0.0,0.0,0.0,0.0,0.0,0.0,0.0,0.0,0.0,0.0,0.0,0.0
2022-04-10,0.0,0.0,0.0,0.0,0.0,0.0,0.0,0.0,0.0,0.0,0.0,0.0,0.0,0.0,0.0,0.0,0.0,0.0,0.0
2022-04-11,0.0,0.0,0.0,0.0,0.0,0.0,0.0,0.0,0.0,0.0,0.0,0.0,0.0,0.0,0.0,0.0,0.0,0.0,0.0
2022-04-12,0.0,0.0,0.0,0.0,0.0,0.0,0.0,0.0,0.0,0.0,0.0,0.0,0.0,0.0,0.0,0.0,0.0,0.0,0.0
2022-04-13,0.0,0.0,0.0,0.0,0.0,0.0,0.0,0.0,0.0,0.0,0.0,0.0,0.0,0.0,0.0,0.0,0.0,0.0,0.0
2022-04-14,0.0,0.0,0.0,0.0,0.0,0.0,0.0,0.0,0.0,0.0,0.0,0.0,0.0,0.0,0.0,0.0,0.0,0.0,0.0
2022-04-15,0.0,0.0,0.0,0.0,0.0,0.0,0.0,0.0,0.0,0.0,0.0,0.0,0.0,0.0,0.0,0.0,0.0,0.0,0.0
2022-04-16,7.012824535369873,6.799203772293893,5.588571123936005,4.491527185908386,3.303153683741887,2.433068544524057,1.6347089356215538,1.2024346973501334,0.6315833520818005,1.2169702798619917,0.08566494649344118,0.5708661949562552,0.6706183685125019,0.4495737918570073,0.0,0.055966686118732796,1.9252540024844083,2.462534189224243,2.462534189224243
2022-04-17,0.0,0.0,0.0,0.0,0.0,0.0,0.0,0.0,0.0,0.0,0.0,0.0,0.0,0.0,0.0,0.0,0.0,0.0,0.0
2022-04-18,0.0,0.0,0.0,0.0,0.0,0.0,0.0,0.0,0.0,0.0,0.0,0.0,0.0,0.0,0.0,0.0,0.0,0.0,0.0
2022-04-19,0.0,0.0,0.0,0.0,0.0,0.0,0.0,0.0,0.0,0.0,0.0,0.0,0.0,0.0,0.0,0.0,0.0,0.0,0.0
2022-04-20,0.0,0.0,0.0,0.0,0.0,0.0,0.0,0.0,0.0,0.0,0.0,0.0,0.0,0.0,0.0,0.0,0.0,0.0,0.0
2022-04-21,0.0,0.0,0.0,0.0,0.0,0.0,0.0,0.0,0.0,0.0,0.0,0.0,0.0,0.0,0.0,0.0,0.0,0.0,0.0
2022-04-22,5.052557945251465,5.019977268419768,4.395036381508227,4.121539564004966,4.378912491268582,4.554516606207018,3.7352661814008434,5.66137842374727,5.825931037666195,5.842751140444979,6.087043506733692,6.0090052022102896,6.1475533281865635,6.240746766706057,6.246671953063078,6.370783675800669,6.1558928749778055,6.074764251708984,6.074764251708984
2022-04-23,0.0,0.0,0.0,0.0,0.0,0.0,0.0,0.0,0.0,0.0,0.0,0.0,0.0,0.0,0.0,0.0,0.0,0.0,0.0
2022-04-24,0.0,0.0,0.0,0.0,0.0,0.0,0.0,0.0,0.0,0.0,0.0,0.0,0.0,0.0,0.0,0.0,0.0,0.0,0.0
2022-04-25,0.0,0.0,0.0,0.0,0.0,0.0,0.0,0.0,0.0,0.0,0.0,0.0,0.0,0.0,0.0,0.0,0.0,0.0,0.0
2022-04-26,10.02898120880127,9.697718620300293,11.067006734856069,12.077784489308089,12.201248414648907,12.280328607559209,14.7094151991385,11.21557929409946,10.87829056199534,10.750110759200044,10.879202470988254,10.715608567179432,10.639230596928787,10.524821189385428,10.662130673726399,10.752069451592185,10.434734587235884,10.40992546081543,10.40992546081543
2022-04-27,0.0,1.2727093696594238,1.7348143762677026,1.5569909363985064,2.188250917196274,2.975823841930984,2.543559871527253,4.1099889875260525,4.301974870342488,4.128323407456426,4.551270269825512,4.303304042355371,4.361470411038218,4.6078985740866845,4.627698863762013,4.702177860520103,4.577495540272106,4.6119232177734375,4.6119232177734375
2022-04-28,0.0,0.0,0.0,0.0,0.0,0.0,0.0,0.0,0.0,0.0,0.0,0.0,0.0,0.0,0.0,0.0,0.0,0.0,0.0
2022-04-29,0.0,0.0,0.0,0.0,0.0,0.0,0.0,0.0,0.0,0.0,0.0,0.0,0.0,0.0,0.0,0.0,0.0,0.0,0.0
2022-04-30,0.0,0.0,0.0,0.0,0.0,0.0,0.0,0.0,0.0,0.0,0.0,0.0,0.0,0.0,0.0,0.0,0.0,0.0,0.0
2022-05-01,0.0,0.0,0.0,0.0,0.0,0.0,0.0,0.0,0.0,0.0,0.0,0.0,0.0,0.0,0.0,0.0,0.0,0.0,0.0
2022-05-02,0.0,0.0,0.0,0.0,0.0,0.0,0.0,0.0,0.0,0.0,0.0,0.0,0.0,0.0,0.0,0.0,0.0,0.0,0.0
2022-05-03,0.0,0.0,0.0,0.0,0.0,0.0,0.0,0.0,0.0,0.0,0.0,0.0,0.0,0.0,0.0,0.0,0.0,0.0,0.0
2022-05-04,0.0,0.0,0.0,0.0,0.0,0.0,0.0,0.0,0.0,0.0,0.0,0.0,0.0,0.0,0.0,0.0,0.0,0.0,0.0
2022-05-05,0.0,0.0,0.0,0.0,0.0,0.0,0.0,0.0,0.0,0.0,0.0,0.0,0.0,0.0,0.0,0.0,0.0,0.0,0.0
2022-05-06,0.0,0.0,0.0,0.0,0.0,0.0,0.0,0.0,0.0,0.0,0.0,0.0,0.0,0.0,0.0,0.0,0.0,0.0,0.0
2022-05-07,0.0,0.0,0.0,0.0,0.0,0.0,0.0,0.0,0.0,0.0,0.0,0.0,0.0,0.0,0.0,0.0,0.0,0.0,0.0
2022-05-08,0.0,0.0,0.2889110046096995,1.0021474403994426,1.7223582264449864,2.047587664560839,1.7160218704314458,4.501763987509109,5.7064981581740675,5.007432833953267,5.936557531008756,6.890902529511606,7.050225020229881,7.323631153831,6.70887837893721,7.108579722317781,8.131130201166327,8.645907402038574,8.645907402038574
2022-05-09,0.0,0.0,0.0,0.0,0.0,0.0,0.0,0.0,0.0,0.0,0.0,0.0,0.0,0.03819462921046004,0.0,0.0,0.0,0.0,0.0
2022-05-10,0.0,0.0,0.29849632480476473,0.2994842667664801,0.27939456999301915,0.3109876759640583,0.5197123012845478,0.0,0.0,0.0,0.0,0.0,0.0,0.0,0.0,0.0,0.0,0.0,0.0
2022-05-11,0.7117611765861511,0.7348270635855825,0.8873673219721026,1.0209161265354074,1.1814239731265441,1.294492026312011,1.3629866383378466,1.5699414783339158,1.6947476021021113,1.6395878135764563,1.5446635606515147,1.7014570269119749,1.5625825143971142,1.4208215307208558,1.45315088396487,1.6098733761093833,3.1238480091094973,3.644573926925659,3.644573926925659
2022-05-12,2.8470447063446045,3.2246019212823165,3.622510200814356,4.119150372488158,4.820128050777648,5.362930156193771,5.023568837604827,7.060120474602302,7.571737410598094,7.436828621739997,7.935906196510706,8.648075234591703,9.03213717490596,9.817556829392156,8.919547274492789,9.371159596876664,10.46935920715332,10.933721542358398,10.933721542358398
2022-05-13,0.0,0.0,0.0,0.0,0.0,0.0,0.02680809873121756,0.02380317357314868,0.0,0.0,0.0,0.0,0.0,0.0,0.0,0.0,0.0,0.0,0.0
2022-05-14,0.0,0.0,0.0,0.0,0.0,0.0,0.0,0.0,0.0,0.0,0.0,0.0,0.0,0.0,0.0,0.0,0.0,0.0,0.0
2022-05-15,0.0,0.0,0.0,0.0,0.0,0.0,0.0,0.0,0.0,0.0,0.0,0.0,0.0,0.0,0.0,0.0,0.0,0.0,0.0
2022-05-16,0.0,0.0,0.0,0.0,0.0,0.0,0.0,0.0,0.0,0.0,0.0,0.0,0.0,0.0,0.0,0.0,0.0,0.0,0.0
2022-05-17,0.0,0.0,0.0,0.0,0.0,0.0,0.0,0.0,0.0,0.0,0.0,0.0,0.0,0.0,0.0,0.0,0.0,0.0,0.0
2022-05-18,0.0,0.0,0.0,0.0,0.0,0.0,0.0,0.0,0.0,0.0,0.0,0.0,0.0,0.0,0.0,0.0,0.0,0.0,0.0
2022-05-19,3.0893852710723877,3.5194157550209444,3.8883534966641844,4.249141677149705,4.715039509534837,5.077048467351245,4.6987177976224785,5.612164570858468,5.657139385049475,5.6973720726006905,5.920411955701174,5.534051799280464,5.732297363673878,6.261452323273769,5.4808809446251905,5.667616605758667,8.939743960987439,10.09228801727295,10.09228801727295
2022-05-20,0.0,0.0,0.0,0.0,0.0,0.006060350096070922,0.10633411672380236,0.9511181923133368,1.4229707017607753,1.318937834241603,1.0810177970106585,2.4447498391474807,2.3151301443899697,2.006241598461248,2.2605604710786236,2.5937000296332617,0.5247048464688387,0.0,0.0
2022-05-21,0.0,0.0,0.0,0.0,0.0,0.0,0.0,0.0,0.0,0.0,0.0,0.0,0.0,0.0,0.0,0.0,0.0,0.0,0.0
2022-05-22,0.0,0.0,0.0,0.0,0.0,0.0,0.0,0.061674669405011755,0.1901002525392313,0.2564811993255081,0.03747215949705917,0.534547114187114,0.5548091597314257,0.4713384105434901,0.1326364365176878,0.12479882890527899,0.0,0.0,0.0
2022-05-23,4.552357196807861,4.96921077527498,5.3979285598304205,5.833558657339641,6.445202066500982,6.837172775144702,6.570902740892278,7.646093593471625,7.682949372292992,7.657288937482112,7.715049060765844,7.399163473670702,7.37935710134124,7.305677838717834,7.553898825161698,7.980524583296342,8.777662242542613,9.220724105834961,9.220724105834961
2022-05-24,0.0,0.0,0.0,0.0,0.03865756822956934,0.12655235977915974,0.1911328014242586,0.7645043202877685,1.0586947984046824,0.972531240617875,1.1588555661431195,1.870823440107423,2.0433373367282703,2.6840851465358013,2.1561623241590415,2.3226738030260257,3.4064827832308686,3.6882896423339844,3.6882896423339844
2022-05-25,0.0,0.0,0.0,0.0,0.0,0.0,0.0,0.0,0.0,0.0182981021923594,0.007008931584601855,0.14375169118794004,0.16440311322878656,0.2851556671571129,0.0,0.041912382299249824,1.441785951094194,1.8441448211669922,1.8441448211669922
2022-05-26,0.0,0.0,0.0,0.0,0.0062123980373144155,0.05357184801008796,0.08677635353709023,0.07422001477366018,0.25279850587360175,0.2964197139535407,0.46117127046097806,0.906397800182247,1.0118584853727148,1.291161467002917,1.1536058204761446,1.3628588914871216,1.4559150088917125,1.5370898246765137,1.5370898246765137
2022-05-27,3.1410462856292725,3.544705917960719,3.7566306631273356,3.7188103459775452,3.894933045076,4.154556170222048,4.104607305072602,5.12766055656474,5.409352651626006,5.372453319062496,5.826587972153712,6.28231516534445,6.3516700099891334,6.599702392952352,6.590611748073411,6.943458470431241,7.279574567621404,7.68544864654541,7.68544864654541
2022-05-28,3.1410462856292725,3.544705917960719,3.8567577504910497,4.111248832195997,4.565139403773679,4.930361806881893,4.844911129890926,6.203535184244128,6.545096815790654,6.454267345442631,7.120222890116003,7.245459887362227,7.755819323778411,8.529870670807513,7.459838563117428,7.767642042853615,10.191404585404829,10.759628295898438,10.759628295898438
2022-05-29,0.0,0.0,0.10012708887269225,0.3122001034872872,0.5078425987727113,0.5890471014883611,0.40215331555674316,1.033449547287593,1.2085698931206503,1.147075232745397,0.9208638641956081,1.4938978101797822,1.4757393069024463,1.8258986510807957,1.3433831118155213,1.4823274937543003,3.859364552931352,4.611269474029541,4.611269474029541
2022-05-30,0.0,0.0,0.0,0.0,0.0,0.0,0.0,0.0,0.0,0.0,0.0,0.0,0.0,0.0,0.0,0.0,0.0,0.0,0.0
2022-05-31,0.0,0.0,0.0,0.0,0.0,0.0,0.0,0.0,0.0,0.0,0.0,0.0,0.0,0.0,0.0,0.0,0.0,0.0,0.0
2022-06-01,0.0,0.0,0.0,0.0,0.0,0.0,0.0,0.0,0.0,0.0,0.0,0.0,0.0,0.0,0.0,0.0,0.0,0.0,0.0
2022-06-02,0.0,0.0,0.0,0.0,0.0,0.0,0.0,0.0,0.0,0.015168302129990985,0.0,0.0,0.0,0.0,0.0,0.0,0.0,0.0,0.0
2022-06-03,8.463425636291504,8.816146800392552,9.025616368160971,8.953402873660837,8.839055824279784,8.838556478859543,8.692997233577504,9.097107911013657,9.530155828359058,9.52077313952714,9.342486872290175,9.948756988959854,9.935502983250313,10.039672296258468,9.977131954137828,10.47388768196106,11.935026775706898,12.43525218963623,12.43525218963623
2022-06-04,5.642283916473389,5.546876455608167,5.476199812023951,5.607943896736419,5.767842061983215,5.877944912229267,5.960092282421374,7.048321876038131,7.270998997538615,7.342178174764806,7.347027617127357,7.975435979413615,8.25688464360015,8.535143604761439,7.62452429619388,7.746893297542225,9.94585637179288,10.362710952758789,10.362710952758789
2022-06-05,0.0,0.0,0.0,0.014214639418891497,0.21003375500440602,0.32341020981986807,0.35909716754994064,0.3948978623663592,0.2757414896570157,0.374548098435103,0.3423221207013096,0.1388238151079627,0.21502612393958856,0.09104203913785236,0.0,0.0,0.0,0.0,0.0
2022-06-06,0.0,0.0,0.0,0.0,0.0,0.0,0.0,0.0,0.0,0.0,0.0,0.0,0.0,0.0,0.0,0.0,0.0,0.0,0.0
2022-06-07,0.0,0.0,0.0,0.0,0.0,0.0,0.0,0.0,0.0,0.0,0.0,0.0,0.0,0.0,0.0,0.0,0.0,0.0,0.0
2022-06-08,0.0,0.0,0.0,0.0,0.0,0.0,0.0,0.0,0.0,0.0,0.0,0.0,0.0,0.0,0.0,0.0,0.0,0.0,0.0
2022-06-09,0.0,0.0,0.0,0.0,0.0,0.0,0.0,0.0,0.0,0.0,0.0,0.0,0.0,0.0,0.0,0.0,0.0,0.0,0.0
2022-06-10,0.0,0.0,0.0,0.0,0.0,0.0,0.0,0.0,0.0,0.0,0.0,0.0,0.0,0.0,0.0,0.0,0.0,0.0,0.0
2022-06-11,0.0,0.0,0.0,0.0,0.0,0.0,0.0,0.0,0.0,0.0,0.0,0.0,0.0,0.0,0.0,0.0,0.0,0.0,0.0
2022-06-12,0.0,0.0,0.0,0.0,0.0,0.0,0.0,0.0,0.0,0.0,0.0,0.0,0.0,0.0,0.0,0.0,0.0,0.0,0.0
2022-06-13,0.0,0.0,0.0,0.0,0.0,0.0,0.0,0.0,0.0,0.0,0.0,0.0,0.0,0.0,0.0,0.0,0.0,0.0,0.0
2022-06-14,0.0,0.0,0.0,0.0,0.0,0.0,0.0,0.0,0.0,0.0,0.0,0.0,0.0,0.0,0.0,0.0,0.0,0.0,0.0
2022-06-15,0.0,0.0,0.0,0.0,0.0,0.0,0.0,0.0,0.0,0.0,0.0,0.0,0.0,0.0,0.0,0.0,0.0,0.0,0.0
2022-06-16,12.775360107421875,12.945215024446187,12.750925542936042,12.318372081433026,12.022599852747385,11.967701999862475,11.968982188916078,12.23091211164944,12.441562625502973,12.614582950525948,12.521159224962666,13.247726528473821,13.534315285935818,14.283541436436815,13.374029491258701,13.748515085740523,18.512296815352006,19.7269344329834,19.7269344329834
2022-06-17,0.00029790500411763787,0.0003178042136010175,0.0003269449181418535,0.00033287540814594,0.00035358045245933084,0.000373701508470294,0.00035609016124874834,0.0004864585964124484,0.0005305367053626661,0.000516827712051141,0.0005926487584985848,0.000619118973854656,0.0006591698138032184,0.0007579730032674993,0.000679510973724604,0.0007037445148770613,0.0010736124717037787,0.0011585603933781385,0.0011585603933781385
2022-06-18,0.3513207733631134,0.3713355378100746,0.3788382514116633,0.38726165125678697,0.41210192723406686,0.4342916389854698,0.4125458243189665,0.6005853193926137,0.6753309837727625,0.6584198174278926,0.7369234883002123,0.8431829256009603,0.8889616603840989,1.0090094601051718,0.8838873108228047,0.9280530471693386,1.4192320411855526,1.5519171953201294,1.5519171953201294
2022-06-19,0.0,0.0,0.0,0.0,0.0,0.0,0.0,0.0,0.0,0.0,0.0,0.0,0.0,0.0,0.0,0.0,0.0,0.0,0.0
2022-06-20,0.8592965602874756,0.9082548649687515,0.930945435656777,0.9337438592421157,0.9741895842055479,1.0237831052634627,1.004367199240538,1.261144173097161,1.3514014022767276,1.3371514833898046,1.4836801513268132,1.5941174351212481,1.6919572633627562,1.911971923293947,1.6956589861192561,1.7607243413274938,2.6721719178286465,2.8912923336029053,2.8912923336029053
2022-06-21,0.0,0.0,0.0,0.0,0.0,0.0,0.017876539470026733,0.2558809869382455,0.4389097781459313,0.3826579878432524,0.39484849202371863,0.7809279866008741,0.8538862152967525,1.0184923868767826,0.5200555220894191,0.3157176267017018,0.0,0.0,0.0
2022-06-22,4.413815021514893,4.713344398297761,4.921421801490623,4.965223459260804,4.980519403848385,5.087467830366904,4.811891938517332,5.288741295462821,5.339191026929962,5.407270223787516,4.946981297096197,5.390372014230856,5.177294439768351,4.85181455936613,5.135597042415452,5.372006492181258,5.853264930031516,6.106134414672852,6.106134414672852
2022-06-23,4.413815021514893,4.713344398297761,4.581890366751433,4.349553413689137,4.100864111549324,3.8190691905362275,3.4798742448211346,3.513034926128258,3.437829843194674,3.445350835327268,3.6519584899401143,3.074266750510136,3.157639040073878,3.434556760742695,3.3519224083941914,3.338915640657598,5.853264930031516,6.106134414672852,6.106134414672852
2022-06-24,0.0,0.0,0.0,0.0,0.0,0.0,0.0,0.0,0.0,0.0,0.0,0.0,0.0,0.0,0.0,0.0,0.0,0.0,0.0
2022-06-25,0.0,0.0,0.1857428173475628,0.3788786160626582,0.6132739900714822,0.8311685393382978,1.1824439811958838,1.6360131065746009,1.9785343388983667,1.875390291312347,2.106097258094454,2.5786426616599587,2.7073735537275856,2.8485708676184283,2.5723505849423614,2.777090002189983,2.926632465015758,3.053067207336426,3.053067207336426
2022-06-26,5.499569416046143,5.570607335943925,5.535163549431266,5.577176419751987,5.68594616121716,5.75397093187679,5.479448869745567,6.6886620531172,7.175503596418463,7.103204198206218,7.170504735682133,8.134715008673943,8.31658792547389,8.66332464957539,8.009529818659242,8.303177161650224,10.101666259765624,10.541812896728516,10.541812896728516
2022-06-27,0.0,0.0,0.0,0.0,0.0,0.0,0.0,0.0,0.0,0.0,0.0,0.0,0.0,0.0,0.0,0.0,0.0,0.0,0.0
2022-06-28,0.0,0.0,0.0,0.0,0.0,0.0,0.0,0.0,0.0,0.0,0.0,0.0,0.0,0.0,0.0,0.0,0.0,0.0,0.0
2022-06-29,0.0,0.0,0.0,0.0,0.0,0.0,0.0,0.0,0.0,0.0,0.0,0.0,0.0,0.0,0.0,0.0,0.0,0.0,0.0
2022-06-30,0.0,0.0,0.0,0.0,0.0,0.0,0.0,0.0,0.0,0.0,0.0,0.0,0.0,0.0,0.0,0.0,0.0,0.0,0.0
2022-07-01,0.0,0.0,0.0,0.0,0.0,0.0,0.0,0.0,0.0,0.0,0.0,0.0,0.0,0.0,0.0,0.0,0.0,0.0,0.0
2022-07-02,0.0,0.0,0.0,0.0,0.0,0.0,0.0,0.0,0.0,0.0,0.0,0.0,0.0,0.0,0.0,0.0,0.0,0.0,0.0
2022-07-03,26.120033264160156,27.518074537578386,28.268936519381366,28.64096315417971,29.629598939418802,30.276903488109646,27.91313453452297,25.0373345332704,23.325069314873986,25.089517269197472,31.59767280077413,27.71261048337527,30.54443437487436,37.19889287103581,35.38059466818104,36.716827652671114,42.42441746104847,44.42771530151367,44.42771530151367
2022-07-04,0.0,0.0,0.0,0.0,0.0,0.0,0.0,0.0,0.0,0.0,0.0,0.0,0.0,0.0,0.0,0.0,0.0,0.0,0.0
2022-07-05,0.0,0.0,0.0,0.0,0.0,0.0,0.0,0.0,0.0,0.0,0.0,0.0,0.0,0.0,0.0,0.0,0.0,0.0,0.0
2022-07-06,0.0,0.0,0.0,0.0,0.0,0.0,0.0,0.0,0.0,0.0,0.0,0.0,0.0,0.0,0.0,0.0,0.0,0.0,0.0
2022-07-07,0.0,0.0,0.0,0.0,0.0,0.0,0.0,0.0,0.0,0.0,0.0,0.0,0.0,0.0,0.0,0.0,0.0,0.0,0.0
2022-07-08,0.0,1.3263015245136462,2.5322412257456075,3.0442199036478996,4.821695703268053,6.290678107583677,5.576097581500097,6.7627046214138336,7.008085734819259,7.429566571027927,6.045475478067885,7.058253618640259,7.227737203579424,7.362889655783208,5.888055635535198,5.925457347523083,8.478212529962713,8.764547348022461,8.764547348022461
2022-07-09,0.0,0.0,0.31648062452485287,0.8645583556166717,0.9490583568811417,1.0218296758540268,0.9508787132444836,2.0096806571749948,2.0878500282675336,2.297412701664191,1.7777672583169313,3.7433488241447477,3.9768320927769754,4.486516990239108,3.6436869994453756,4.424385710196062,7.6652475010265,8.764547348022461,8.764547348022461
2022-07-10,18.028175354003906,18.017723284269636,17.53430042186367,17.16636340745858,16.531809962458087,16.233631563805915,16.70956969891906,19.286051127663526,20.086526523612893,19.269131126183492,18.205982460244734,19.3061893362748,18.41430824316981,16.738302761995346,17.57118971451469,18.082315228202127,16.956425059925426,17.529094696044922,17.529094696044922
2022-07-11,10.906317710876465,9.804460048675537,9.309543410434,10.249771364033222,10.506332945823669,10.055153347919516,9.382701560429163,10.082445581058794,10.188979776807251,10.297903828495013,9.445981549172505,9.92800899699806,10.243518747720275,10.40064191969135,9.257962945578754,9.596698414195666,13.415661881186745,14.055550575256348,14.055550575256348
2022-07-12,0.0,0.0,0.0,0.0,0.0,0.0,0.0,0.0,0.0,0.0,0.0,0.0,0.0,0.0,0.0,0.0,0.0,0.0,0.0
2022-07-13,3.635439395904541,2.2960669868870784,1.862601983396313,2.1273104596350874,2.5088092193007467,2.696659283514147,2.8058991148358294,1.4663751959640277,0.8830713577156465,1.246790716750394,0.4578814207202327,0.21290626435366247,0.1876830148025298,0.0,0.0,0.0,0.0,0.0,0.0
2022-07-14,7.270878791809082,7.508393362948769,7.539390187726243,7.487697908920902,8.08408204846912,8.686483505174712,8.451568021471537,13.194865942322235,14.9049598746592,14.335623804098704,13.496339111606572,16.742912272732255,16.027883675348978,15.10668581950514,14.969549040863477,15.946962833404541,17.078623546253553,18.740734100341797,18.740734100341797
2022-07-15,18.177196502685547,20.22911262512207,20.552527705325357,19.711767954485754,19.397944472895727,19.67753170682239,19.38419491601369,24.12773326909718,25.648887520235572,25.38635572741921,22.408598564315017,27.074903423977474,26.42284913853473,25.692053414598295,24.545487279477324,25.73636605522849,26.83132376237349,28.111101150512695,28.111101150512695
2022-07-16,0.0,0.0,0.0,0.0,0.0,0.0,0.0,0.006184447662024927,0.0,0.15544292832365136,0.013416188650757728,0.0,0.0,0.0,0.0,0.0,0.0,0.0,0.0
2022-07-17,31.759157180786133,31.661668476305508,31.383539352738904,31.485334898744313,31.766408007674748,31.615591804702575,30.02229893699525,28.988293063752902,28.12762843047913,29.687391715474654,24.12928181669138,27.034816687635765,26.87130990860134,26.730093473120586,24.431046886720516,25.51786999268965,32.543679809570314,34.73015594482422,34.73015594482422
2022-07-18,0.0,0.0,0.0,0.0,0.08086378872394563,0.5210959759625522,1.338479988158695,6.469289720619992,8.75374897107237,7.195532503104447,9.114172171154161,11.858979404949752,11.525072912999375,10.849423357203037,10.9024950525035,11.504253777590664,10.847893021323463,11.5767183303833,11.5767183303833
2022-07-19,0.0,0.0,0.0,0.0,0.0,0.0,0.0,0.0,0.0,0.0,0.0,0.0,0.0,0.0,0.0,0.0,0.0,0.0,0.0
2022-07-20,0.0,0.0,0.0,0.0,0.0,0.0,0.0,0.0,0.0,0.0,0.0,0.0,0.0,0.0,0.0,0.0,0.0,0.0,0.0
2022-07-21,0.0,0.0,0.0,0.0,0.0,0.0,0.0,0.0,0.0,0.0,0.0,0.0,0.0,0.0,0.0,0.0,0.0,0.0,0.0
2022-07-22,0.0,0.0,0.0,0.0,0.0,0.0,0.0,0.0,0.0,0.0,0.0,0.0,0.0,0.0,0.0,0.0,0.0,0.0,0.0
2022-07-23,0.0,0.0,0.0,0.0,0.0,0.0,0.0,0.0,0.0,0.0,0.0,0.0,0.0,0.0,0.0,0.0,0.0,0.0,0.0
2022-07-24,9.546792984008789,10.162778904563503,10.553383131067461,10.871247610875539,11.053740700748232,10.621770675461015,9.95672814202687,12.528572432927454,13.470490959549519,12.91859598246345,13.39080855654974,15.079542285929065,14.072415096659052,11.645334559150891,14.05798580335534,14.913831667466596,17.952170146595346,18.93445587158203,18.93445587158203
2022-07-25,0.0,0.0,0.0,0.0,0.0,0.0,0.0,0.0,0.0,0.0,0.0,0.0,0.0,0.0,0.0,0.0,0.0,0.0,0.0
2022-07-26,0.0,0.0,0.0,0.0,0.0,0.0,0.0,0.0,0.0,0.0,0.0,0.0,0.0,0.0,0.0,0.0,0.0,0.0,0.0
2022-07-27,0.0,0.0,0.0,0.0,0.0,0.0,0.0,0.0,0.0,0.0,0.0,0.0,0.0,0.0,0.0,0.0,0.0,0.0,0.0
2022-07-28,0.0,0.0,0.0,0.0,0.0,0.0,0.0,0.0,0.0,0.0,0.0,0.0,0.0,0.0,0.0,0.0,0.0,0.0,0.0
2022-07-29,0.0,0.0,0.0,0.0,0.0,0.0,0.0,0.0,0.0,0.0,0.0,0.0,0.0,0.0,0.0,0.0,0.0,0.0,0.0
2022-07-30,0.0,0.0,0.0,0.0,0.0,0.0,0.0,0.0,0.0,0.0,0.0,0.0,0.0,0.0,0.0,0.0,0.0,0.0,0.0
2022-07-31,0.0,0.0,0.0,0.0,0.0,0.0,0.0,0.0,0.0,0.0,0.0,0.0,0.0,0.0,0.0,0.0,0.0,0.0,0.0
2022-08-01,0.0,0.0,0.0,0.0,0.0,0.0,0.0,0.0,0.0,0.0,0.0,0.0,0.0,0.0,0.0,0.0,0.0,0.0,0.0
2022-08-02,0.0,0.0,0.0,0.0,0.0,0.0,0.0,0.0,0.0,0.0,0.0,0.0,0.0,0.0,0.0,0.0,0.0,0.0,0.0
2022-08-03,0.0,0.0,0.0,0.0,0.0,0.0,0.0,0.0,0.0,0.0,0.0,0.0,0.0,0.0,0.0,0.0,0.0,0.0,0.0
2022-08-04,0.0,0.0,0.0,0.0,0.0,0.0,0.0,0.0,0.0,0.0,0.0,0.0,0.0,0.0,0.0,0.0,0.0,0.0,0.0
2022-08-05,0.0,0.0,0.0,0.0,0.0,0.0,0.0,0.0,0.0,0.0,0.0,0.0,0.0,0.0,0.0,0.0,0.0,0.0,0.0
2022-08-06,0.0,2.753117611533717,3.8329138303104835,4.0063571866069525,3.5705113323198434,3.219530709532948,2.9849338708100497,5.422469683001533,6.428511639703372,6.357426652813902,5.157776589637255,8.373477855563884,7.8724779956131545,6.902601211508619,6.399394104446189,7.077680566094139,5.52689621665261,5.961065292358398,5.961065292358398
2022-08-07,0.0,0.0,1.164956337288965,1.733780470277582,2.6380935253368487,3.4664233314526554,4.036176499866304,2.91927991741278,2.4409416564733277,2.27534824550742,3.607111414331589,2.4264116772708446,2.616362727734533,2.828606864319572,3.74367698724719,3.7627815983512187,3.196661602367054,2.980532646179199,2.980532646179199
2022-08-08,0.0,0.0,0.0,0.0,0.0,0.0,0.0,0.0,0.0,0.0,0.0,0.0,0.0,0.0,0.0,0.0,0.0,0.0,0.0
2022-08-09,0.0,0.0,0.0,0.0,0.0,0.0,0.0,0.0,0.0,0.0,0.0,0.0,0.0,0.0,0.0,0.0,0.0,0.0,0.0
2022-08-10,0.0,0.0,0.0,0.0,0.0,0.0,0.023838735762096587,0.16170555617895935,0.228231842385992,0.23877418572359746,0.004351142549166714,0.059147757430648484,0.1449755428930016,0.4842105741742292,0.0,0.06773937832225452,2.3302346142855557,2.980532646179199,2.980532646179199
2022-08-11,0.0,0.0,0.0,0.0,0.0,0.0,0.0,0.0,0.0,0.0,0.0,0.0,0.0,0.0,0.0,0.0,0.0,0.0,0.0
2022-08-12,0.0,0.0,0.0,0.0,0.0,0.0,0.0,0.0,0.0,0.0,0.0,0.0,0.0,0.0,0.0,0.0,0.0,0.0,0.0
2022-08-13,0.0,0.0,0.0,0.0,0.0,0.0,0.0,0.0,0.0,0.0,0.0,0.0,0.0,0.0,0.0,0.0,0.0,0.0,0.0
2022-08-14,7.597320079803467,6.442872499164782,5.56730625699844,4.905313859028476,4.441695438490974,4.284324251212084,4.345640651258842,4.706787716973357,4.964732378587595,4.984009002694989,4.487961896144561,6.004583905543411,6.089203519914157,6.117653515897221,5.6553716383118555,6.062474543398078,6.229273024472324,6.7703680992126465,6.7703680992126465
2022-08-15,3.7986600399017334,4.043718789753161,3.8743586982855818,3.5074187400085592,3.292141983244155,3.375143357685634,3.55226788520813,4.563963072938521,4.8103437281153845,4.675947528369356,5.034910048881587,5.733780266808683,5.452852980674669,5.048166392347481,5.342137481855309,5.767749678004873,6.229273024472324,6.7703680992126465,6.7703680992126465
2022-08-16,0.0,0.0,0.0,0.0,0.0,0.0,0.0,0.1323122060475407,0.49475922249535986,0.6591254177660046,1.809298683779083,3.100039106077732,3.5726621634007016,4.964005747927896,4.696808711342189,5.657162666320801,5.788992231542414,6.232017993927002,6.232017993927002
2022-08-17,9.24057388305664,8.599385361922415,7.821883718675703,7.0319871593798915,6.619983310831918,6.676335728632942,6.638739012410401,6.608469581860713,6.920677443434483,7.105858288582404,7.038280370809736,7.0003093023357765,6.789411652256065,5.875903432882286,6.172981614651887,6.04298058423129,5.788992231542414,6.232017993927002,6.232017993927002
2022-08-18,0.0,0.0,0.0,0.0,0.0,0.0,0.0,0.0,0.0,0.0,0.0,0.0,0.0,0.0,0.0,0.0,0.0,0.0,0.0
2022-08-19,0.0,0.0,0.0,0.0,0.0,0.0,0.0,0.0,0.0,0.0,0.0,0.0,0.0,0.0,0.0,0.0,0.0,0.0,0.0
2022-08-20,0.0,0.0,0.0,0.0,0.0,0.0,0.0,0.0,0.0,0.0,0.0,0.0,0.0,0.0,0.0,0.0,0.0,0.0,0.0
2022-08-21,4.477170467376709,3.7778828896974264,2.457292659373223,1.4360741690865584,0.6379651905761826,0.27070349114281794,0.47161775505731973,0.1775683779093972,0.5553010625511363,0.7489251394083006,0.107449647109874,1.5688847820752647,1.566077279372954,1.0972927190080475,0.31408016232476715,0.2955208800055764,0.0,0.0,0.0
2022-08-22,0.0,0.0,0.0,0.0,0.0,0.0,0.0,0.0,0.0,0.0,0.0,0.0,0.0,0.0,0.0,0.0,0.0,0.0,0.0
2022-08-23,0.0,0.0,0.0,0.0,0.0,0.0,0.0,0.0,0.0,0.0,0.0,0.0,0.0,0.0,0.0,0.0,0.0,0.0,0.0
2022-08-24,4.477170467376709,4.728079168420089,5.460819115618613,5.763312454202345,6.122145564357439,6.5044310116148605,6.406651126140009,8.26881580237264,8.608684906154114,8.226475200440625,8.683709618644993,9.448519952755946,9.140867802587904,9.12087567244904,10.019457499186197,10.822689359838312,10.199740444530141,10.962977409362793,10.962977409362793
2022-08-25,0.0,0.0,0.0,0.0,0.0,0.0,0.0,0.0,0.0,0.0,0.0,0.0,0.0,0.0,0.0,0.0,0.0,0.0,0.0
2022-08-26,0.0,0.0,0.6182963777695023,2.4906489263687814,3.9908845431274838,3.9282149308687684,3.104703481361349,4.274947190188462,3.9294210438949295,4.0909007744427175,0.876468385571111,1.6447545973981015,0.9679035628991421,0.0,0.0,0.0,0.0,0.0,0.0
2022-08-27,0.0,0.0,0.0,0.0,0.0,0.0,0.0,0.0,0.0,0.0,0.0,0.0,0.0,0.0,0.0,0.0,0.0,0.0,0.0
2022-08-28,0.0,0.0,0.0,0.0,0.0,0.0,0.0,0.0,0.0,0.0,0.0,0.0,0.0,0.0,0.0,0.0,0.0,0.0,0.0
2022-08-29,0.0,0.0,0.0,0.0,0.0,0.0,0.0,0.0,0.0,0.0,0.0,0.0,0.0,0.0,0.0,0.0,0.0,0.0,0.0
2022-08-30,0.0,0.0,0.0,0.0,0.0,0.0,0.0,0.0,0.0,0.0,0.0,0.0,0.0,0.0,0.0,0.0,0.0,0.0,0.0
2022-08-31,0.0,0.0,0.0,0.0,0.0,0.0,0.0,0.0,0.0,0.0,0.0,0.0,0.0,0.0,0.0,0.0,0.0,0.0,0.0
2022-09-01,0.0,0.0,0.0,0.0,0.0,0.0,0.0,0.0,0.0,0.0,0.0,0.0,0.0,0.0,0.0,0.0,0.0,0.0,0.0
2022-09-02,0.0,0.0,0.0,0.0,0.0,0.0,0.0,0.0,0.0,0.0,0.0,0.0,0.0,0.0,0.0,0.0,0.0,0.0,0.0
2022-09-03,0.0,0.0,0.0,0.0,0.0,0.0,0.0,0.0,0.0,0.0,0.0,0.0,0.0,0.0,0.0,0.0,0.0,0.0,0.0
2022-09-04,0.0,0.0,0.0,0.0,0.0,0.0,0.0,0.0,0.0,0.0,0.0,0.0,0.0,0.0,0.0,0.0,0.0,0.0,0.0
2022-09-05,0.0,0.0,0.0,0.0,0.0,0.0,0.0,0.0,0.0,0.0,0.0,0.0,0.0,0.0,0.0,0.0,0.0,0.0,0.0
2022-09-06,0.0,0.0,0.0,0.0,0.0,0.0,0.0,0.0,0.0,0.0,0.0,0.0,0.0,0.0,0.0,0.0,0.0,0.0,0.0
2022-09-07,0.0,0.0,0.0,0.0,0.0,0.0,0.0,0.0,0.0,0.0,0.0,0.0,0.0,0.0,0.0,0.0,0.0,0.0,0.0
2022-09-08,0.0,0.0,0.0,0.0,0.0,0.0,0.0,0.0,0.0,0.0,0.0,0.0,0.0,0.0,0.0,0.0,0.0,0.0,0.0
2022-09-09,0.0,0.0,0.0,0.0,0.0,0.0,0.0,0.0,0.0,0.0,0.0,0.0,0.0,0.0,0.0,0.0,0.0,0.0,0.0
2022-09-10,0.0,0.0,0.0,0.0,0.0,0.0,0.0,0.0,0.0,0.0,0.0,0.0,0.0,0.0,0.0,0.0,0.0,0.0,0.0
2022-09-11,0.0,0.0,0.0,0.0,0.0,0.0,0.0,0.0,0.0,0.0,0.0,0.0,0.0,0.0,0.0,0.0,0.0,0.0,0.0
2022-09-12,0.0,0.0,0.0,0.0,0.0,0.0,0.0,0.0,0.0,0.0,0.0,0.0,0.0,0.0,0.0,0.0,0.0,0.0,0.0
2022-09-13,0.0,0.0,0.0,0.0,0.0,0.0,0.0,0.0,0.0,0.0,0.0,0.0,0.058025048070971655,0.0,0.0,0.0,0.0,0.0,0.0
2022-09-14,0.0,0.0,0.0,0.0,0.0,0.0,0.0,0.0,0.0,0.0,0.0,0.0,0.0,0.0,0.0,0.0,0.0,0.0,0.0
2022-09-15,0.0,0.0,0.0,0.0,0.0,0.0,0.0,0.0,0.0,0.0,0.0,0.0,0.0,0.0,0.0,0.0,0.0,0.0,0.0
2022-09-16,3.664689779281616,3.6875753779160347,3.7841891286745355,4.247151554695198,4.921927842249473,5.488300453610236,5.280728721618651,8.481397600064847,8.806069722624636,7.464302870060744,7.014723705201254,5.632884826610785,4.822471843122273,4.111188896471942,5.272169513978819,5.475573268803683,6.697639872811057,7.325499057769775,7.325499057769775
2022-09-17,0.0,0.0,0.0,0.0,0.0,0.0,0.015183487897196774,0.823061340750467,2.1937122562362834,2.4813576487228035,2.287561848911926,5.906332147645992,6.269562809206424,6.583766520966459,4.720368357672207,5.64069375666705,3.3488199364055284,3.6627495288848877,3.6627495288848877
2022-09-18,0.0,0.0,0.0,0.0,0.0,0.0,0.0,0.0,0.0,0.0,0.0,0.0,0.0,0.0,0.0,0.0,0.0,0.0,0.0
2022-09-19,0.0,0.0,0.0,0.0,0.0012693150175942314,0.058071695829366714,0.42901998297878036,2.7717721880204262,2.824137067224591,2.048393450603627,1.3975522728732035,2.1874473767613827,1.9453015597385808,1.4561383824182466,0.7090713390405626,0.6897640065713362,3.3488199364055284,3.6627495288848877,3.6627495288848877
2022-09-20,3.664689779281616,3.6875753779160347,3.7841891286745355,4.171066560915539,4.16271155749758,3.652635611574372,2.529738532424604,2.8665851710782877,4.079133273952924,4.601049144423441,3.524932708357372,5.976878755765296,5.404431211470524,4.683627598459208,5.1618659116219785,5.349195269021121,3.3488199364055284,3.6627495288848877,3.6627495288848877
2022-09-21,0.0,0.0,0.0,0.0,0.0,0.0,0.0,0.0,0.0,0.0,0.0,0.0,0.0,0.0,0.0,0.0,0.0,0.0,0.0
2022-09-22,0.0,0.0,0.0,0.0,0.0,0.0,0.0,0.0,0.0,0.0,0.0,0.0,0.0,0.0,0.0,0.0,0.0,0.0,0.0
2022-09-23,0.0,2.928680620695415,5.208508121313426,6.876042325581824,8.897500984867415,10.319778431081154,7.273456644128869,9.74708372346485,9.631842113218323,9.100343312170642,10.436866992059416,5.3132631307639775,5.229820993842954,5.367394570308396,4.725206775941709,2.736978747627952,9.544685571843928,10.341485977172852,10.341485977172852
2022-09-24,0.0,0.0,0.0,0.0,0.0,0.0,0.0,0.47926019434973816,1.7047584281373986,1.7098494276355205,5.429085517799768,8.2576488839644,9.815958900802958,15.13852586248253,15.356932446576545,19.11771180412986,9.544685571843928,10.341485977172852,10.341485977172852
2022-09-25,0.0,0.0,0.0,0.0,0.0,0.0,0.0,0.0,0.0,0.0,0.0,0.0,0.0,0.0,0.0,0.0,0.0,0.0,0.0
2022-09-26,0.019936751574277878,0.01922501947142576,0.01969429551926343,0.022712561039952558,0.024867663966465954,0.025162812237712474,0.023293241876221834,0.04293454831032381,0.05243029750560609,0.04932151736634732,0.03946876440088462,0.05974519896426264,0.05483397656601661,0.04665949890873383,0.044893833120232034,0.04897572752088308,0.04344091218980876,0.04745487496256828,0.04745487496256828
2022-09-27,2.828845500946045,2.775156987340827,2.8990214182857725,3.3743445782789157,3.7571734006206197,3.8691530471498328,3.5875714751778447,6.680220819337851,8.150402359541935,7.650808690011306,6.257341462852312,9.332862043709877,8.612015613367861,7.436283100632175,7.134329616159632,7.777637633410367,7.003492771495472,7.648246765136719,7.648246765136719
2022-09-28,2.761845350265503,2.65750779603657,2.7183499150135346,3.14725949109665,3.4570140529837885,3.5005388244405973,3.2406825787175895,6.152801342719657,7.581729210189284,7.137973407117449,5.654624727346602,8.784424484136087,8.058180564919633,6.8379411112658595,6.526765090831811,7.140833659605546,6.325738924199884,6.934582710266113,6.934582710266113
2022-09-29,1.329387903213501,1.2851739055231999,1.3234531708407502,1.5485124943245734,1.7214301925152542,1.7566130370675745,1.6219937357322247,3.2022404436468266,3.9767243929864393,3.740912516911826,2.961063803721518,4.667642170134241,4.285437534586451,3.6439155217590216,3.459600545357966,3.792465513402765,3.3698670994151723,3.702763557434082,3.702763557434082
2022-09-30,0.0,0.0,0.0,0.0,0.0,0.0,0.0,0.0,0.0,0.0,0.0,0.0,0.0,0.0,0.0,0.0,0.0,0.0,0.0
2022-10-01,0.0,0.0,0.0,0.0,0.0,0.0,0.0,0.0,0.0,0.0,0.0,0.0,0.0,0.0,0.0,0.0,0.0,0.0,0.0
2022-10-02,0.0,0.0,0.0,0.0,0.0,0.0,0.0,0.0,0.0,0.0,0.0,0.0,0.0,0.0,0.0,0.0,0.0,0.0,0.0
2022-10-03,0.0,0.0,0.0,0.0,0.0,0.0,0.0,0.0,0.0,0.0,0.0,0.0,0.0,0.0,0.0,0.0,0.0,0.0,0.0
2022-10-04,0.0,0.0,0.0,0.0,0.0,0.0,0.0,0.0,0.0,0.0,0.0,0.0,0.0,0.0,0.0,0.0,0.0,0.0,0.0
2022-10-05,3.3270812034606934,3.6921347065975794,3.589800398058026,3.681871456759317,4.161412804656559,4.473968089865401,3.415724298562952,5.342436457546691,6.134090404339436,5.884733281414895,5.867411138367479,6.574838601483469,6.374120415484015,6.3253588427471215,6.320427058399587,6.520237272435968,6.389542570981113,6.791375637054443,6.791375637054443
2022-10-06,0.0,0.0,0.0,0.0,0.0,0.0,0.0,0.0,0.0,0.0,0.0,0.0,0.0,0.0,0.0,0.0,0.0,0.0,0.0
2022-10-07,0.0,0.0,0.0,0.0,0.0,0.0,0.0,0.0,0.0,0.0,0.0,0.0,0.0,0.0,0.0,0.0,0.0,0.0,0.0
2022-10-08,0.0,0.0,0.0,0.0,0.0,0.0,0.0,0.0,0.0,0.0,0.0,0.0,0.0,0.0,0.0,0.0,0.0,0.0,0.0
2022-10-09,0.0,0.0,0.0,0.0,0.0,0.0,0.0,0.0,0.0,0.0,0.0,0.0,0.0,0.0,0.0,0.0,0.0,0.0,0.0
2022-10-10,0.0,0.0,0.0,0.0,0.0,0.0,0.0,0.0,0.0,0.0,0.0,0.0,0.0,0.0,0.0,0.0,0.0,0.0,0.0
2022-10-11,0.0,0.0,0.0,0.0,0.04939479132493337,0.3457574804107865,0.8769448371160599,3.3979244976634124,4.380384352887871,3.5749286840064305,5.006730887837654,5.009496721756468,5.118721907213733,5.5565299105040635,5.679833951203719,5.7715850418264205,6.094191837310791,6.3319783210754395,6.3319783210754395
2022-10-12,0.0,0.0,0.0,0.0,0.0,0.0,0.0,0.0,0.0,0.0,0.0,0.0,0.0,0.0,0.0,0.0,0.0,0.0,0.0
2022-10-13,0.0,0.0,0.0,0.0,0.0,0.0,0.0,0.0,0.0,0.0,0.0,0.0,0.0,0.0,0.0,0.0,0.0,0.0,0.0
2022-10-14,0.0,0.0,0.0,0.0,0.0,0.0,0.0,0.0,0.0,0.0,0.0,0.0,0.0,0.0,0.0,0.0,0.0,0.0,0.0
2022-10-15,0.0,0.0,0.0,0.0,0.0,0.0,0.0,0.0,0.0,0.0,0.0,0.0,0.0,0.0,0.0,0.0,0.0,0.0,0.0
2022-10-16,0.0,0.0,0.0,0.0,0.0,0.0,0.0,0.0,0.0,0.0,0.0,0.0,0.0,0.0,0.0,0.0,0.0,0.0,0.0
2022-10-17,0.0,0.0,0.0,0.0,0.0,0.0,0.0,0.0,0.0,0.0,0.0,0.0,0.0,0.0,0.0,0.0,0.0,0.0,0.0
2022-10-18,0.0,0.0,0.0,0.0,0.0,0.0,0.0,0.0,0.0,0.0,0.0,0.0,0.0,0.0,0.0,0.0,0.0,0.0,0.0
2022-10-19,0.0,0.0,0.4432601284880175,0.4447271994182042,0.42272567401329686,0.5365734752122459,1.0590971819307438,0.4832651599098503,0.019544289251079473,0.15022911883816864,0.021019034838154368,0.5217580951628138,0.4284183909291178,0.0,0.0,0.0,0.0,0.0,0.0
2022-10-20,0.0,0.0,0.0,0.0,0.0,0.0,0.0,0.0,0.0,0.0,0.0,0.0,0.0,0.0,0.0,0.0,0.0,0.0,0.0
2022-10-21,0.0,0.0,0.0,0.2139621696301869,0.22530033588409426,0.009575929270162212,0.0,0.0,0.0,0.0,0.0,0.0,0.0,0.0,0.0,0.0,0.0,0.0,0.0
2022-10-22,0.0,0.0,0.0,0.0,0.0,0.0,0.0,0.0,0.0,0.0,0.0,0.0,0.0,0.0,0.0,0.0,0.0,0.0,0.0
2022-10-23,0.0,0.0,0.0,0.0,0.0,0.0,0.0,0.0,0.0,0.0,0.0,0.0,0.0,0.0,0.0,0.0,0.0,0.0,0.0
2022-10-24,0.0,0.0,0.0,0.0,0.0,0.0,0.0,0.0,0.0,0.0,0.0,0.0,0.0,0.0,0.0,0.0,0.0,0.0,0.0
2022-10-25,3.922426462173462,4.123596567856638,4.2962970864420695,3.9722317473164623,4.143317856225703,4.473871203676447,4.298598346886812,3.571353554565203,3.168965124941371,3.9649652184629596,3.0564378317255176,4.46293314949411,4.7757481035664435,5.022604426628428,4.322974191195723,5.062192971056158,6.492820488322866,6.869663715362549,6.869663715362549
2022-10-26,0.0,0.0,0.0,0.0,0.0,0.0,0.0,0.0,0.0,0.0,0.0,0.0,0.0,0.0,0.0,0.0,0.0,0.0,0.0
2022-10-27,0.0,0.0,0.0,0.0,0.0,0.0,0.0,0.0,0.0,0.0,0.0,0.0,0.0,0.0,0.0,0.0,0.0,0.0,0.0
2022-10-28,0.0,0.0,0.0,0.0,0.0,0.0,0.0,0.0,0.0,0.0,0.0,0.0,0.0,0.0,0.0,0.0,0.0,0.0,0.0
2022-10-29,0.0,0.0,0.0,0.0,0.0,0.0,0.0,0.0,0.0,0.0,0.0,0.0,0.0,0.0,0.0,0.0,0.0,0.0,0.0
2022-10-30,0.0,0.0,0.0,0.0,0.0,0.031042243133891718,0.06249026722378201,0.0,0.0,0.0,0.0,0.0,0.0,0.0,0.0,0.0,0.0,0.0,0.0
2022-10-31,0.0,0.0,0.0,0.15705106673496108,0.12804776628812153,0.045687583050170504,0.19383671889229426,0.0,0.0,0.08394901115115327,0.019804613433615136,0.49161236279992016,0.40495888202704433,0.0,0.0,0.0,0.0,0.0,0.0
2022-11-01,0.0,0.0,0.0,0.0,0.0,0.0,0.0,0.0,0.0,0.0,0.0,0.0,0.0,0.0,0.0,0.0,0.0,0.0,0.0
2022-11-02,0.0,0.0,0.0,0.0,0.0,0.0,0.0,0.0,0.0,0.0,0.0,0.0,0.0,0.0,0.0,0.0,0.0,0.0,0.0
2022-11-03,0.0,0.0,0.0,0.0,0.0,0.0,0.013506368228367396,0.09161789484652984,0.12930984828504213,0.1088198727310294,0.0,0.0,0.0,0.0,0.0,0.0,0.0,0.0,0.0
2022-11-04,0.0,0.0,0.0,0.0,0.0603044930431578,0.19793045458855568,0.3052989543430389,1.3155554334055202,1.766440816880698,1.5890442299174008,1.8716379962698386,2.8120581572995915,2.678125102496741,2.8309415001657947,2.6770373081815406,2.9983961365439673,4.08698486848311,4.715804576873779,4.715804576873779
2022-11-05,0.0,0.0,0.0,0.0,0.0,0.0,0.0,0.0,0.0,0.0,0.0,0.0,0.0,0.0,0.0,0.0,0.0,0.0,0.0
2022-11-06,0.0,0.0,0.0,0.0,0.0,0.0,0.0,0.0,0.0,0.0,0.0,0.0,0.0,0.0,0.0,0.0,0.0,0.0,0.0
2022-11-07,0.0,0.0,0.0,0.1393571990941252,0.11362150179015267,0.04054027610010916,0.17199846386278747,0.0,0.0,0.0,0.0,0.0,0.0,0.0,0.0,0.0,0.0,0.0,0.0
2022-11-08,0.0,0.0,0.0,0.0,0.0,0.0,0.0,0.0,0.0,0.0,0.0,0.0,0.0,0.0,0.0,0.0,0.0,0.0,0.0
2022-11-09,0.0,0.0,0.0,0.0,0.0,0.0,0.0,0.0,0.0,0.0,0.0,0.0,0.0,0.0,0.0,0.0,0.0,0.0,0.0
2022-11-10,0.0,0.0,0.0,0.0,0.0,0.0,0.0,0.0,0.0,0.0,0.0,0.0,0.0,0.0,0.0,0.0,0.0,0.0,0.0
2022-11-11,3.754225969314575,3.719222796590705,3.5042254009327305,3.0484015063515733,3.270027680695057,3.5488419181340705,3.6709042358650734,2.971584403819704,2.8207438530230555,3.308897945255338,2.7710207465791354,4.367313560275192,4.619919498201827,5.031165917462941,3.901385148366292,4.466117956421591,9.283721334284001,11.134963035583496,11.134963035583496
2022-11-12,0.0,0.0,0.0,0.0,0.0,0.0,0.011625504493713378,0.07885941137054565,0.1113024757581976,0.09366588397781449,0.0,0.0,0.0,0.0,0.0,0.0,0.0,0.0,0.0
2022-11-13,0.0,0.0,0.0,0.0,0.0,0.0,0.0,0.0,0.0,0.0,0.0,0.0,0.0,0.0,0.0,0.0,0.0,0.0,0.0
2022-11-14,0.0,0.0,0.0,0.0,0.0,0.0,0.0,0.0,0.0,0.0,0.0,0.0,0.0,0.0,0.0,0.0,0.0,0.0,0.0
2022-11-15,0.0,0.0,0.0,0.0,0.0,0.0,0.0,0.0,0.0,0.0,0.0,0.0,0.0,0.0,0.0,0.0,0.0,0.0,0.0
2022-11-16,0.0,0.0,0.0,0.0,0.0,0.0,0.0,0.0,0.0,0.0,0.0,0.0,0.0,0.0,0.0,0.0,0.0,0.0,0.0
2022-11-17,0.0,0.0,0.0,0.0,0.0,0.0,0.0,0.0,0.0,0.0,0.0,0.0,0.0,0.0,0.0,0.0,0.0,0.0,0.0
2022-11-18,0.0,0.0,0.0,0.0,0.0,0.0,0.0,0.0,0.0,0.0,0.0,0.0,0.0,0.0,0.0,0.0,0.0,0.0,0.0
2022-11-19,0.0,0.0,0.0,0.0,0.0,0.00839048879487174,0.039191298762326514,0.11938555251862125,0.13493394441846954,0.15915941333908457,0.34633039984389813,0.2334514495316408,0.3426784293752321,0.4640886867536775,0.42063020277714375,0.3597952560944991,0.28783620487559924,0.0,0.0
2022-11-20,0.0,0.0,0.0,0.0,0.0,0.0,0.0,0.0,0.0,0.0,0.0,0.0,0.0,0.0,0.0,0.0,0.0,0.0,0.0
2022-11-21,0.0,0.0,0.0,0.0,0.0,0.0,0.0,0.0,0.0,0.0,0.0,0.0,0.0,0.0,0.0,0.0,0.0,0.0,0.0
2022-11-22,0.0,0.0,0.0,0.0,0.0,0.0,0.0,0.0,0.0,0.0,0.0,0.0,0.0,0.0,0.0,0.0,0.0,0.0,0.0
2022-11-23,0.0,0.0,0.0,0.0,0.0,0.0,0.0,0.0,0.0,0.0,0.0,0.0,0.0,0.0,0.0,0.0,0.0,0.0,0.0
2022-11-24,0.0,0.0,0.0,0.0,0.0,0.0,0.0,0.0,0.0,0.0,0.0,0.0,0.0,0.0,0.0,0.0,0.0,0.0,0.0
2022-11-25,0.0,0.0,0.0,0.0,0.0,0.0,0.0,0.0,0.0,0.0,0.0,0.0,0.0,0.0,0.0,0.0,0.0,0.0,0.0
2022-11-26,0.0,0.0,0.0,0.0,0.0,0.0,0.0,0.0,0.0,0.0,0.0,0.0,0.0,0.0,0.0,0.0,0.0,0.0,0.0
2022-11-27,0.0,0.0,0.0,0.0,0.0,0.0,0.0,0.0,0.0,0.0,0.0,0.0,0.0,0.0,0.0,0.0,0.0,0.0,0.0
2022-11-28,0.0,0.0,0.0,0.0,0.0,0.0,0.0,0.0,0.0,0.0,0.0,0.0,0.0,0.0,0.0,0.0,0.0,0.0,0.0
2022-11-29,0.0,0.0,0.0,0.0,0.0,0.0,0.0,0.0,0.0,0.0,0.0,0.0,0.0,0.0,0.0,0.0,0.0,0.0,0.0
2022-11-30,0.0,0.0,0.0,0.0,0.0,0.0,0.0,0.0,0.0,0.0,0.0,0.0,0.0,0.0,0.0,0.0,0.0,0.0,0.0
2022-12-01,0.0,0.0,0.0,0.0,0.0,0.0,0.0,0.0,0.0,0.0,0.0,0.0,0.0,0.0,0.0,0.0,0.0,0.0,0.0
2022-12-02,0.0,0.0,0.0,0.0,0.0,0.0,0.0,0.0,0.0,0.0,0.0,0.0,0.0,0.0,0.0,0.0,0.0,0.0,0.0
2022-12-03,0.0,0.0,0.0,0.0,0.0,0.0,0.0,0.0,0.0,0.0,0.0,0.0,0.0,0.0,0.0,0.0,0.0,0.0,0.0
2022-12-04,0.0,0.0,0.0,0.0,0.0,0.0,0.0,0.0,0.0,0.0,0.0,0.0,0.0,0.0,0.0,0.0,0.0,0.0,0.0
2022-12-05,0.0,0.0,0.0,0.0,0.0,0.0,0.0,0.0,0.0,0.0,0.0,0.0,0.0,0.0,0.0,0.0,0.0,0.0,0.0
2022-12-06,0.0,0.0,0.0,0.0,0.0,0.0,0.0,0.0,0.0,0.0,0.0,0.0,0.007639533649415649,0.027892759329156035,0.0,0.0,0.0,0.0,0.0
2022-12-07,0.0,0.0,0.0,0.0,0.0,0.0,0.0,0.0,0.0,0.0,0.0,0.0,0.0,0.0,0.0,0.0,0.0,0.0,0.0
2022-12-08,0.0,0.0,0.0,0.0,0.0,0.0,0.0,0.0,0.0,0.0,0.0,0.0,0.0,0.0,0.0,0.0,0.0,0.0,0.0
2022-12-09,0.0,0.0,0.0,0.0,0.0,0.0,0.0,0.0,0.0,0.0,0.0,0.0,0.0,0.0,0.0,0.0,0.0,0.0,0.0
2022-12-10,0.0,0.0,0.0,0.0,0.0,0.0,0.0,0.0,0.0,0.0,0.0,0.0,0.0,0.0,0.0,0.0,0.0,0.0,0.0
2022-12-11,0.0,0.0,0.0,0.0,0.0,0.0,0.0,0.0,0.0,0.0,0.0,0.0,0.0,0.0,0.0,0.0,0.0,0.0,0.0
2022-12-12,0.0,0.0,0.0,0.0,0.0,0.0,0.0,0.0,0.0,0.0,0.0,0.0,0.0,0.0,0.0,0.0,0.0,0.0,0.0
2022-12-13,0.0,0.0,0.0,0.0,0.0,0.0,0.0,0.0,0.0,0.0,0.0,0.0,0.0,0.0,0.0,0.0,0.0,0.0,0.0
2022-12-14,0.0,0.0,0.0,0.0,0.0,0.0,0.0,0.0,0.0,0.0,0.0,0.0,0.0,0.0,0.0,0.0,0.0,0.0,0.0
2022-12-15,0.0,0.0,0.0,0.0,0.0,0.0,0.0,0.0,0.0,0.0,0.0,0.0,0.0,0.0,0.0,0.0,0.0,0.0,0.0
2022-12-16,0.0,0.0,0.0,0.0,0.0,0.0,0.0,0.0,0.0,0.0,0.0,0.0,0.0,0.0,0.0,0.0,0.0,0.0,0.0
2022-12-17,0.0,0.0,0.0,0.0,0.0,0.0,0.0,0.0,0.0,0.0,0.0,0.0,0.0,0.0,0.0,0.0,0.0,0.0,0.0
2022-12-18,0.0,0.0,0.0,0.0,0.0,0.0,0.0,0.0,0.0,0.0,0.0,0.0,0.0,0.0,0.0,0.0,0.0,0.0,0.0
2022-12-19,0.0,0.0,0.0,0.0,0.0,0.0,0.0,0.0,0.0,0.0,0.0,0.0,0.0,0.0,0.0,0.0,0.0,0.0,0.0
2022-12-20,0.0,0.0,0.0,0.0,0.0,0.0,0.0,0.0,0.0,0.0,0.0,0.0,0.0,0.0,0.0,0.0,0.0,0.0,0.0
2022-12-21,0.0,0.0,0.0,0.0,0.0,0.0,0.0,0.0,0.0,0.0,0.0,0.0,0.0,0.0,0.0,0.0,0.0,0.0,0.0
2022-12-22,0.0,0.0,0.0,0.0,0.0,0.0,0.0,0.0,0.0,0.0,0.0,0.0,0.0,0.0,0.0,0.0,0.0,0.0,0.0
2022-12-23,0.0,0.0,0.0,0.0,0.0,0.0,0.0,0.0,0.0,0.0,0.0,0.0,0.0,0.0,0.0,0.0,0.0,0.0,0.0
2022-12-24,0.0,0.0,0.0,0.0,0.0,0.0,0.0,0.0,0.0,0.0,0.0,0.0,0.0,0.0,0.0,0.0,0.0,0.0,0.0
2022-12-25,0.0,0.0,0.0,0.0,0.1039299805959066,0.3479234026624011,0.6494094227987623,3.3831352122218252,4.829253534921439,4.480648776288867,4.493569051436263,8.945068530731925,8.682769113088094,9.048511153534998,8.141333918640576,10.00637780536305,13.298569263111462,16.252532958984375,16.252532958984375
2022-12-26,0.0,0.0,0.0,0.0,0.0,0.0,0.0,0.0,0.0,0.0,0.0,0.0,0.0,0.0,0.0,0.0,0.0,0.0,0.0
2022-12-27,0.0,0.0,0.0,0.0,0.0,0.0,0.0,0.0,0.0,0.0,0.0,0.0,0.0,0.0,0.0,0.0,0.0,0.0,0.0
2022-12-28,0.0,0.0,0.0,0.0,0.0,0.0,0.0,0.0,0.0,0.0,0.0,0.0,0.0,0.0,0.0,0.0,0.0,0.0,0.0
2022-12-29,0.0,0.0,0.0,0.0,0.0,0.0,0.0,0.0,0.0,0.0,0.0,0.0,0.0,0.0,0.0,0.0,0.0,0.0,0.0
2022-12-30,0.0,0.0,0.0,0.0,0.0,0.0,0.0,0.0,0.0,0.0,0.0,0.0,0.0,0.0,0.0,0.0,0.0,0.0,0.0
2022-12-31,0.0,0.0,0.0,0.0,0.0,0.0,0.0,0.010557152220570703,0.07621190829483739,0.09060684603826442,0.5668266028383353,0.6071779649765765,1.0393556794262655,1.416211563575117,1.250487030416295,1.0696314681660046,0.8557051745328036,0.0,0.0
2023-01-01,0.0,0.0,0.0,0.0,0.0,0.0,0.0,0.0,0.0,0.0,0.0,0.0,0.0,0.0,0.0,0.0,0.0,0.0,0.0
2023-01-02,0.0,0.0,0.0,0.0,0.0,0.0,0.0,0.0,0.0,0.0,0.0,0.0,0.0,0.0,0.0,0.0,0.0,0.0,0.0
2023-01-03,0.0,0.0,0.0,0.0,0.0,0.0,0.0,0.0,0.0,0.0,0.0,0.0,0.0,0.0,0.0,0.0,0.0,0.0,0.0
2023-01-04,0.0,0.0,0.0,0.0,0.0,0.0,0.0,0.0,0.0,0.0,0.0,0.0,0.0,0.0,0.0,0.0,0.0,0.0,0.0
2023-01-05,0.0,0.0,0.0,0.021498050274593488,0.19645494589996007,0.3683805305268858,0.5624882788550128,1.6327924434105645,1.9093988247783726,1.6840822510298332,2.519432753803086,3.249153620524073,3.862249703991064,5.646995423715326,4.7703982919886485,5.518913810903376,8.225928896123714,8.770218849182129,8.770218849182129
2023-01-06,0.002666584448888898,0.0016841585992982513,0.15638036400822428,0.5099316806419146,0.8054870448333936,0.9585174104023435,0.7865439930142313,1.068701446147242,1.5721994191756186,1.9229976830553732,1.415008892978195,3.3819001989183604,3.405233899537043,3.147676214387146,2.1329183854918545,2.940679300915111,6.146813349290327,7.862203121185303,7.862203121185303
2023-01-07,0.0,0.0,0.0,0.0,0.0,0.0,0.0,0.0001977502417275594,0.0,0.004970351166457628,0.0004289881156308808,0.0,0.027034097218952613,0.0,0.0,0.0,0.0,0.0,0.0
2023-01-08,0.0,0.0,0.0,0.0,0.0,0.0,0.0,0.0,0.0,0.0,0.0,0.0,0.027034097218952613,0.0,0.0,0.0,0.0,0.0,0.0
2023-01-09,0.0,0.0,0.0,0.0,0.0,0.0,0.0,0.12587804957963575,0.4044754241435873,0.5142421686019835,0.4344784959389346,1.5374066233120673,1.4819682700920727,1.4765148679666884,1.0664591927459273,1.4703396504575554,3.0734066746451636,3.9311015605926514,3.9311015605926514
2023-01-10,0.0,0.0,0.0,0.0,0.0,0.0,0.0,0.0,0.0,0.0,0.0,0.0,0.0,0.0,0.0,0.0,0.0,0.0,0.0
2023-01-11,0.0,0.0,0.0,0.0,0.0,0.0,0.0,0.0,0.0,0.0,0.0,0.0,0.0,0.0,0.0,0.0,0.0,0.0,0.0
2023-01-12,0.0,0.0,0.0,0.0,0.0,0.0,0.0,0.0,0.0,0.0,0.0,0.0,0.0,0.0,0.0,0.0,0.0,0.0,0.0
2023-01-13,0.0,0.0,0.0,0.0,0.0,0.0,0.0,0.0,0.0,0.0,0.0,0.0,0.0,0.0,0.0,0.0,0.0,0.0,0.0
2023-01-14,0.0,0.0,0.0,0.0,0.0,0.0,0.0,0.0,0.0,0.0,0.0,0.0,0.0,0.0,0.0,0.0,0.0,0.0,0.0
2023-01-15,0.0,0.0,0.0,0.0,0.0,0.0,0.0,0.0,0.0,0.0,0.0,0.0,0.0,0.0,0.0,0.0,0.0,0.0,0.0
2023-01-16,0.0,0.0,0.0,0.0,0.0,0.0,0.0,0.0,0.0,0.0,0.0,0.0,0.0,0.0,0.0,0.0,0.0,0.0,0.0
2023-01-17,0.0,0.0,0.0,0.0,0.0,0.0,0.0,0.0,0.0,0.0,0.0,0.0,0.0,0.0,0.0,0.0,0.0,0.0,0.0
2023-01-18,0.0,0.0,0.0,0.0,0.0,0.0,0.0,0.0,0.0,0.0,0.0,0.0,0.0,0.0,0.0,0.0,0.0,0.0,0.0
2023-01-19,0.0,0.0,0.0,0.0,0.0,0.0,0.0,0.0,0.0,0.0,0.0,0.0,0.0,0.0,0.0,0.0,0.0,0.0,0.0
2023-01-20,0.0,0.0,0.0,0.0,0.0,0.0,0.0,0.0,0.0,0.0,0.0,0.0,0.0,0.0,0.0,0.0,0.0,0.0,0.0
2023-01-21,0.0,0.0,0.0,0.0,0.0,0.0,0.0,0.0,0.0,0.0,0.0,0.0,0.0,0.0,0.0,0.0,0.0,0.0,0.0
2023-01-22,0.0,0.0,0.0,0.0,0.0,0.0,0.0,0.0,0.0,0.0,0.0,0.0,0.0,0.0,0.0,0.0,0.0,0.0,0.0
2023-01-23,0.0,0.0,0.0,0.0,0.08193856726090115,0.26192624460567127,0.2977983348584049,0.6518211619850763,0.6934195721274178,0.5742476322863362,0.8206319742829261,0.4114407668142508,0.24684739655301474,0.19868777748904654,0.4796431997547978,0.125361290845004,0.0,0.0,0.0
2023-01-24,0.0,0.0,0.0,0.0,0.0,0.0,0.0,0.0,0.0,0.0,0.0,0.0,0.0,0.0,0.0,0.0,0.0,0.0,0.0
2023-01-25,0.0,0.0,0.0,0.0,0.0,0.0,0.0,0.0,0.0,0.0,0.0,0.0,0.0,0.0,0.0,0.0,0.0,0.0,0.0
2023-01-26,0.0,0.0,0.0,0.0,0.0,0.0,0.0,0.0,0.0,0.0,0.0,0.0,0.0,0.0,0.0,0.0,0.0,0.0,0.0
2023-01-27,0.0,0.0,0.0,0.0,0.0,0.0,0.0,0.0,0.0,0.0,0.0,0.0,0.0,0.0,0.0,0.0,0.0,0.0,0.0
2023-01-28,0.0,0.0,0.0,0.0,0.0,0.0,0.0,0.0,0.0,0.0,0.0,0.0,0.0,0.0,0.0,0.0,0.0,0.0,0.0
2023-01-29,0.0,0.0,0.0,0.0,0.10541118085384371,0.3433039680703894,0.4854900826852789,1.5978745650474986,1.7540386966882089,1.4018062874428905,2.0862109768999755,1.8327625248327248,1.8993389748545406,2.214509238170672,2.5121961814769795,1.7689921639182349,1.2814795407381923,0.0,0.0
2023-01-30,0.0,0.0,0.0,0.0,0.0,0.0,0.0,0.0,0.0,0.0,0.0,0.0,0.0,0.0,0.0,0.0,0.0,0.0,0.0
