date,0,1,2,3,4,5,6,7,8,9,10,11,12,13,14
2021-07-01,0.0,0.0,0.0,0.08412070888962274,0.013509475629439638,0.001182660315800638,0.0,0.007113532435936958,0.11251581104576254,0.04357159934385726,0.08800143355483168,0.0,0.0,0.0,0.0
2021-07-02,0.0,0.0,0.0,0.0,0.0,0.0,0.0,0.0,0.0,0.0,0.0,0.0,0.0,0.0,0.0
2021-07-03,0.0,0.0,0.0,0.0,0.0,0.0,0.0,0.0,0.0,0.0,0.0,0.0,0.0,0.0,0.0
2021-07-04,0.0,0.0,0.0,0.0,0.0,0.0,0.0,0.0,0.0,0.0,0.0,0.0,0.0,0.0,0.0
2021-07-05,0.0,0.0,0.0,0.0,0.0,0.0,0.0,0.0,0.0,0.0,0.0,0.0,0.0,0.0,0.0
2021-07-06,0.0,0.0,0.0,0.0,0.0,0.0,0.0,0.0,0.0,0.0,0.0,0.0,0.0,0.0,0.0
2021-07-07,2.3698994772774835,3.2309449471737683,3.4692690171477234,1.4530983731997102,2.53847145859365,1.8431414893474816,3.740946827471546,3.562301619831253,4.150403964635084,3.542139689600772,8.764627450459951,12.324774965124938,0.0,0.0,0.0
2021-07-08,9.542442866734097,14.830198535776498,13.299888489084687,20.034369226411783,19.216090776091825,22.057404219415275,15.664840655134958,14.65031573827239,11.624975200787022,11.516182823227506,0.0,0.0,8.283275919140511,8.299834966659546,8.345341682434082
2021-07-09,4.771221433367049,7.415099267888249,6.716799649195354,9.77923736718923,12.364506701784581,16.359967273636304,15.894481044835917,13.967151835926353,11.764544175549391,12.76894805135878,11.297198841641018,12.324774965124938,5.8015394075861515,5.766475276513533,5.670113849639892
2021-07-10,0.0,0.0,0.0,0.0,0.0,0.0,0.0,0.0,0.0,0.0,0.0,0.0,0.0,0.0,0.0
2021-07-11,0.0,0.0,0.0,0.06018779811088026,0.009665938417559816,0.0008461854549342697,0.0,0.05088475652820026,0.20254067533895764,0.18487508986439485,0.4446027021150331,0.0,0.0,0.0,0.0
2021-07-12,0.0,0.0,0.0,0.0,0.0,0.0,0.0,0.0,0.0,0.0,0.0,0.0,0.0,0.0,0.0
2021-07-13,0.0,0.0,0.0,0.0,0.0,0.0,0.0,0.0,0.0,0.0,0.0,0.0,0.0,0.0,0.0
2021-07-14,0.0,0.0,0.0,0.0,0.0,0.0,0.0,0.0,0.0,0.0,0.0,0.0,0.0,0.0,0.0
2021-07-15,0.0,0.0,0.0,0.07362243846165496,0.01182349211396556,0.0010350642246170492,0.0,0.001536348545442909,0.05311010705990428,0.0,0.0,0.0,0.0,0.0,0.0
2021-07-16,0.0,0.4727250201446458,6.675567804538791,3.1611220523185612,6.747209848477347,5.741392718136335,7.679489881853617,6.768043589563349,5.514167379325228,3.989884252391784,3.1501734297316113,0.5963837922509037,0.0,0.0,0.0
2021-07-17,0.0,0.0,0.0,0.0,0.0,0.0,0.0,0.0,0.0,0.0,0.0,0.0,0.0,0.0,0.0
2021-07-18,0.0,0.0,0.0,0.0,0.0,0.0,0.0,0.0,0.0,0.0,0.0,0.0,0.0,0.0,0.0
2021-07-19,0.0,0.0,0.0,0.0,0.0,0.0,0.0,0.0,0.0,0.0,0.0,0.0,0.0,0.0,0.0
2021-07-20,0.0,0.0,0.0,0.0,0.0,0.0,0.0,0.0,0.0,0.0,0.0,0.0,0.0,0.0,0.0
2021-07-21,0.0,0.0,0.0,0.0,0.0,0.0,0.0,0.0,0.0,0.0,0.0,0.0,0.0,0.0,0.0
2021-07-22,0.0,0.0,0.0,0.0,0.0,0.0,0.0,0.0,0.0,0.0,0.0,0.0,0.0,0.0,0.0
2021-07-23,0.0,0.0,0.0,0.0,0.0,0.0,0.0,0.0,0.0,0.0,0.0,0.0,0.0,0.0,0.0
2021-07-24,11.09515816824777,16.465394898126846,16.687504622408326,17.499739922332815,19.23734171767425,18.948839485176816,18.229996948867072,16.083618925210434,14.369739747121482,14.113398938856903,8.313230899719146,16.900147053732802,12.00854347336967,11.988290938464075,11.932633972167968
2021-07-25,0.0,0.0,0.0,0.1758321152948474,0.02823798928710163,0.0024720389039440366,0.0,0.08107037778619754,0.4706916807735413,0.41568685722235216,1.528637540233028,0.0,0.0,0.0,0.0
2021-07-26,26.023188182285857,12.970858242386894,9.763856834220103,14.074907712452461,7.155638206398213,7.708531185040793,4.487374095828588,5.390957461681224,5.930092763914221,3.321941922704621,1.5724481068573912,0.0,29.417289733886715,29.36449215628884,29.219396591186523
2021-07-27,0.0,0.0,0.0,0.0,0.0,0.0,0.0,0.0,0.0,0.0,0.0,0.0,0.0,0.0,0.0
2021-07-28,0.0,0.0,0.0,0.0,0.0,0.0,0.0,0.0,0.0,0.0,0.0,0.0,0.0,0.0,0.0
2021-07-29,0.0,0.0,0.0,0.0,0.0,0.0,0.0,0.0,0.0,0.0,0.0,0.0,0.0,0.0,0.0
2021-07-30,0.0,0.0,0.0,0.0,0.0,0.0,0.0,0.0,0.0,0.0,0.0,0.0,0.0,0.0,0.0
2021-07-31,0.0,0.0,0.0,0.0,0.0,0.0,0.0,0.0,0.0,0.0,0.0,0.0,0.0,0.0,0.0
2021-08-01,0.0,0.0,0.0,0.0,0.0,0.0,0.0,0.0,0.0,0.0,0.0,0.0,0.0,0.0,0.0
2021-08-02,0.0,0.0,0.0,0.0,0.0,0.0,0.0,0.0,0.0,0.0,0.0,0.0,0.0,0.0,0.0
2021-08-03,0.0,0.0,0.0,0.0,0.0,0.0,0.0,0.0,0.0,0.0,0.0,0.0,0.0,0.0,0.0
2021-08-04,0.0,0.0,0.0,0.0,0.0,0.0,0.0,0.0,0.0,0.0,0.0,0.0,0.0,0.0,0.0
2021-08-05,0.0,0.0,0.0,0.0,0.0,0.0,0.0,0.0,0.0,0.0,0.0,0.0,0.0,0.0,0.0
2021-08-06,0.0,0.0,0.0,0.0,0.0,0.0,0.0,0.0,0.0,0.0,0.0,0.0,0.0,0.0,0.0
2021-08-07,0.0,0.0,0.0,0.0,0.0,0.07047424733060069,0.12306264037992587,0.19587672638185513,0.002465802914205495,0.10473312329261016,0.0,0.0,0.0,0.0,0.0
2021-08-08,0.0,0.0,0.0,0.0,0.0,0.0,0.0,0.0,0.0,0.0,0.0,0.0,0.0,0.0,0.0
2021-08-09,0.0,0.0,0.0,0.0,0.0,0.0,0.0,0.0,0.0,0.0,0.0,0.0,0.0,0.0,0.0
2021-08-10,0.0,0.0,0.0,0.0,0.0,0.0,0.0,0.0,0.0,0.0,0.0,0.0,0.0,0.0,0.0
2021-08-11,0.0,0.0,0.0,0.0,0.0,0.0,0.0,0.0,0.0,0.0,0.0,0.0,0.0,0.0,0.0
2021-08-12,0.0,0.0,0.0,0.0,0.0,0.0,0.0,0.0,0.0,0.0,0.0,0.0,0.0,0.0,0.0
2021-08-13,0.0,0.0,0.0,0.0,0.0,0.0,0.0,0.0,0.0,0.0,0.0,0.0,0.0,0.0,0.0
2021-08-14,0.0,0.0,0.0,0.0,0.0,0.0,0.0,0.0,0.0,0.0008888815906473676,0.012204697182228615,0.0,0.0,0.0,0.0
2021-08-15,8.207184110369,8.397815320735562,8.364315066099975,10.995924918254499,10.561102056738324,11.028225903813054,9.205220524612619,8.629556477560682,7.413439014464525,6.281064882704296,3.3636805197378776,4.595562735600258,4.167402856754807,4.254089973189614,4.492319011688233
2021-08-16,20.465054648263113,19.726823621735612,21.192803141864427,24.21501408672339,23.792190853327508,25.15294771876753,24.54482058534938,24.126543851797773,23.5072151080572,23.234173906298494,20.92176768920563,27.991623778841387,33.88183111514685,33.75085015730424,33.39089508056641
2021-08-17,24.990271704537527,23.92360717316816,24.424878863280714,25.614528594329723,25.358437437250654,25.12411508006843,23.229976941477418,23.78692269325256,24.66414837373533,24.920443068848495,21.93792244049164,19.756149633606867,29.969166881633253,30.09110364046964,30.42620391845703
2021-08-18,36.354103088378906,36.68900768727139,38.008800901425126,45.31302920506351,46.29485172392155,50.78374006359095,47.15111697361867,45.45043968593997,43.09663853523679,43.22947562948905,44.15831856636912,48.086099064765286,54.21092868301104,54.001359159296214,53.42543106079102
2021-08-19,5.681915896279471,5.64317751335087,6.0521070529298875,7.115860016558586,6.560287742124532,7.054805187511038,6.721083671389356,6.804161865360681,7.059155310276457,7.199055178284213,5.7977232007054385,6.585383346424768,6.77636608537638,6.750169894912027,6.6781788825988775
2021-08-20,7.94452462877546,9.250529857169365,7.42265945161582,9.516046395714735,8.020331006866567,7.947787872933696,7.7842682476533716,7.882388299418308,7.213795338805465,7.593454589357067,5.7977232007054385,6.585383346424768,6.77636608537638,6.750169894912027,6.6781788825988775
2021-08-21,27.925397872924805,27.86998133671255,28.384700262756475,36.04314211863169,36.640154527646935,40.11375834266176,37.52432908513999,35.24959966252488,31.740498782752834,31.416301886974544,23.26608323812247,22.29791080417918,27.88468125181378,27.822620695287533,27.652069091796875
2021-08-22,0.0,0.0,0.0,0.0,0.0,0.0,0.0,0.0,0.0,0.03204413808855079,0.0,0.0,0.0,0.0,0.0
2021-08-23,0.0,0.0,0.0,0.0,0.0,0.0,0.0,0.0,0.0,0.0,0.0,0.0,0.0,0.0,0.0
2021-08-24,0.0,0.0,0.0,0.0,0.0,0.0,0.0,0.0,0.0,0.0,0.0,0.0,0.0,0.0,0.0
2021-08-25,0.0,0.0,0.0,0.0,0.0,0.0,0.0,0.0,0.0,0.0,0.0,0.0,0.0,0.0,0.0
2021-08-26,0.0,0.0,0.0,0.0,0.0,0.0,0.0,0.0,0.0,0.0,0.0,0.0,0.0,0.0,0.0
2021-08-27,10.204221180507115,8.012379534286158,7.362749205496754,7.742853226195271,9.470984036143763,10.192432240402582,8.872049813493556,6.639208383923392,4.976385811319416,5.603009938672279,0.0,0.0,6.042668257119521,6.036488673903725,6.019506263732911
2021-08-28,0.0,2.995366867759876,4.011808198773045,2.4546715491160382,2.502651175469414,1.7508202253036114,2.1027159495091796,2.114640194344304,2.267830099525799,1.8902576207535244,0.012263090880186827,0.0,6.042668257119521,6.036488673903725,6.019506263732911
2021-08-29,0.0,0.0,0.0,0.0,0.0,0.0,0.0,0.0,0.0,0.0,0.0,0.0,0.0,0.0,0.0
2021-08-30,0.0,0.0,0.0,0.0,0.0,0.0,0.0,0.0,0.0,0.0,0.0,0.0,0.0,0.0,0.0
2021-08-31,0.0,0.0,0.0,0.0,0.0,0.0,0.0,0.0,0.0,0.0,0.0,0.0,0.0,0.0,0.0
2021-09-01,0.0,0.0,0.0,0.0,0.0,0.0,0.0,0.0,0.0,0.0,0.0,0.0,0.0,0.0,0.0
2021-09-02,0.0,0.0,0.0,0.0,0.0,0.0,0.0,0.0,0.0,0.0,0.0,0.0,0.0,0.0,0.0
2021-09-03,0.0,0.0,0.0,0.0,0.0,0.0,0.0,0.0,0.0,0.0,0.0,0.0,0.0,0.0,0.0
2021-09-04,0.0,0.0,0.0,0.0,0.0,0.0,0.0,0.0,0.0,0.0,0.0,0.0,0.0,0.0,0.0
2021-09-05,0.0,0.0,0.0,0.0,0.0,0.0,0.0,0.0,0.0,0.0,0.0,0.0,0.0,0.0,0.0
2021-09-06,0.0,0.0,0.0,0.0,0.0,0.0,0.0,0.0,0.0,0.0,0.0,0.0,0.0,0.0,0.0
2021-09-07,0.0,0.0,0.0,0.0,0.0,0.0,0.0,0.0,0.0,0.0,0.0,0.0,0.0,0.0,0.0
2021-09-08,0.0,0.0,0.0,0.0,0.0,0.0,0.0,0.0,0.0,0.0,0.0,0.0,0.0,0.0,0.0
2021-09-09,0.0,0.0,0.0,0.0,0.0,0.0,0.0,0.0,0.0,0.0,0.0,0.0,0.0,0.0,0.0
2021-09-10,0.0,0.0,0.0,0.0,0.0,0.0,0.0,0.0,0.0,0.0,0.0,0.0,0.0,0.0,0.0
2021-09-11,52.204462323869976,50.10300212679362,65.99987338678183,79.19068367171162,90.44146143082031,97.30679452105127,98.93825191282069,96.78730819556208,96.36827822942627,100.30813234011723,87.78391199426966,113.75221036085442,130.07188631453604,129.9834827076305,129.74053649902345
2021-09-12,9.422734533037458,11.659162882141343,23.8355626691902,32.979599418550364,43.633619828398196,50.34847838003432,50.865589013885305,47.67503274965703,43.5473804857214,49.23063691789298,34.3772784205409,54.85775589824317,52.02875511601286,51.99339363791725,51.89621505737305
2021-09-13,0.0,4.473966437028234,14.635893820287048,24.055058240598417,28.62404169810795,30.769803746177576,39.09399843987333,38.569463001677576,38.49805977815154,35.392367030175045,33.78609793513148,36.67683776931383,37.92593461162639,37.597217082977295,36.69385261535644
2021-09-14,0.0,0.0,0.0,0.0,0.0,0.0,0.0,0.0,0.0,0.0,0.0,0.0,0.0,0.0,0.0
2021-09-15,0.0,0.0,0.0,0.0,0.0,0.0,0.0,0.0,0.0,0.0,0.0,0.0,0.0,0.0,0.0
2021-09-16,0.0,0.0,0.0,0.0,0.0,0.0,0.0,0.0,0.0,0.0,0.0,0.0,0.0,0.0,0.0
2021-09-17,0.0,0.0,0.0,0.0,0.0,0.0,0.0,0.0,0.0,0.0,0.0,0.0,0.0,0.0,0.0
2021-09-18,0.0,0.0,0.0,0.0,0.0,0.0,0.0,0.0,0.0,0.0,0.0,0.0,0.0,0.0,0.0
2021-09-19,0.0,0.0,0.0,0.0,0.0,0.0,0.0,0.0,0.0,0.0,0.0,0.0,0.0,0.0,0.0
2021-09-20,0.0,0.0,0.0,0.0,0.0,0.0,0.0,0.0,0.0,0.0,0.0,0.0,0.0,0.0,0.0
2021-09-21,0.0,0.0,0.0,0.0,0.0,0.0,0.0,0.0,0.0,0.0,0.0,0.0,0.0,0.0,0.0
2021-09-22,0.0,0.0,0.0,0.0,0.0,0.0,0.0,0.0,0.0,0.0,0.0,0.0,0.0,0.0,0.0
2021-09-23,0.0,0.0,0.0,0.0,0.0,0.0,0.0,0.0,0.0,0.0,0.0,0.0,0.0,0.0,0.0
2021-09-24,0.0,0.0,0.0,0.0,0.0,0.0,0.0,0.0,0.0,0.0,0.0,0.0,0.0,0.0,0.0
2021-09-25,0.0,0.0,0.0,0.0,0.0,0.0,0.0,0.0,0.0,0.0,0.0,0.0,0.0,0.0,0.0
2021-09-26,0.0,0.0,0.0,0.0,0.0,0.0,0.0,0.0,0.0,0.0,0.0,0.0,0.0,0.0,0.0
2021-09-27,0.0,0.0,0.0,0.0,0.0,0.0,0.0,0.0,0.0,0.0,0.0,0.0,0.0,0.0,0.0
2021-09-28,0.0,0.0,0.0,0.0,0.0,0.0,0.0,0.0,0.0,0.0,0.0,0.0,0.0,0.0,0.0
2021-09-29,0.0,0.0,0.0,0.0,0.0,0.0,0.22898900139390146,0.30295906763867003,0.3785115952748963,0.009561698260023415,0.20130506769434228,0.0,0.0,0.0,0.0
2021-09-30,0.0,0.0,0.0,0.057402622523717646,0.13233883489172943,0.019435934705200737,0.0,0.0,0.0,0.0,0.0,0.0,0.0,0.0,0.0
2021-10-01,0.0,0.0,0.0,5.688099263799561,9.534895749197583,14.443674708102996,4.206756643055572,0.5135742079119552,0.4615570851695028,1.2407006340592488,0.0,0.0,0.0,0.0,0.0
2021-10-02,12.311326708112443,14.80679539659077,17.29026014378742,16.13515958688239,19.230862626278434,16.95300007505763,19.907603146914475,19.913881124650896,20.394619663500297,14.960131045940587,14.240499186205554,17.7281705751941,0.0,0.0,0.0
2021-10-03,0.0,0.0,0.0,0.0,0.0,0.0,0.0,0.0,0.0,0.0,0.0,0.0,0.0,0.0,0.0
2021-10-04,0.0,0.0,0.0,0.0,0.0,0.0,0.0,0.0,0.0,0.0,0.0,0.0,0.0,0.0,0.0
2021-10-05,0.0,0.0,0.0,0.0,0.0,0.0,0.0,0.0,0.0,0.0,0.0,0.0,0.0,0.0,0.0
2021-10-06,0.0,0.0,0.16929587736340582,1.3666952385940223,1.5598031262559038,1.967713598129211,2.536410316638546,2.4709705436468976,1.7320751085306503,2.759016612523382,0.005492902971483447,0.0,0.0,0.0,0.0
2021-10-07,0.0,0.0,0.0,0.0,0.0,0.0,0.0,0.0,0.0,0.0,0.0,0.0,0.0,0.0,0.0
2021-10-08,0.0,1.8895962834060938,1.1127700123192001,3.146955589790303,1.8353966559872437,2.5084211089739985,3.0385481520085413,3.745857876188494,5.046681567391103,5.57584200206678,8.510918681685988,9.761528190688708,0.0,0.0,0.0
2021-10-09,0.0,0.0,0.0,0.0,0.0,0.0,0.0,0.0,0.009407462423314347,0.06703620133683867,0.0,0.0,0.0,0.0,0.0
2021-10-10,0.0,0.0,0.0,0.0,0.0,0.00045952663149372887,0.018698605556342826,0.03533626633456117,0.06253746004076782,0.12098894311909546,0.0,0.0,0.0,0.0,0.0
2021-10-11,0.0,0.0,0.0,0.0,0.0,0.0,0.0,0.0,0.0,0.0,0.0,0.0,0.0,0.0,0.0
2021-10-12,0.0,0.0,0.0,0.0,0.0,0.0,0.0,0.0,0.0,0.0,0.0,0.0,0.0,0.0,0.0
2021-10-13,0.0,0.0,0.0,0.0,0.0,0.4726933978852767,1.0295988516421206,2.101720491717867,0.8873384312857096,4.513421202343262,0.0,0.0,55.219375358437595,54.92117335579612,54.101670074462895
2021-10-14,0.0,1.967952504241259,1.370735532918554,5.077574211237194,3.63774908866251,4.837720635418969,5.689114130146156,5.964251463256581,6.510906765468371,7.390360219713261,8.463667409914033,11.418214669868128,0.0,0.0,0.0
2021-10-15,0.0,0.0,0.0,0.0,0.0,0.0,0.0,0.0,0.0,0.0,0.0,0.0,0.0,0.0,0.0
2021-10-16,0.0,0.0,0.0,0.0,0.0,0.0,0.0,0.0,0.0,0.0,0.0,0.0,0.0,0.0,0.0
2021-10-17,0.0,0.0,0.4168646150691183,3.783254322134647,1.6807213267618575,2.1546978500641094,1.4780603829708474,2.253951766408518,2.897521160533847,3.264462317079125,3.068480400829105,4.932005469478778,0.0,0.0,0.0
2021-10-18,0.0,0.0,0.0,0.09833297436484378,0.07055857058156753,0.06508698998173236,0.07087149624998894,0.06561263359355811,0.056650417662156116,0.010898355192720968,0.12019106569710199,0.0,0.0,0.0,0.0
2021-10-19,0.0,0.0,0.0,0.0,0.009069215522491233,0.1974601318204616,0.43566163599717983,0.48290221565152985,0.7837756343517644,1.1225055815962082,1.7396933403578367,4.969940534278528,0.0,0.0,0.0
2021-10-20,0.0,0.0,0.0,0.06494737598434687,0.24630647077203388,0.586238852486365,1.207321547081186,1.2359502076652737,1.3629193099600145,1.6915558356850584,1.809971407727078,0.0,0.0,0.0,0.0
2021-10-21,0.0,0.0,0.0,0.0,0.0,0.0,0.0,0.0,0.0,0.0,0.0,0.0,0.0,0.0,0.0
2021-10-22,0.0,1.3637922888682077,1.0820040826093578,4.874794069407365,3.361690892956091,4.703711360072956,5.663579047925446,5.951087894683474,6.545148925526289,7.392615590553239,8.720504247151815,11.916372522192809,0.0,0.0,0.0
2021-10-23,0.0,0.0,0.0,0.0,0.0,0.0,0.0,0.006279865251353968,0.01175840566087148,0.05650513563961481,0.0,0.0,0.0,0.0,0.0
2021-10-24,0.0,0.0,0.0,0.0,0.0,0.0,0.0,0.0,0.0,0.0,0.0,0.0,0.0,0.0,0.0
2021-10-25,0.0,0.0,0.0,0.0,0.0,0.0,0.0,0.0,0.0,0.0,0.0,0.0,0.0,0.0,0.0
2021-10-26,0.0,0.0,0.08068999189167446,1.0935788036230587,0.8769650623812635,0.6983047242496384,0.4747634548704021,0.61176696503054,0.11694202474828246,0.4400830573328793,0.0,0.0,0.0,0.0,0.0
2021-10-27,0.0,0.7933930347090649,1.0628914560615998,1.6343651753466857,0.7381208038374842,0.7295735008287797,0.2355798045664522,0.1319264992573061,0.039047620867219524,0.0,0.0,0.0,0.0,0.0,0.0
2021-10-28,0.0,0.0,0.0,0.0,0.0,0.058939555481634195,0.18215720338494693,0.1308044565953078,0.4016380567711355,0.5771738019922381,3.584895601263037,0.0,0.0,0.0,0.0
2021-10-29,0.0,0.0,0.0005988741957234641,0.07371622731756508,0.15295030400305612,0.40293423667501826,0.9635919760902524,1.0324859446942611,1.1526455449191655,1.6134354105841644,0.2584955055076439,1.1854924776067783,0.0,0.0,0.0
2021-10-30,0.0,0.042060141908260365,2.052056623201953,3.1269152392593327,2.857889954479432,3.1995117104665214,4.0780465190439115,4.762909595206377,6.23714041734588,10.139664867118386,7.258493462601701,1.1854924776067783,0.0,0.0,0.0
2021-10-31,7.587024961199079,1.4662125363908804,3.553425906838081,3.762035855103819,2.2900567070417392,2.0818288067921493,2.8177846893303524,2.296790696137314,2.9431549295198103,1.0343629096576978,0.8156283371918672,3.577193796338134,0.0,0.0,0.0
2021-11-01,1.7037433556147983,0.3577779862648829,0.16766992665802155,0.2465759538437383,0.5596133218154619,0.560256605284995,0.5514812872680777,0.4381750936797764,0.4219453799615726,0.2972850103134954,0.03901655561811812,0.0,0.0,0.0,0.0
2021-11-02,0.0,0.0,0.0,0.0,0.0,0.0,0.0,0.0,0.0,0.0,0.0,0.0,0.0,0.0,0.0
2021-11-03,0.0,0.0,0.15477126731815394,1.5740816098930865,1.352164781621022,1.7201349235936754,1.3647500326803281,1.256208880235204,0.9595012239263879,1.0600556405462591,0.35321263508037765,1.6206638943496627,0.0,0.0,0.0
2021-11-04,0.0,0.0,0.0,0.09360421871461032,0.11330084005525279,0.39524914884368806,1.3293923287044207,1.6030453036346404,2.8411972890137647,4.066437375067508,2.255477639886591,5.8500052115217365,0.0,0.0,0.0
2021-11-05,0.0,0.0,0.0,0.018499684676617337,0.7257864367526788,1.1349152639625348,1.5668197706900833,0.8691357378486007,0.0,0.03864702709100662,0.0,0.0,0.0,0.0,0.0
2021-11-06,0.0,0.0,0.0,0.0,0.0,0.0,0.0,0.06535361951856469,0.016313018473844497,0.09257502993285878,0.0,0.0,3.326056772807859,3.3952428535981616,3.5853764533996584
2021-11-07,0.0,0.0,0.0,0.0,0.0020982009566259717,0.1392828910592193,0.26189040876783176,0.30340653036711945,0.2567548141813452,0.5723667252252056,0.0,0.0,3.3408164933042706,3.253580472686074,3.013842964172363
2021-11-08,0.0,0.0,0.0,0.1310555427445996,0.7031505502679091,1.424841652024524,3.3948365493012593,3.638926400617211,5.604233538735262,7.205614563645315,9.561384186730368,10.584641546752323,0.0,0.0,0.0
2021-11-09,0.0,2.1036080598236615,2.883424574491817,6.586786315184251,4.341429961705596,4.5864088960918465,2.4867053925018703,2.656808969495553,2.1858223110990056,0.6922137440626998,0.0,0.0,0.0,0.0,0.0
2021-11-10,0.0,0.0,0.0,0.0,0.0,0.0,0.0,0.0,0.0,0.0,0.0,0.0,0.0,0.0,0.0
2021-11-11,9.771330084119525,2.110851331363593,0.4425710804590174,0.4989745772333039,2.1065497404532088,3.4873826808528183,4.463618177639003,2.5583959892941777,0.6627260709251035,0.44226701783960115,0.055642163311993634,0.0,0.0,0.0,0.0
2021-11-12,0.0,0.0,0.0,0.0,0.0,0.0,0.0,0.0,0.0,0.0,0.0,0.0,0.0,0.0,0.0
2021-11-13,0.0,5.3705012373793455,6.565673606589567,9.110877645477672,7.918117262950286,8.009656291232844,8.677202773262712,9.672772356731281,11.487258945269561,11.604847086272589,10.84054553114974,13.249370750503163,8.01171094066692,7.96787912195379,7.847422790527344
2021-11-14,0.0,0.0,0.0,0.0,0.0,0.0,0.0010333303007630948,0.006520138696528847,0.0,0.0012932025353319017,0.0,0.0,0.0,0.0,0.0
2021-11-15,0.0,0.0,0.0,0.03260837578052509,0.08023024551074641,0.02971508011903905,0.02448718028589717,0.0,0.0,0.0,0.0,0.0,0.0,0.0,0.0
2021-11-16,0.0,0.06722660017132462,0.059788686186689366,0.3839972275615822,1.0857647040013119,0.9721423899802236,0.6750098933922067,0.7924851536607636,0.4620256709433045,0.569943533256596,0.0,0.0,0.0,0.0,0.0
2021-11-17,0.0,0.29698560481654146,0.5380289779704536,0.499604138486182,1.312090306939016,1.2123215655299768,2.3147643519613057,2.6445238711937127,3.7147820670872007,4.561871286207316,5.774573413936704,0.0,2.4141077410500005,2.3510701114481147,2.177833366394043
2021-11-18,0.0,0.0,0.0,0.0,0.0,0.0,0.0,0.0,0.0,0.0,0.0,0.0,0.0,0.0,0.0
2021-11-19,0.0,0.0,0.0,0.22791796863882308,0.2102381621234196,0.19403832092695178,0.007163659718582457,0.11695966343872335,0.1288705938876623,0.008237781356635393,0.0,0.0,0.0,0.0,0.0
2021-11-20,0.0,0.0,0.23053568157197485,0.9459472861386213,0.42873553261064656,0.8937374965713569,1.8841044481452742,1.984025895646678,2.3512795040367966,2.3225526759285544,3.4550265838672694,11.958466615249861,0.0,0.0,0.0
2021-11-21,0.0,0.0,0.0,0.0,0.0,0.0,0.0,0.0,0.0,0.0,0.0,0.0,0.0,0.0,0.0
2021-11-22,0.0,0.0,0.0,0.0,0.0,0.0036527102764039657,0.07058012503330441,0.0858008860877088,0.15121152322305564,0.18813673304178885,0.06410933346361726,0.29297464641172494,0.0,0.0,0.0
2021-11-23,0.0,0.0,0.0,1.311459885366697,1.4933569299658471,2.1105757913432934,2.8127319466782486,3.620465561249056,4.370946880811173,5.516065496213529,5.111204755437505,7.165622521395706,4.663287621624065,4.6376868594776495,4.567332172393799
2021-11-24,0.0,0.0,0.0,0.0,0.0,0.0,0.0,0.0010401407059561349,0.0,0.0,0.0,0.0,0.0,0.0,0.0
2021-11-25,0.0,1.0905513024984157,1.444856829748658,3.06378773948396,1.9604025895908082,2.189695509244486,2.1985354115776286,2.5764638817745933,3.634355150922748,2.6047075725268054,3.895285071553411,5.4336427029092516,0.0,0.0,0.0
2021-11-26,0.0,0.0,0.0,0.0,0.0,0.0,0.0,0.0,0.0,0.0,0.0,0.0,0.0,0.0,0.0
2021-11-27,0.0,0.0,0.030807640901796385,0.20657748792932287,0.5238562243852994,0.9628959939648464,0.2914220902698074,0.08822811668335132,0.08974085847929483,0.0,0.0,0.0,0.0,0.0,0.0
2021-11-28,0.0,0.0,0.0,0.0,0.12334540466399914,0.3246185278594904,0.43674671980529567,0.30742917279269477,0.36779978041212097,0.17419545047917614,0.11887996833961648,0.0,0.0,0.0,0.0
2021-11-29,0.0,0.4130430996863921,0.8081869745844089,0.17460398031730734,0.7776728589662625,0.879296979981883,2.074552813809224,2.591129974182646,3.391989309886725,3.8022731128034457,5.108381895689635,12.672640738795645,9.072249799404503,9.02528166770935,8.896206283569336
2021-11-30,0.0,0.0,0.8014162174991655,4.54786553379184,3.02799110203586,3.1453902931109727,3.4826894922545555,4.142381421328203,5.145921102477301,5.932107879353615,5.272754185192578,0.0,0.0,0.0,0.0
2021-12-01,0.0,0.0,0.0,0.0,0.0,0.0,0.0,0.0,0.0,0.0,0.0,0.0,0.0,0.0,0.0
2021-12-02,0.0,0.0,0.0,0.0,0.0,0.0,0.0,0.0,0.0,0.0,0.0,0.0,0.0,0.0,0.0
2021-12-03,0.0,0.0,0.13622014010698447,2.946488176956192,2.6507384425638807,3.4237343032934318,3.522999217031829,4.346837050071361,4.874920553388111,6.5471763614026495,7.252048587894536,7.083749135335288,0.0,0.0,0.0
2021-12-04,4.607650552477155,5.257512886922556,5.68908193424964,4.590597823707069,4.452164530768078,4.088982779065929,6.046374088998976,6.590368669956212,8.660017923964045,8.915483141408947,12.459901769120654,15.767155813340525,10.519142285832817,10.487121126868509,10.39912223815918
2021-12-05,0.0,0.0,0.0,0.0,0.0,0.0,0.0,0.0,0.006012152640213345,0.010766448154773928,0.038941503734559985,0.16078011965870262,0.0,0.0,0.0
2021-12-06,0.0,0.0,0.0,0.0,0.0,0.0,0.0,0.0,0.0,0.0,0.0,0.0,0.0,0.0,0.0
2021-12-07,0.0,0.0,0.0,0.0,0.0,0.0,0.005084612314113782,0.006653286190727477,0.009766297248149784,0.01175425744650576,0.006718275425312397,0.027825692992898363,0.0,0.0,0.0
2021-12-08,0.0,0.0,0.7058845211299185,4.768909155711405,3.8228730905533044,4.841785716531009,4.722371645065153,5.61299276529853,7.453513076802957,8.697077275162629,10.995943497131776,10.752394035680972,4.598593700606868,4.582717727531087,4.539088201522827
2021-12-09,0.0,0.0,0.2690899461429635,0.8190157621478242,0.9585767349241591,1.5203401679883533,2.184995642656083,2.8792656499641294,4.389573574784357,4.910903254719872,7.413928574150628,9.94564435019422,6.185964777784528,6.167067581957036,6.115135288238525
2021-12-10,0.0,0.0,0.0,0.0,0.0,0.0,0.0,0.0,0.0,0.0,0.0,0.0,0.0,0.0,0.0
2021-12-11,0.0,0.0,0.0,0.0,0.0,0.0,0.0,0.0,0.0,0.0,0.0,0.0,0.0,0.0,0.0
2021-12-12,1.4626098019736153,2.43516372837628,4.556494388566031,6.864317344953555,6.285452316350433,7.16622568967989,8.539172321379732,9.117701754886586,11.72965056351054,13.466646537803937,17.633129963765032,19.949854978874548,10.652818104006212,10.611286466771906,10.497151374816895
2021-12-13,0.0,0.0,0.0,0.0,0.0,0.0,0.0,0.0,0.0,0.0,0.0,0.0,0.0,0.0,0.0
2021-12-14,0.0,0.0,0.0,0.0,0.0,0.0,0.0,0.0,0.0,0.0,0.0,0.0,0.0,0.0,0.0
2021-12-15,0.0,0.0,0.0,0.0,0.0,0.0,0.0,0.0,0.0,0.0,0.0,0.0,0.0,0.0,0.0
2021-12-16,0.0,0.0,0.0,0.0,0.0,0.02381001372222704,0.07369681584277572,0.10645339593897145,0.1673972561547258,0.7206903195250806,0.615980775924297,1.674786980472394,0.0,0.0,0.0
2021-12-17,0.0,0.0,0.0,0.0,0.08698211845525088,0.19471386396052692,0.38346524801573173,0.36903312652510667,0.5412761134177988,0.6444824242360105,2.2629022934773304,2.3122216540189524,1.6632404214930985,1.6198095787655222,1.5004551887512207
2021-12-18,0.0,0.0,0.0,0.3213458235239689,0.12926710599073984,0.33473344360079044,0.6409092384424461,0.5899073514588231,0.7058964900060144,0.8447221980204997,0.0,0.0,4.028289830909585,3.923102378845215,3.6340316772460937
2021-12-19,0.0,0.0,0.0,0.09820643635965716,0.549745407788326,1.2098086454556365,2.946857845510975,3.5289918866528107,5.593994615689111,7.231134592704616,12.386535227835717,15.402332557374566,0.0,0.0,0.0
2021-12-20,0.0,0.0,0.0,0.0,0.0,0.01641065708972543,0.016841881054130946,0.007701547058108412,0.007070194602652275,0.016168440260979855,0.0379244595676571,0.14666330399204844,0.0,0.0,0.0
2021-12-21,2.248875481741769,1.6848218368473198,1.0818599665285544,3.780508655914218,2.7216938594573676,3.79711830825426,3.2931214006391785,4.855926175206658,6.5614315416251126,7.611824338505656,12.139848165922576,18.786623238331053,3.9587964741688855,3.855423645539717,3.571339797973633
2021-12-22,0.0,0.0,0.0,0.0,0.0,0.0,0.0,0.0,0.0,0.0,0.0,0.0,0.0,0.0,0.0
2021-12-23,0.0,0.0,0.0,0.18654323209914705,1.122069651385789,1.6141818709743816,2.52979038486408,2.3871252437995003,2.691155707309847,4.073268113231893,3.8553637190982037,0.0,4.646280171736231,4.742928526618264,5.008532524108887
2021-12-24,0.0,1.6599522286222463,1.8516449664763726,0.9901306662232682,1.1232276438771378,0.8150331086160066,1.0579023366148794,0.6986241158980572,0.9061057288285577,0.6727290611293166,0.9097275347024709,1.0404289824452566,1.8617367654476527,1.8131227493286135,1.6795242309570313
2021-12-25,0.0,0.0,0.0,0.0,0.0,0.0,0.0,0.0,0.0,0.0,0.0,0.0,0.0,0.0,0.0
2021-12-26,0.0,0.0,0.0,0.0,0.0,0.0,0.0,0.0034629415946302085,0.12031333643782105,0.634629420188334,0.4656671599463538,0.0,0.0,0.0,0.0
2021-12-27,0.0,0.0,0.0,0.09912006370302896,0.0,0.013472255324523744,0.0,0.008145012072662806,0.15334802325651892,0.04512307736592625,0.0,0.0,0.0,0.0,0.0
2021-12-28,5.3267951011657715,4.0002767213264905,6.155066211824787,3.3708971072629925,4.61812827539841,3.280895887179553,4.474754062666067,4.048584418837538,4.173357108100977,3.5365899712897466,0.0,0.0,14.598935829018648,14.531917225230826,14.347740173339844
2021-12-29,0.0,1.002206911291565,1.1282510045495722,4.397904669664317,1.8170364049101857,3.110868244577873,3.5841729460753053,4.831264483987988,7.6031305326711145,7.85694774286426,18.450698521760128,24.571139416291345,0.0,0.0,0.0
2021-12-30,0.0,0.0,0.0,1.207539485020336,2.4784802581597734,3.651982206963188,2.8525289597882066,2.4281143749694833,1.3000323797791709,2.3445098159379834,0.8637966520196803,0.0,0.0,0.0,0.0
2021-12-31,0.0,0.0,0.0,0.0,0.0,0.0,0.0,0.0,0.004564155110933119,0.006954109006055509,0.044280613059396144,0.09947175410256458,0.0,0.0,0.0
2022-01-01,0.0,0.0,0.0,0.0,0.0,0.0,0.0,0.0,0.0,0.0,0.0,0.0,0.0,0.0,0.0
2022-01-02,0.0,1.2036016407155634,3.1937822005238687,4.31715625145194,4.090843711278761,4.589033518752944,4.789087700399774,5.036169967186716,5.844773856112029,6.005714387143374,6.278264907983928,7.405737940944842,6.6771089265931325,6.641335704109886,6.543025588989258
2022-01-03,0.0,0.0,0.0,0.0,0.0,0.0,0.0,0.0,0.0,0.02053828071418105,0.024359068235716187,0.0,0.0,0.0,0.0
2022-01-04,0.0,0.0,0.0,0.0,0.0,0.0,0.0,0.0,0.0,0.0,0.0,0.0,0.0,0.0,0.0
2022-01-05,0.0,0.0,0.0,0.0,0.0,0.0,0.0,0.0,0.0,0.0,0.0,0.0,0.0,0.0,0.0
2022-01-06,0.0,0.0,0.0,0.0,0.0,0.0,0.0,0.0,0.0,0.0,0.0,0.0,0.0,0.0,0.0
2022-01-07,0.0,0.0,0.0,0.0,0.0,0.0741545080422142,0.10769995079538362,0.08726768371763961,0.07996593692775587,0.00149465007017189,0.0,0.0,0.0,0.0,0.0
2022-01-08,0.0,0.0,0.0,0.0,0.0,0.0,0.0,0.0,0.0,0.0,0.0,0.0,0.0,0.0,0.0
2022-01-09,0.0,0.0,0.0,0.019861224910739283,0.18571236778237335,0.21985055178996293,0.16889415324025978,0.07480987333314744,0.0,0.0,0.0,0.0,0.0,0.0,0.0
2022-01-10,0.0,0.0,0.0,0.048808496935669354,0.009339162111702047,0.027781698544489444,0.03251495853657952,0.0,0.0,0.0,0.0,0.0,0.0,0.0,0.0
2022-01-11,0.0,1.1772354990466873,1.3494322223134507,1.6047447672572204,1.7582802007125862,2.028609979430998,2.5601885991941766,3.0145486198745313,3.9590578933988874,4.062035459591438,4.58942826899203,6.662509678608149,6.5659874565196485,6.518112973733382,6.386546802520752
2022-01-12,0.0,0.0,0.0,0.0,0.0,0.0,0.0,0.0,0.0,0.0,0.0,0.0,0.0,0.0,0.0
2022-01-13,0.0,0.0,0.0,0.0,0.0,0.0,0.0,0.0,0.0,0.0,0.0,0.0,0.0,0.0,0.0
2022-01-14,0.0,0.0,0.0,0.0,0.0,0.0,0.0,0.0,0.0,0.0,0.0,0.0,0.0,0.0,0.0
2022-01-15,0.0,0.0,0.0,0.0,0.0,0.0,0.0,0.0,0.0,0.0,0.0,0.0,0.0,0.0,0.0
2022-01-16,0.0,0.0,0.0,0.0,0.0,0.0,0.0,0.0,0.0,0.0,0.0,0.0,0.0,0.0,0.0
2022-01-17,0.0,0.0,0.0,0.12385629059552179,0.025856891829507775,0.17374820161957003,0.3359776004751846,0.35955726613636835,0.4252558358025551,0.47165594202345246,0.0,0.0,2.6968220134951033,2.6264020963148638,2.432877731323242
2022-01-18,0.0,0.0,0.0,0.0,0.0,0.0,0.0,0.0,0.0,0.0,0.0,0.0,0.0,0.0,0.0
2022-01-19,0.0,0.0,0.0,0.0,0.0,0.0,0.0,0.0,0.0,0.0,0.0,0.0,0.0,0.0,0.0
2022-01-20,0.0,0.0,0.0,0.0,0.0,0.0,0.0,0.0,0.0,0.0,0.0,0.0,0.0,0.0,0.0
2022-01-21,0.0,0.9716564883615014,0.9428628626366423,0.357202147536647,0.35071986992724846,0.4972289949862201,0.9990129304230368,0.8884064399228739,1.2782146115991155,1.1558167079529238,2.0185556070463315,6.424749151391176,0.0,0.0,0.0
2022-01-22,1.1242811679840088,0.018317465413538302,0.018356485418632,0.0017360626471343175,0.005406605135511726,0.004149267313053799,0.0,0.0,0.0,0.0,0.0,0.0,0.0,0.0,0.0
2022-01-23,0.0,1.397860411693925,1.3776821843601428,2.269692719117209,1.8171860309515098,2.2670432222396517,1.1458353808614592,1.0119005337876463,0.3776074427955962,0.13494193742225993,0.43703658050960964,0.0,0.0,0.0,0.0
2022-01-24,0.0,0.4939784664762883,0.2258753478192087,0.07056932197532431,0.061633701210303996,0.013596295332170103,0.049393746987706336,0.018970983313499785,0.040191135836962766,0.006521721511970606,0.0,0.0,0.0,0.0,0.0
2022-01-25,0.0,0.0,0.0,0.0,0.002177529289694182,0.10911650118649242,0.1503119129017035,0.11122109702243303,0.06065098889004449,0.10624933712102959,0.0,0.0,0.0,0.0,0.0
2022-01-26,3.2175827026367183,1.7725002970184176,0.42930713183158986,0.807970468906794,0.5414159369432313,0.7480660465598045,1.0277570056130922,1.3451158893130863,1.7480527651598365,1.7015000941976468,1.9384954715514924,5.476499056934717,5.458002918171433,5.42538723078641,5.335754489898681
2022-01-27,1.250800268990653,0.3467098780700989,0.06463766750122736,0.013370553378295114,0.012337667633426423,0.004959929309065449,0.0005308250294488818,0.003349415780259029,0.0,0.0,0.0,0.0,0.0,0.0,0.0
2022-01-28,0.0,0.0,0.0,0.0,0.0,0.0,0.0,0.0,0.0,0.0,0.0,0.0,0.0,0.0,0.0
2022-01-29,0.0,0.0,0.0,0.0,0.0,0.0,0.0,0.0,0.0,0.0,0.0,0.0,0.0,0.0,0.0
2022-01-30,0.0,0.0,0.0,0.0,0.0,0.0,0.0,0.0,0.0,0.0,0.0,0.0,0.0,0.0,0.0
2022-01-31,0.0,0.0,0.0,0.0,0.0,0.0,0.0,0.0,0.0,0.0,0.0,0.0,0.0,0.0,0.0
2022-02-01,0.0,0.0,0.0,0.3342193708297432,0.17431373770227732,0.11237721006681772,0.050448447611748076,0.01941661637159456,0.0,0.0,0.0,0.0,0.0,0.0,0.0
2022-02-02,0.0,0.0,0.0,0.0,0.0,0.0,0.0,0.0,0.0,0.0,0.0,0.0,0.0,0.0,0.0
2022-02-03,0.0,0.0,0.0,0.0,0.0,0.0,0.0,0.0,0.0,0.0,0.0,0.0,0.0,0.0,0.0
2022-02-04,0.0,2.0686226939917205,3.3417436252957042,2.318953327579512,1.7981751020379133,1.878478615277351,1.9184586202372274,2.5011083153104425,2.6198124031691545,3.6815773250120967,4.105665774913403,6.595611847455229,5.480219701551041,5.467832792888989,5.4337917327880865
2022-02-05,0.0,0.0,0.0,0.895941410037641,1.3764725074341644,1.9750062297655904,1.9431952011526883,1.7304838831479112,1.0689872410364047,0.7217916324680373,0.17661888570756884,0.0,1.9888114254429654,1.9368792122060603,1.7941617965698242
2022-02-06,0.0,0.0,0.0,0.0,0.0,0.0,0.0,0.0,0.0,0.0,0.0,0.0,0.0,0.0,0.0
2022-02-07,0.0,0.0,0.0,0.0,0.0,0.0,0.0,0.0,0.0,0.0,0.0,0.0,0.0,0.0,0.0
2022-02-08,0.0,0.0,0.0,0.08644805139618739,0.2530407471047391,0.19390615130595112,0.2078232601519963,0.10521834073334209,0.0,0.0,0.0,0.0,0.0,0.0,0.0
2022-02-09,0.0,0.0,0.0,0.0,0.0,0.0,0.0,0.0,0.0,0.0,0.0,0.0,0.0,0.0,0.0
2022-02-10,0.0,1.969732697408396,4.709641574875342,4.975971074282326,4.259725416899984,4.155997758875051,4.828060429046954,5.551719883208535,6.559110470728432,6.55771857550773,7.5615525152590175,8.379274541465797,9.150737024703115,9.142317078330299,9.11917781829834
2022-02-11,0.0,0.0,0.0,0.0,0.0,0.0,0.0,0.0,0.0,0.0,0.0,0.0,0.0,0.0,0.0
2022-02-12,0.0,0.0,0.9496426331322488,1.183509956007885,1.7309695326684569,1.552720379316855,2.577304216896858,2.7514123934316146,3.741852376731024,3.343538451368581,5.128840414492098,9.870831983006417,7.630872982852864,7.60673066702756,7.540384006500244
2022-02-13,0.0,0.0,0.0,0.033701183610070386,0.17671688377206665,0.40373553700100934,0.6600525101738949,0.5229037821773477,0.0748279249332589,0.2139058633679174,0.0,0.0,0.0,0.0,0.0
2022-02-14,0.0,0.0,0.0,0.0,0.0,0.0,0.0,0.0,0.0,0.0,0.0,0.0,0.0,0.0,0.0
2022-02-15,0.0,0.0,0.0,0.0,0.0,0.0,0.0,0.0,0.0,0.0,0.0,0.0,0.0,0.0,0.0
2022-02-16,0.0,0.0,0.0,0.0,0.0,0.0,0.0,0.0,0.0,0.0,0.0,0.0,0.0,0.0,0.0
2022-02-17,0.0,0.0,0.0,0.0,0.005075566660363185,0.3995288216400848,0.8641923720451585,0.7982858607772692,1.2775742157944439,1.2130856334366462,2.278046105359052,7.316170127830697,0.0,0.0,0.0
2022-02-18,0.0,0.0,0.0,0.0,0.0,0.0,0.0,0.0,0.0,0.0,0.0,0.0,0.0,0.0,0.0
2022-02-19,0.0,0.0,0.0,0.0,0.0,0.0,0.0,0.0,0.0,0.0,0.0,0.0,0.0,0.0,0.0
2022-02-20,0.0,0.0,1.1069592786398041,2.3851628591462584,1.6112676539648836,1.421279177297003,1.9975595498551733,2.2832464778233117,3.3006735071224256,3.3617154802905267,4.069090798333123,0.0,0.0,0.0,0.0
2022-02-21,0.0,0.0,0.0,0.0,0.0,0.0,0.0,0.0,0.0,0.0,0.0,0.0,0.0,0.0,0.0
2022-02-22,0.0,0.0,0.0,0.0,0.0,0.0,0.0,0.0,0.0,0.0,0.0,0.0,0.0,0.0,0.0
2022-02-23,10.298130444117955,5.93030066644759,0.9640927679219827,0.5717134267251246,0.687865343553865,0.5964447647346917,0.3245163598321194,0.2051786701416229,0.1082828567154403,0.2208728409045233,0.0,0.0,2.246533029484299,2.187871141867204,2.0266595840454102
2022-02-24,0.0,0.0,0.0,0.0,0.0,0.0,0.0,0.0,0.0,0.0,0.0,0.0,0.0,0.0,0.0
2022-02-25,0.0,0.0,0.0,0.0,0.0,0.0,0.0,0.0,0.0,0.0,0.0,0.0,0.0,0.0,0.0
2022-02-26,0.0,0.0,0.0,0.0,0.0,0.0,0.0,0.0,0.0,0.0,0.0,0.0,0.0,0.0,0.0
2022-02-27,0.0,0.0,0.0,0.0,0.0,0.0,0.0,0.013755863926426623,0.04791615205240665,0.06551413386879108,0.19785025313093857,0.9074686463199444,0.0,0.0,0.0
2022-02-28,0.0,0.0,0.0,0.0,0.0,0.0,0.0,0.0,0.0,0.0,0.0,0.0,0.0,0.0,0.0
2022-03-01,0.0,0.0,0.0,0.0,0.004449912995579179,0.0,0.03540387083616768,0.32278554493535494,0.5964454975795197,0.7453468461517578,3.0586348596635884,0.0,0.0,0.0,0.0
2022-03-02,0.0,0.0,0.0,0.0,0.0,0.0,0.0,0.0,0.0,0.0,0.0,0.0,0.0,0.0,0.0
2022-03-03,0.0,1.0553355012451326,0.6857301787340317,1.8376071499674422,0.7385157297060754,0.7824590301767184,0.22516146909937765,0.48076652885403626,0.5516770070503403,0.03709651630095696,0.0,0.0,0.0,0.0,0.0
2022-03-04,0.0,0.0,0.0,0.0,0.0,0.025171267630819116,0.20383181942747358,0.18664276869838156,0.12911057757262978,0.2710032525068356,0.0,0.0,0.0,0.0,0.0
2022-03-05,0.0,0.0,0.0,0.0,0.0,0.033012782375513784,0.2155809676828689,0.1918979141433645,0.25712047788727177,0.6489878457342871,0.0,0.0,0.0,0.0,0.0
2022-03-06,0.0,0.0,0.0,0.0,0.0,0.06997909294583424,0.1256995784516824,0.17373444968992693,0.0,0.0,0.0,0.0,0.0,0.0,0.0
2022-03-07,3.726501396724156,1.2455550462527765,0.8921455597332599,1.309237228708761,0.8275736454800386,1.016695046639805,0.4012276965875608,0.36713863840477806,0.9373563017131894,1.2082665866374391,0.0,0.0,0.0,0.0,0.0
2022-03-08,0.0,0.0,0.0,0.0,0.0,0.0,0.0,0.0,0.0,0.0,0.0,0.0,0.0,0.0,0.0
2022-03-09,0.0,0.0,0.0,0.0,0.0,0.0,0.0,0.0,0.0,0.0,0.0,0.0,0.0,0.0,0.0
2022-03-10,0.0,0.0,0.0,0.0,0.0,0.0,0.0,0.0,0.0,0.0,0.0,0.0,0.0,0.0,0.0
2022-03-11,0.0,0.0,0.0,0.02145811778002193,0.0,0.005917599286076314,0.04425807855516881,0.2260629263846946,0.3260232144287275,0.24545050348140499,0.0,0.0,0.0,0.0,0.0
2022-03-12,0.0,0.0,0.0,0.0,0.0,0.0,0.0,0.0,0.0,0.0010633539313389352,0.0,0.0,0.0,0.0,0.0
2022-03-13,0.0,0.0,0.0,0.0,0.0,0.0,0.0,0.0,0.0,0.0,0.0,0.0,0.0,0.0,0.0
2022-03-14,0.0,0.0,0.0,0.0,0.0,0.0,0.0,0.0025758673343471926,0.04031350240525154,0.14086586313722785,0.0,0.0,0.0,0.0,0.0
2022-03-15,0.0,0.4478957580509329,0.8008105724480503,0.21637922501962184,0.6741316245204054,0.7026635887884061,1.0318795166759789,1.437192071627376,1.3610359109257117,1.7068164293125803,1.6619650904719414,5.024685869169472,5.7508958195740325,5.7275483283129605,5.663385963439942
2022-03-16,0.0,0.0,0.0,0.0,0.0,0.0,0.0,0.0,0.0,0.0,0.0,0.0,0.0,0.0,0.0
2022-03-17,0.0,0.0,0.0,0.0,0.0,0.0,0.0,0.0,0.0,0.0,0.0,0.0,0.0,0.0,0.0
2022-03-18,0.0,0.0,0.0,0.0,0.0,0.0,0.0,0.0,0.0,0.0,0.0,0.0,0.0,0.0,0.0
2022-03-19,0.0,0.0,0.0,0.0,0.0,0.0,0.0,0.0,0.0,0.0,0.0,0.0,0.0,0.0,0.0
2022-03-20,0.0,2.1387029069914787,2.6048720112540122,2.6995406608930828,2.6915117095941214,2.8050043844289347,2.392507014244129,2.1039741638390232,1.515902016589974,1.1903835917880736,0.0,0.0,5.4689733622209085,5.447596734220331,5.388850593566895
2022-03-21,0.0,0.0,0.0,0.0,0.0,0.0,0.0,0.0,0.0,0.0,0.0,0.0,0.0,0.0,0.0
2022-03-22,0.0,0.0,0.0,0.0,0.0,0.0,0.0,0.0,0.0,0.0,0.0,0.0,0.0,0.0,0.0
2022-03-23,0.0,0.0,0.0,0.14607821137156923,0.559610440604858,0.7533357472150779,1.5243266990419433,1.1637436245477184,1.605191623907601,1.369053214056959,2.1062675381565956,4.508578815270419,0.0,0.0,0.0
2022-03-24,0.0,0.0,0.0,0.0,0.0,0.0,0.0,0.0,0.0,0.0,0.0,0.0,0.0,0.0,0.0
2022-03-25,0.0,0.0,0.0,0.0,0.0,0.0,0.0,0.0,0.0,0.0,0.0,0.0,0.0,0.0,0.0
2022-03-26,0.0,0.0,0.0,0.0,0.0,0.0,0.0,0.0,0.0,0.0,0.0,0.0,0.0,0.0,0.0
2022-03-27,0.0,0.0,0.0,0.0,0.0,0.0,0.0,0.0,0.0,0.0,0.0,0.0,0.0,0.0,0.0
2022-03-28,0.0,0.0,0.0,0.0,0.0,0.0,0.0,0.0,0.0,0.0,0.0,0.0,0.0,0.0,0.0
2022-03-29,0.0,1.8312926002274132,2.270736064031894,4.424652235967154,3.3992146025687755,3.7799352561220494,3.1729882635001965,2.769991763890924,2.5207593036575484,1.8101228723549183,1.9730034707425474,5.999313285694788,0.0,0.0,0.0
2022-03-30,4.995825222560337,2.9363125425324483,3.303867895087754,1.0327356957906573,2.1928904741502344,1.8344501639150972,2.856993028947747,3.0853105844815722,3.3068434977322703,3.9169423440247253,3.0518626355313447,0.0,6.15246077753463,6.126524784348227,6.055248832702637
