,0,1,2,3,4,5,6,7,8,9,10,11,12,13,14,15,16,17,18
2021-01-01,0.0,0.0,0.0,0.0,0.0,0.0,0.0,0.0,0.0,0.0,0.0,0.0,0.0023958745817010607,0.06167910115110355,0.15500251367785536,0.2871922398906865,0.4258774707000183,0.7798586399132965,0.7680052326904157
2021-01-02,0.0,0.0,0.0,0.0,0.0,0.0,0.0,0.0,0.0,0.0,0.0,4.405588812687452e-05,0.012551023754526177,0.10501123590296081,0.2946706136962579,0.4263009568560722,0.49763631623358323,0.746497273162348,0.6982617034065414
2021-01-03,0.0,0.0,0.0,0.0,0.0,0.0,0.0,0.0,0.0,0.0,0.0,0.0,0.018480583151492393,0.1375352240493861,0.29957847807836524,0.44483240590474954,0.5004536710548148,0.7466271487964622,0.6982617034065414
2021-01-04,0.0,0.0,0.0,0.0,0.0,0.0,0.0,0.0,0.0,0.0,0.0,0.0,0.00034017723565103926,0.05718470229086432,0.13450215034125096,0.2856794806415347,0.4600797112881622,0.7409566780919737,0.8138893640659632
2021-01-05,0.0,0.0,0.0,0.0,0.0,0.0,0.0,0.0,0.0,0.0,0.0,0.010845804541901477,0.009413429505635047,0.05490806076450737,0.13202098923861033,0.27066021286901903,0.33932490194692994,0.4083437699486501,0.3512657477145646
2021-01-06,0.0,0.0,0.0,0.0,0.0,0.0,0.0,0.0,0.0,0.0,0.0,0.0013327326881654672,0.002089042978712374,0.03560977073321895,0.13181027708519452,0.2343932965451438,0.3606190012144751,0.6442298416374884,0.6797771108919535
2021-01-07,0.0,0.0,0.0,0.0,0.0,0.0,0.0,0.0,0.0,0.0,0.0,0.00398504609717898,0.007720830837911808,0.0657061820258249,0.1261738954870672,0.2823305700651937,0.46854082914165057,0.6364074327838816,0.612558652746056
2021-01-08,0.0,0.0,0.0,0.0,0.0,0.0,0.0,0.0,0.0,0.0,0.0,0.00398504609717898,0.012765392531412668,0.06940554483678511,0.1106472000349411,0.18792152055215294,0.3528354311871824,0.6082681982048705,0.6173986091144065
2021-01-09,0.0,0.0,0.0,0.0,0.0,0.0,0.0,0.0,0.0,0.0,0.0,0.0013327326881654672,0.002089042978712374,0.037426580667088725,0.1863248165175353,0.3175468505738101,0.41809593696404906,0.681639519186122,0.7230573873441792
2021-01-10,0.0,0.0,0.0,0.0,0.0,0.0,0.0,0.0,0.0,0.0,0.0,0.00212842671086952,0.0036368609764140655,0.07001085999732767,0.18163595681248582,0.33750343424830137,0.46765053367437415,0.7702650070529491,0.7230573873441792
2021-01-11,0.0,0.0,0.0,0.0,0.0,0.0,0.0,0.0,0.0,0.0,0.0,0.00212842671086952,0.004126124068979771,0.07014304827166482,0.11739490003679609,0.29202271844593125,0.4446855177201959,0.7014639576887782,0.7032675822643535
2021-01-12,0.0,0.0,0.0,0.0,0.0,0.0,0.0,0.0,0.0,0.0,0.0,0.0,0.001220598785983026,0.021188464539140035,0.08996409486838103,0.2558239866986381,0.36900643982889514,0.48254196171213465,0.4091832423482595
2021-01-13,0.0,0.0,0.0,0.0,0.0,0.0,0.0,0.0,0.0,0.0,0.0,0.0,0.0005706037131883813,0.04839745347357366,0.12841729221581158,0.23905876232371298,0.3625511767371884,0.5596461088338627,0.6924718428941636
2021-01-14,0.0,0.0,0.0,0.0,0.0,0.0,0.0,0.0,0.0,0.0,0.0,0.00212842671086952,0.004806884600149993,0.03606801994226663,0.14813880191752735,0.3155033940237966,0.44273804005669043,0.5730769952486083,0.4508910228129212
2021-01-15,0.0,0.0,0.0,0.0,0.0,0.0,0.0,0.0,0.0,0.0,0.0,0.00212842671086952,0.004087243711712474,0.04788648280107424,0.11206208833411699,0.20192448885719888,0.3835493221001464,0.6148142518090639,0.7706458821098695
2021-01-16,0.0,0.0,0.0,0.0,0.0,0.0,0.0,0.0,0.0,0.0,0.0,0.000130720357966302,0.0016176772552902406,0.01602394047694071,0.07196274096893371,0.1275446583266871,0.15188722998797108,0.3676983867777144,0.3701050976157733
2021-01-17,0.0,0.0,0.0,0.0,0.0,0.0,0.0,0.0,0.0,0.0,0.0,0.0,0.007748570035589399,0.048181719114359596,0.10632352895686459,0.22585663977550385,0.38072598249175243,0.7200359759912607,0.7232803536297816
2021-01-18,0.0,0.0,0.0,0.0,0.0,0.0,0.0,0.0,0.0,0.0,0.0,0.002755976502784225,0.009180250384306567,0.043621743260416256,0.13583490439523307,0.24135506932973538,0.2587872410645555,0.2987943932208169,0.19346662077696977
2021-01-19,0.0,0.0,0.0,0.0,0.0,0.0,0.0,0.0,0.0,0.0,0.00657568106506361,0.0017782360618524156,0.006757799784382144,0.03418596433633734,0.21522496211976747,0.2537053439850445,0.21522322915562575,0.29986079266492127,0.042458071778021376
2021-01-20,0.0,0.0,0.0,0.0,0.0,0.0,0.0,0.0,0.0,0.0,0.0,0.003455980302620836,0.009163321563488697,0.20374922760538847,0.403034144157534,0.573461467932509,0.6781134873009047,0.8058031984991259,0.8687314518284458
2021-01-21,0.0,0.0,0.0,0.0,0.0,0.0,0.0,0.0,0.0,0.0,0.0028105231589989313,0.007074032198173066,0.0063475344778815,0.05989011709709839,0.08095699492068413,0.20722683508611764,0.27083090580253166,0.3237524977490752,0.3089851310085973
2021-01-22,0.0,0.0,0.0,0.0,0.0,0.0,0.0,0.0,0.0,0.0,0.0,0.0,0.00023102785155440348,0.05380757114265913,0.11712221441639657,0.24474571578159557,0.44307370429399373,0.704053454084626,0.7713229621691109
2021-01-23,0.0,0.0,0.0,0.0,0.0,0.0,0.0,0.0,0.0,0.0,0.0,0.0,0.0,0.041312161491192774,0.12898147593743597,0.281133182034188,0.4334649390402427,0.6672806158913455,0.577012598055087
2021-01-24,0.0,0.0,0.0,0.0,0.0,0.0,0.0,0.0,0.0,0.0,0.0,0.0,0.0008131627579462283,0.03662258755528533,0.04218277311337298,0.09176464873712943,0.12223798687638189,0.3964127908917812,0.36532004654035966
2021-01-25,0.0,0.0,0.0,0.0,0.0,0.0,0.0,0.0,0.0,0.0,6.665264739016574e-05,0.0023871189013545805,0.009852784084048135,0.03527317301660962,0.13256608867901848,0.22967372241499906,0.30079053167307984,0.3556968204948357,0.3488100888921517
2021-01-26,0.0,0.0,0.0,0.0,0.0,0.0,0.0,0.0,0.0,0.0,0.0,0.002261042381320196,0.006553315093501589,0.056470527717899385,0.1472186516046597,0.2858761485940657,0.36701372532285365,0.547159075558481,0.6077961507148439
2021-01-27,0.0,0.0,0.0,0.0,0.0,0.0,0.0,0.0,0.0,0.0,0.0,0.0026588893926722226,0.005530122195531708,0.07366632376784722,0.13202155952394767,0.28872266384618817,0.4317567017715454,0.6764969911960425,0.7055356258358322
2021-01-28,0.0,0.0,0.0,0.0,0.0,0.0,0.0,0.0,0.0,0.0,0.0,0.0026588893926722226,0.005530122195531708,0.07366632376784722,0.13202155952394767,0.28347662661640394,0.41613151681574495,0.6500014489244987,0.7044141722510369
2021-01-29,0.0,0.0,0.0,0.0,0.0,0.0,0.0,0.0,0.0,0.0,0.0,0.002261042381320196,0.006553315093501589,0.056470527717899385,0.1472186516046597,0.2858761485940657,0.36701372532285365,0.547159075558481,0.6077961507148439
2021-01-30,0.0,0.0,0.0,0.0,0.0,0.0,0.0,0.0,0.0,0.0,0.0,0.013614248075217434,0.005530122195531708,0.07366632376784722,0.13202155952394767,0.28872266384618817,0.4317567017715454,0.6764969911960425,0.7055356258358322
2021-01-31,0.0,0.0,0.0,0.0,0.0,0.0,0.0,0.0,0.0,0.8120691941402527,0.6123648204243535,0.5647004593122861,0.5776498113120997,0.5217138342668454,0.46991618792170653,0.5381411896733761,0.5607325411783727,0.7544290985312609,0.7418293412238045
2021-02-01,0.0,0.0,0.0,0.0,0.0,0.0,0.0,0.0,0.0,0.8120691941402527,0.9055387855039319,0.90679516089228,0.881429063298752,0.8313345445975359,0.8526757466302184,0.8532794609933892,0.8501963890902974,0.8527595439473394,0.7752993467444813
2021-02-02,0.0,0.0,0.0,0.0,0.0,0.0,0.0,0.0,0.0,0.9077923223438988,0.9402580768036641,0.9465696721017053,0.8964096555765876,0.8727457469947305,0.8745760105958535,0.8532110882242196,0.8415395162940426,0.8619660710824838,0.8837077332652306
2021-02-03,0.0,0.0,0.0,0.0,0.0,0.0,0.0,0.0,0.0,0.7290614212488087,0.961420463908608,1.0073396639835726,0.9834464749838351,0.9565093509635176,0.9310883657840209,0.9061085946740637,0.8920263103293543,0.9021863499909468,0.8950534265919645
2021-02-04,0.0,0.0,0.0,0.0,0.0,0.0,0.0,0.0,0.0,0.39103061538906153,0.73011819888826,0.8681039967595344,0.8193917566762112,0.8549999953471624,0.8896266596760704,0.8977380337100304,0.9009852129239269,0.9208687825287942,0.9434619897074553
2021-02-05,0.0,0.0,0.0,0.0,0.0,0.0,0.0,0.0,0.0,0.0,0.40898688317334764,0.7887070491748998,0.8529787632389937,0.9397726303317833,0.9875508474343017,0.9324565976307451,0.905349107603326,0.8778536292913753,0.8688234513879783
2021-02-06,0.0,0.0,0.0,0.0,0.0,0.0,0.0,0.0,0.0,0.2421384835158483,0.3020647469527293,0.5226854115879342,0.6618721525539091,0.8301151160908024,0.8985325915268672,0.8875752125988109,0.8967306630945681,0.8657928708306826,0.8374546100304185
2021-02-07,0.0,0.0,0.0,0.0,0.0,0.0,0.0,0.0,0.0,0.0,0.06534085265496717,0.2782679783771971,0.4875975995261459,0.7477402345303268,0.8761753283948281,0.8812915264064664,0.9266235884064102,1.0008274950107408,0.9668219740710793
2021-02-08,0.0,0.0,0.0,0.0,0.0,0.0,0.0,0.0,0.0,0.0,0.050569884219056886,0.22563867208778585,0.437189081002091,0.7346102286273463,0.8732960957402257,0.9015130775447051,0.9309226868760767,0.9657783044210266,0.9123592452867921
2021-02-09,0.0,0.0,0.0,0.0,0.0,0.0,0.0,0.0,0.0,0.0,0.005679559219274838,0.0831111060333777,0.25153570837542005,0.5442220760190666,0.7313403159612347,0.7331771391357178,0.7164081615913934,0.5977036883860739,0.6884882428974008
2021-02-10,0.0,0.0,0.0,0.0,0.0,0.0,0.0,0.0,0.0,0.0,0.003857501617414175,0.040377112797970606,0.16690210492000615,0.4838273316674811,0.6463552557047456,0.642130827314493,0.6520890452076309,0.871028094448629,0.8544476693893508
2021-02-11,0.0,0.0,0.0,0.0,0.0,0.0,0.0,0.0,0.0,0.0,0.016103639192390662,0.030666485255559883,0.10926315950007275,0.3858420843448107,0.5452417432417385,0.5572015813449706,0.49727935943063184,0.4241443324627166,0.6328749008443403
2021-02-12,0.0,0.0,0.0,0.0,0.0,0.0,0.0,0.0,0.0,0.0,0.012777423043515559,0.07552514574132546,0.21766088060221908,0.565542523735199,0.7154412139330345,0.7711995937475647,0.7417350990375517,0.8581662846630351,0.8567016935211061
2021-02-13,0.0,0.0,0.0,0.0,0.0,0.0,0.0,0.0,0.0,0.0,0.0870009582262328,0.13375804769082228,0.23535181836982919,0.5067331899828333,0.7619431765220609,0.8264356517889171,0.8601508710862769,0.8647817549756996,0.8567617713917203
2021-02-14,0.0,0.0,0.0,0.0,0.0,0.0,0.0,0.0,0.0,0.0,0.0870009582262328,0.13440610289183413,0.23858617072116825,0.5065630729791977,0.7619431765220609,0.7640244707435938,0.7695406915657093,0.4945272781368169,0.6343032707338921
2021-02-15,0.0,0.0,0.0,0.0,0.0,0.0,0.0,0.0,0.0,0.0,0.0031384227432845074,0.034206961649190376,0.12422156127612494,0.37205966665470785,0.6250404908459958,0.7374614853680235,0.7735579510667647,0.9071547260851222,0.8792582041603911
2021-02-16,0.0,0.0,0.0,0.0,0.0,0.0,0.0,0.0,0.0,0.0,0.0029489062590863807,0.0446271448266891,0.13701999565025919,0.410656524906679,0.7026074946287456,0.8048064359733088,0.847611716009025,0.9484395843496566,0.9423349537891839
2021-02-17,0.0,0.0,0.0,0.0,0.0,0.0,0.0,0.0,0.0,0.0,0.005016558634061816,0.045079522123056534,0.147255111055802,0.4823616179786798,0.7717033221431315,0.8468937837804251,0.911709451604469,0.9477476375412693,0.9467604437978839
2021-02-18,0.0,0.0,0.0,0.0,0.0,0.0,0.0,0.0,0.0,0.0,0.0015070787699288297,0.01600586371394905,0.08562085835063758,0.2833461615832389,0.5742841773426229,0.7228363119805261,0.8326495201971055,0.9143934582124679,0.9365689716593532
2021-02-19,0.0,0.0,0.0,0.0,0.0,0.0,0.0,0.0,0.0,0.0,0.0011270965381247936,0.02196663715757566,0.10013099995583363,0.4251886032243356,0.7198547067286195,0.8357221490363749,0.9096128490170085,0.9445305452435948,0.945772219129721
2021-02-20,0.0,0.0,0.0,0.0,0.0,0.0,0.0,0.0,0.0,0.0,0.0,0.0066935398736359146,0.08695755506232054,0.406556531740343,0.5817402522621173,0.7646858302010417,0.7878486080120444,0.8939052204694679,0.906175657336318
2021-02-21,0.0,0.0,0.0,0.0,0.0,0.0,0.0,0.0,0.0,0.0,0.0,0.006419125997146165,0.06502328114191065,0.3379970459663819,0.696949469276595,0.8024456116414471,0.871306402771384,0.9252046142511501,0.938887452344822
2021-02-22,0.0,0.0,0.0,0.0,0.0,0.0,0.0,0.0,0.0,0.0,2.299554628397675e-05,0.014169327147746252,0.0952904130549972,0.3394964924323742,0.5965830662431183,0.7532318034695942,0.7781902833860734,0.8617331710352611,0.8476065285911263
2021-02-23,0.0,0.0,0.0,0.0,0.0,0.0,0.0,0.0,0.0,0.0,0.0,0.0018012311919450895,0.030519018010633277,0.25616315798925743,0.5259080549295989,0.740362768799256,0.8176259186540595,0.9535763562305987,0.8956939031790174
2021-02-24,0.0,0.0,0.0,0.0,0.0,0.0,0.0,0.0,0.0,0.0,0.001423897735052354,0.006687652436788458,0.07998338335505419,0.26268030645974116,0.579620008687571,0.7562275046603668,0.8582148664013224,0.9338192707546408,0.8893306000881479
2021-02-25,0.0,0.0,0.0,0.0,0.0,0.0,0.0,0.0,0.0,0.0,0.0,0.003950432307403639,0.026850379849165797,0.16696542727363775,0.4424161032931542,0.6538620365262625,0.781073465530092,0.9938978602206884,0.9893727576331901
2021-02-26,0.0,0.0,0.0,0.0,0.0,0.0,0.0,0.0,0.0,0.0,0.0,0.0,0.024985224985135546,0.19458465306344766,0.5147464552274756,0.751841850160683,0.8669480173035264,0.9749567421719288,0.9664159339215783
2021-02-27,0.0,0.0,0.0,0.0,0.0,0.0,0.0,0.0,0.0,0.0,0.0,0.0,0.019733273040127553,0.16691636178548408,0.43160849137119023,0.6660897907322954,0.7479200188229185,0.9578935821946012,0.9804075157344282
2021-02-28,0.0,0.0,0.0,0.0,0.0,0.0,0.0,0.0,0.0,0.0,0.0,0.0061983343252437146,0.024496480188673047,0.1540254996268334,0.4142588799527564,0.6874616637123379,0.8477438921992229,0.9622478394910696,0.9687854460345614
2021-03-01,0.0,0.0,0.0,0.0,0.0,0.0,0.0,0.0,0.0,0.0,0.021588986903928672,0.050605205743489,0.07371231254536391,0.20249592389443002,0.3944774768333215,0.6372792878537967,0.7714926243001192,0.8908336268806238,0.952678155553865
2021-03-02,0.0,0.0,0.0,0.0,0.0,0.0,0.0,0.0,0.0,0.0,0.021588986903928672,0.04927904903898225,0.07051888529800089,0.18020180857526752,0.3472834909612292,0.4068666822510255,0.4913415321901542,0.5838970819545438,0.3502030912131707
2021-03-03,0.0,0.0,0.0,0.0,0.0,0.0,0.0,0.0,0.0,0.0,0.0,0.005147513029606611,0.030237584886798077,0.07939401517701337,0.25750177312717026,0.33708696786872777,0.38734536442177786,0.4465494452892112,0.3078911472178634
2021-03-04,0.0,0.0,0.0,0.0,0.0,0.0,0.0,0.0,0.0,0.0,0.0,0.004117661767629655,0.017393971724313693,0.1123408755880371,0.3114513125390518,0.5371067072804306,0.6607959829594386,0.9533368889606524,0.9623075666212901
2021-03-05,0.0,0.0,0.0,0.0,0.0,0.0,0.0,0.0,0.0,0.0,0.0,0.0014653483586161424,0.014886511077251198,0.12857268007223924,0.3693582000699006,0.6539190752699887,0.8092381342638123,0.9536855760664202,0.8650543302236812
2021-03-06,0.0,0.0,0.0,0.0,0.0,0.0,0.0,0.0,0.0,0.0,0.0,0.0014653483586161424,0.00807691911798889,0.09270413093619184,0.36333861726047945,0.5656153803898188,0.674915158188437,0.9459312344635218,0.9182640386667315
2021-03-07,0.0,0.0,0.0,0.0,0.0,0.0,0.0,0.0,0.0,0.0,0.0,0.0,0.010466128145959633,0.09986832361690492,0.3281537880091911,0.6457701181367266,0.7782861038082339,1.0004182560461639,0.9818816981649618
2021-03-08,0.0,0.0,0.0,0.0,0.0,0.0,0.0,0.0,0.0,0.0,0.0,0.0,0.011706851566215395,0.17834511334801575,0.44986252129774373,0.5968530562136398,0.621560511452505,0.8642679065855211,0.8244086736951176
2021-03-09,0.0,0.0,0.0,0.0,0.0,0.0,0.0,0.0,0.0,0.0,0.0,0.0,0.00832223992452727,0.07271367675230667,0.26968606352741975,0.5326610090585157,0.7454135479115854,0.9453873887605161,0.8897125993755296
2021-03-10,0.0,0.0,0.0,0.0,0.0,0.0,0.0,0.0,0.0,0.0,0.0,0.002291962317123888,0.01661639032629635,0.07187902853626701,0.24330049954206456,0.4473927372543232,0.635304125534601,0.6817805689735172,0.5999309838722736
2021-03-11,0.0,0.0,0.0,0.0,0.0,0.0,0.0,0.0,0.0,0.0,0.0,0.0008266139585077455,0.008728368673401855,0.0901381593485039,0.22987012163503176,0.425323341725075,0.6192147093953742,0.6841065037080044,0.6120824249965818
2021-03-12,0.0,0.0,0.0,0.0,0.0,0.0,0.0,0.0,0.0,0.0,0.0004990782083200973,0.0027646480100652583,0.001287619988153434,0.0721678922972373,0.22680044428594193,0.44674042197751074,0.6199463645055302,0.8487036088386409,0.7507540501047136
2021-03-13,0.0,0.0,0.0,0.0,0.0,0.0,0.0,0.0,0.0,0.0,0.0018216279281128434,0.0032126247887634025,0.004372200321884071,0.075504060847991,0.2263863958511448,0.4658069118978342,0.6414119367397377,0.8577166059347788,0.8874577627531798
2021-03-14,0.0,0.0,0.0,0.0,0.0,0.0,0.0,0.0,0.0,0.0,0.0226904710533672,0.0774613856838053,0.17022422547259247,0.2559176921363299,0.6054552595586691,0.7023598054712465,0.7608758727030623,0.8293654052993079,0.8116317601951867
2021-03-15,0.0,0.0,0.0,0.0,0.0,0.0,0.0,0.0,0.0,0.0,0.023364278221883916,0.08102691835119386,0.17022422547259247,0.2559176921363299,0.6054552595586691,0.7023598054712465,0.7608758727030623,0.8293654052993079,0.8116317601951867
2021-03-16,0.0,0.0,0.0,0.0,0.0,0.0,0.0,0.0,0.0,0.0,0.002495435096629555,0.006778157456151962,0.004372200321884071,0.075504060847991,0.2263863958511448,0.4658069118978342,0.6414119367397377,0.8577166059347788,0.8874577627531798
2021-03-17,0.0,0.0,0.0,0.0,0.0,0.0,0.0,0.0,0.0,0.0,0.023279162825586744,0.07849973659097922,0.17022422547259247,0.2559176921363299,0.6054552595586691,0.7023598054712465,0.7608758727030623,0.8293654052993079,0.8116317601951867
2021-03-18,0.0,0.0,0.0,0.0,0.0,0.0,0.0,0.0,0.0,0.0,0.03339870230501184,0.09372438718200092,0.17053234195361316,0.2433632196660028,0.5939579690633751,0.6901130468284076,0.7608758727030623,0.8293654052993079,0.8116317601951867
2021-03-19,0.0,0.0,0.0,0.0,0.0,0.0,0.0,0.0,0.0,0.0,0.08503158949028845,0.16972244229027636,0.2545670313092603,0.504923659539439,0.6590460147631834,0.7115268079389673,0.7747596553984792,0.837176045919305,0.8118114673307781
2021-03-20,0.0,0.0,0.0,0.0,0.0,0.0,0.0,0.0,0.0,0.008468763914418958,0.25435562401558615,0.23608363958883166,0.2891198691185295,0.527172822108286,0.6637980966013002,0.7129208260619594,0.7621651873706278,0.8743175275726347,0.8023152149770115
2021-03-21,0.0,0.0,0.0,0.0,0.0,0.0,0.0,0.0,0.0,0.0,0.060131862385617886,0.09076341698074493,0.1446308351594929,0.30719806885707396,0.5507259410442563,0.6777880610074772,0.78225551599819,0.8700510398568283,0.801811929702105
2021-03-22,0.0,0.0,0.0,0.0,0.0,0.0,0.0,0.0,0.0,0.0,0.04234622642334581,0.04089814804608813,0.08800979301218005,0.23831839713160313,0.4574326293696069,0.6375497769856141,0.7158013117586702,1.0126206523793353,0.9552618552243429
2021-03-23,0.0,0.0,0.0,0.0,0.0,0.0,0.0,0.0,0.0,0.0,0.0069144161659564244,0.04228227624169345,0.0740790503115494,0.1987601396248623,0.4327601978808236,0.6584922085208124,0.755410311110574,0.9993285893369348,0.9589011505273536
2021-03-24,0.0,0.0,0.0,0.0,0.0,0.0,0.0,0.0,0.0,0.0,0.0029636652571431795,0.02255041646203224,0.07650789317757055,0.22978232862273126,0.47616356240499363,0.6243385246282435,0.6789656045256696,0.8748153510597784,0.8651734591821413
2021-03-25,0.0,0.0,0.0,0.0,0.0,0.0,0.0,0.0,0.0,0.0,0.0026176366327021285,0.019025215336810848,0.04383820248310548,0.12036444448148541,0.3022153395077768,0.5250378775303601,0.6153806690725846,0.6822914845172381,0.48956858375675777
2021-03-26,0.0,0.0,0.0,0.0,0.0,0.0,0.0,0.0,0.0,0.0,0.0009782635395839383,0.01351879905429965,0.045245392950068936,0.11873838852733244,0.3376690144586498,0.5090685565273105,0.57815658677958,0.6623450862855585,0.4880713752776619
2021-03-27,0.0,0.0,0.0,0.0,0.0,0.0,0.0,0.0,0.0,0.0,0.0,0.009685334583710287,0.03188903226113715,0.14112172652154573,0.2685584680183888,0.4914001482656097,0.6281642921221636,0.8900907207417784,0.8559788991712226
2021-03-28,0.0,0.0,0.0,0.0,0.0,0.0,0.0,0.0,0.0,0.0,0.0022742874028707865,0.014450693834440392,0.04562304628859325,0.14290936112474859,0.3327509794945476,0.5598961894911619,0.7075390267608317,0.880769444156139,0.7079447685315452
2021-03-29,0.0,0.0,0.0,0.0,0.0,0.0,0.0,0.0,0.0,0.0,0.0,0.01053148834233961,0.03321152717142578,0.11566986412961917,0.29944657983636486,0.49010204608697366,0.5998577052836871,0.9419713035971153,0.8970802226694161
2021-03-30,0.0,0.0,0.0,0.0,0.0,0.0,0.0,0.0,0.0,0.0,0.002308205760204013,0.014144450996071138,0.04317634801316429,0.15339621234567985,0.3175654087825272,0.5999667552030824,0.7389048916682046,0.8784580637419825,0.7421022622178303
2021-03-31,0.0,0.0,0.0,0.0,0.0,0.0,0.0,0.0,0.0,0.0,1.565211951328563e-05,0.0006245846194697955,0.013857847753238598,0.12141942909658814,0.33718926217021694,0.556115603961184,0.6267706248540419,0.8801653517752532,0.8776011991561657
2021-04-01,0.0,0.0,0.0,0.0,0.0,0.0,0.0,0.0,0.0,0.0,1.565211951328563e-05,0.0056699786990870435,0.0226653633489123,0.1279162043539721,0.2860322799970148,0.5283398450453373,0.705806947684819,0.8623375135771691,0.7934581054287609
2021-04-02,0.0,0.0,0.0,0.0,0.0,0.0,0.0,0.0,0.0,0.0,0.0,0.011306126193695053,0.02798232692424407,0.12376414055933296,0.25867367001026004,0.4815535353884871,0.6965247503376873,0.9579750085153705,1.0059494561927909
2021-04-03,0.0,0.0,0.0,0.0,0.0,0.0,0.0,0.0,0.0,0.0,0.0,0.004270919676150534,0.016954722581847086,0.11976858296050638,0.2547313956958944,0.4764676363918142,0.6804764797296887,0.9579750085153705,1.0059494561927909
2021-04-04,0.0,0.0,0.0,0.0,0.0,0.0,0.0,0.0,0.0,0.0,0.0,0.008703694355005712,0.02632466498304357,0.1332937997082915,0.27485272053800713,0.439283414681614,0.5825370479156777,0.8635514725653359,0.7967077732113318
2021-04-05,0.0,0.0,0.0,0.0,0.0,0.0,0.0,0.0,0.0,0.0,0.0,0.008703694355005712,0.02632466498304357,0.1332937997082915,0.27485272053800713,0.439283414681614,0.5825370479156777,0.8635514725653359,0.7967077732113318
2021-04-06,0.0,0.0,0.0,0.0,0.0,0.0,0.0,0.0,0.0,0.0,0.00899965915703424,0.004246632966140618,0.017573434427925794,0.08167355837854498,0.2517505119367667,0.4970219277526462,0.6297314098558158,0.8764865329500943,0.7909767145829616
2021-04-07,0.0,0.0,0.0,0.0,0.0,0.0,0.0,0.0,0.0,0.0,1.213127300707841e-05,0.0028805762128154343,0.024785653920757076,0.09286456229259003,0.29432728672307257,0.45128470164337264,0.5766449364138144,0.8950830586029592,0.8012006338239771
2021-04-08,0.0,0.0,0.0,0.0,0.0,0.0,0.0,0.0,0.0,0.0,0.0,0.002405089821727839,0.01403238771192382,0.1447879566924556,0.3995788019503553,0.4333314559084327,0.5308726404959968,0.8590258661712902,0.874712103711154
2021-04-09,0.0,0.0,0.0,0.0,0.0,0.0,0.0,0.0,0.0,0.0,0.0,0.002545109612461785,0.015328512669386217,0.17618358996360226,0.4303713791750356,0.49631150012472125,0.5529186100555483,0.8721092490527803,0.8564168689756181
2021-04-10,0.0,0.0,0.0,0.0,0.0,0.0,0.0,0.0,0.0,0.0,0.0045251489932622855,0.005928028896955435,0.020551043724139455,0.07360100902594237,0.16891817724183023,0.3493166674719067,0.512015199833115,0.7277134603337202,0.6180867411052721
2021-04-11,0.0,0.0,0.0,0.0,0.0,0.0,0.0,0.0,0.0,0.0,0.0027500144957714077,0.006762401977451965,0.019581598608251795,0.09498409654062132,0.23566871020997546,0.3832796404209075,0.5432513205904727,0.7507369590857483,0.6260202306043923
2021-04-12,0.0,0.0,0.0,0.0,0.0,0.0,0.0,0.0,0.0,0.0,0.009473516157939559,0.003964325500984185,0.01615319225162251,0.08671796934946095,0.18018976568720937,0.4556907138990683,0.6346312509305936,0.9801767243656853,0.932044466684542
2021-04-13,0.0,0.0,0.0,0.0,0.0,0.0,0.0,0.0,0.0,0.0,0.004338937688656904,0.004717749251569692,0.020621255387357196,0.09022764565663088,0.18879523248289756,0.46433615830204467,0.6607238851081265,0.964081612331487,0.8353162994734098
2021-04-14,0.0,0.0,0.0,0.0,0.0,0.0,0.0,0.0,0.0,0.0,1.3338414482289334e-05,0.005277953437234028,0.009540402667927106,0.09259353896807372,0.1664144892439462,0.3973433315168787,0.5042678842615891,0.9484018534643534,1.0278209116202646
2021-04-15,0.0,0.0,0.0,0.0,0.0,0.0,0.0,0.0,0.0,0.0,0.0,0.0004802345442294346,0.010786319881133351,0.10879543944712064,0.2179334159821401,0.5054602714040519,0.6155158687428425,0.9934615505893802,0.9709406961685125
2021-04-16,0.0,0.0,0.0,0.0,0.0,0.0,0.0,0.0,0.0,0.0,0.0,0.006495776124546503,0.021870789010303784,0.10434880927077005,0.24038226750293654,0.4867378956741421,0.5447667398125735,0.8468314759024821,0.7909695076524761
2021-04-17,0.0,0.0,0.0,0.0,0.0,0.0,0.0,0.0,0.0,0.0,1.565211951328563e-05,0.00518231340553703,0.011285960971547592,0.09088336950542587,0.2070334381551434,0.4380692355097939,0.5358173446798885,0.8711392519555083,0.7986261372036944
2021-04-18,0.0,0.0,0.0,0.0,0.0,0.0,0.0,0.0,0.0,0.0,0.0,0.0006194597395361978,0.015559727442637705,0.06933641489597753,0.1569808322847394,0.4087313369030032,0.5784486895031855,0.9670183824675375,0.9524419284154751
2021-04-19,0.0,0.0,0.0,0.0,0.0,0.0,0.0,0.0,0.0,0.0,0.0,0.0,0.015310035497231995,0.07418225208736082,0.17656905524940314,0.35896033207944605,0.5641100395375191,0.8519726084374999,0.9378971976670883
2021-04-20,0.0,0.0,0.0,0.0,0.0,0.0,0.0,0.0,0.0,0.0,0.011485422473936172,0.015593000983807398,0.05539633396980661,0.09554487588076896,0.19928930354210794,0.34601331213522707,0.4903679286731696,0.7984287849145393,0.7005016773004156
2021-04-21,0.0,0.0,0.0,0.0,0.0,0.0,0.0,0.0,0.0,0.14703071062440437,0.11252450590717701,0.13401960879137456,0.19555192276778574,0.286618425937979,0.3434644476987844,0.3941127208669501,0.4992646765100939,0.6645617663994974,0.6984313889656997
2021-04-22,0.0,0.0,0.0,0.0,0.0,0.0,0.0,0.0,0.0,0.0,0.03918479527699689,0.0465227631106624,0.10981989292629055,0.26199357934363554,0.3331263781053349,0.3927535137023854,0.5081504195254716,0.6933760076700026,0.818476909256498
2021-04-23,0.0,0.0,0.0,0.0,0.0,0.0,0.0,0.0,0.0,0.0,0.017754727219259508,0.024649203203694774,0.0646788164681425,0.16135636301374714,0.29630586227557104,0.4888039753862212,0.634221392849813,0.8868850438149011,0.8299195430286592
2021-04-24,0.0,0.0,0.0,0.0,0.0,0.0,0.0,0.0,0.0,0.0,0.00640178745858663,0.01746889332663201,0.051764028647141434,0.15479512625305814,0.28451233811977567,0.5082672732307608,0.5825742730785171,0.8893048496947856,0.8353001484669416
2021-04-25,0.0,0.0,0.0,0.0,0.0,0.0,0.0,0.0,0.0,0.14394630569175457,0.012322465384165081,0.019078737663477164,0.06433549146169347,0.252697678277133,0.36728820490850017,0.5199342031087046,0.5526848467833861,0.8159077228533825,0.7752924842655718
2021-04-26,0.0,0.0,0.0,0.0,0.0,0.0,0.0,0.0,0.0,0.0,0.003282758008873677,0.015416738909787746,0.03949348217558427,0.12225790684091357,0.26863070988941506,0.4293167245133405,0.4706617718977585,0.6707109774352903,0.7563114074066656
2021-04-27,0.0,0.0,0.0,0.0,0.0,0.0,0.0,0.0,0.0,0.0,0.004384297380172444,0.017471232512931704,0.040368663898360274,0.11644336677752054,0.24986984513578153,0.40241702909082033,0.4898987436131112,0.5665151736839646,0.42523249996476054
2021-04-28,0.0,0.0,0.0,0.0,0.0,0.0,0.0,0.0,0.0,0.0,0.006022710531546381,0.01434363201175001,0.03465435068975798,0.13327573180120827,0.21421796871447793,0.3608216063521491,0.42340802366813607,0.645797303739314,0.7575472794960852
2021-04-29,0.0,0.0,0.0,0.0,0.0,0.0,0.0,0.0,0.0,0.0,0.01808202295162807,0.024287833207315722,0.032391421188395934,0.1138940785679273,0.243979098213757,0.4081300481244004,0.5010902188786871,0.7615375312063309,0.6438477554430365
2021-04-30,0.0,0.0,0.0,0.0,0.0,0.0,0.0,0.0,0.0,0.14394630569175457,0.02462041900597628,0.036911518873159695,0.05716435504220946,0.11729039913569995,0.27638810006309794,0.40678298179603445,0.3912259742552099,0.5890207423106755,0.6157801528430458
2021-05-01,0.0,0.0,0.0,0.0,0.0,0.0,0.0,0.0,0.0,0.14394630569175457,0.02513781817189239,0.03666992117090819,0.05671030772135166,0.1174999034043154,0.22298400627095402,0.3594146053012333,0.41840030673295175,0.645797303739314,0.7575472794960852
2021-05-02,0.0,0.0,0.0,0.0,0.0,0.0,0.0,0.0,0.0,0.0,0.0027774901159646464,0.015094578977835494,0.03671441239816897,0.127804843729601,0.24167145189382527,0.38229272917517526,0.4334066386947866,0.5961177625619818,0.6160805421961161
2021-05-03,0.0,0.0,0.0,0.0,0.0,0.0,0.0,0.0,0.0,0.14394630569175457,0.02462041900597628,0.03567142566457313,0.057059999243320565,0.1174999034043154,0.24307582690155347,0.380983391848109,0.40737335906974476,0.5961177625619818,0.6160805421961161
2021-05-04,0.0,0.0,0.0,0.0,0.0,0.0,0.0,0.0,0.0,0.28730023975514796,0.14933526946409198,0.12250406186793081,0.15445386203304262,0.32786734417529906,0.36221881719521315,0.4082476281222572,0.4984254548467485,0.5977029258989023,0.6788900246997152
2021-05-05,0.0,0.0,0.0,0.0,0.0,0.0,0.0,0.0,0.0,0.28730023975514796,0.24784218119992957,0.2500577758006174,0.26103811419994827,0.33331407611263675,0.35293394194432326,0.3998551306970098,0.4898963091269917,0.5641847507867798,0.6379887497380834
2021-05-06,0.0,0.0,0.0,0.0,0.0,0.0,0.0,0.0,0.0,0.12005398334785565,0.13381400213582753,0.18426755027219333,0.2177543233361024,0.19178887595433897,0.3216608050565062,0.4005546813678332,0.4248315369570793,0.6459337470233104,0.5344437403370317
2021-05-07,0.0,0.0,0.0,0.0,0.0,0.0,0.0,0.0,0.0,0.12005398334785565,0.1053750569315778,0.15855670523547458,0.17739336113092732,0.13920892625789205,0.26597536791683757,0.3322738038789674,0.3970830843602954,0.6298215106116515,0.5500698479033121
2021-05-08,0.0,0.0,0.0,0.0,0.0,0.0,0.0,0.0,0.0,0.2514617562392996,0.1136593289261644,0.1510109437231484,0.1753747946356596,0.33358456521859847,0.3349214266102884,0.2889807613784782,0.3519050985349557,0.6452712563244384,0.6587173072359397
2021-05-09,0.0,0.0,0.0,0.0,0.0,0.0,0.0,0.0,0.0,0.2514617562392996,0.08916856053932752,0.11593390369845714,0.12066130596727934,0.16559365678769428,0.32010907781600306,0.26885394141860053,0.28405953145547236,0.65663368426973,0.8631639455880874
2021-05-10,0.0,0.0,0.0,0.0,0.0,0.0,0.0,0.0,0.0,0.1320001445198051,0.04048778008766984,0.05534301801825683,0.1013900378443888,0.14250904708816295,0.3045636362010066,0.4378780903315962,0.5162767066003521,0.8281956237269748,0.8595912687157242
2021-05-11,0.0,0.0,0.0,0.0,0.0,0.0,0.0,0.0,0.0,0.1797847892076029,0.05662631279059894,0.053481382531480506,0.1198657861170556,0.26499527909413845,0.4167270236703353,0.5482023353525122,0.5506108846247465,0.8124904600863283,0.819118108674874
2021-05-12,0.0,0.0,0.0,0.0,0.0,0.0,0.0,0.0,0.0,0.0,0.033744239303883115,0.04168088135433583,0.09034484397446253,0.16341927216664526,0.2582235328616286,0.46632992078797064,0.5248654951396389,0.8138706977513118,0.8706272832722506
2021-05-13,0.0,0.0,0.0,0.0,0.0,0.0,0.0,0.0,0.0,0.0,0.04856099228741093,0.10434129892242094,0.13700646223545754,0.24208926921041837,0.22153092354255166,0.32317091101443335,0.35902193401417937,0.7241620265252569,0.9005210364524047
2021-05-14,0.0,0.0,0.0,0.0,0.0,0.0,0.0,0.0,0.0,0.1797847892076029,0.0721625925050264,0.10919459399454785,0.14954829047692225,0.31256827333467646,0.4116298566386024,0.5519125296512584,0.5645402468213542,0.8124904600863283,0.819118108674874
2021-05-15,0.0,0.0,0.0,0.0,0.0,0.0,0.0,0.0,0.0,0.0,0.05244464877390395,0.09767312269091405,0.10477183254793661,0.21866399329881525,0.23850609786058902,0.44645927402044694,0.5202035867297702,0.8138706977513118,0.8706272832722506
2021-05-16,0.0,0.0,0.0,0.0,0.0,0.0,0.0,0.0,0.0,0.0,0.010988067814247554,0.021319301338724807,0.04820365516216651,0.15421246495802743,0.31309247271439367,0.46138041658621554,0.5780607172638523,0.7485568334733451,0.6293975206178473
2021-05-17,0.0,0.0,0.0,0.0,0.0,0.0,0.0,0.0,0.0,0.0,0.011556760344975795,0.056451633002419885,0.06605205097138739,0.1970651006750195,0.30520408069525623,0.4493410642645025,0.5558316155395658,0.7485568334733451,0.6293975206178473
2021-05-18,0.0,0.0,0.0,0.0,0.0,0.0,0.0,0.0,0.0,0.0,0.0530095010505914,0.06318053603788157,0.10064242593380705,0.22016265955385675,0.30595750770279234,0.4356153872536147,0.48125657420583645,0.6885821220472108,0.6396543447073944
2021-05-19,0.0,0.0,0.0,0.0,0.0,0.0,0.0,0.0,0.0,0.0,0.04741350750889913,0.07305744281094732,0.13643435855075994,0.22131614849258058,0.30236687874046125,0.46623020710896856,0.4929087280968237,0.7537267277009784,0.8218521454447384
2021-05-20,0.0,0.0,0.0,0.0,0.0,0.0,0.0,0.0,0.0,0.0,0.04444948819556991,0.08364098314406337,0.1147280170207114,0.27773649008115536,0.368222234884996,0.4699662179797461,0.5378567513918029,0.6885821220472108,0.6396543447073944
2021-05-21,0.0,0.0,0.0,0.0,0.0,0.0,0.0,0.0,0.0,0.0,0.005623516295441707,0.059665573248899394,0.08657302049264197,0.20381440894733582,0.28679501000440744,0.41291700193194864,0.5020729457813787,0.7054687879168702,0.6294393780286485
2021-05-22,0.0,0.0,0.0,0.0,0.0,0.0,0.0,0.0,0.0,0.0,0.04721358407678845,0.0871380715814341,0.18758316736999625,0.37097406191338705,0.40337269831478034,0.5374868816938421,0.6007065885660974,0.6365695135842785,0.6396543447073944
2021-05-23,0.0,0.0,0.0,0.0,0.0,0.0,0.0,0.0,0.0,0.0,0.04468401616493318,0.09127294196334715,0.19681967437229647,0.3919190812552431,0.4206595322701486,0.5374868816938421,0.6007065885660974,0.6365695135842785,0.6396543447073944
2021-05-24,0.0,0.0,0.0,0.0,0.0,0.0,0.0,0.0,0.0,0.0,0.04471705288445876,0.08610073321943193,0.25362080136516435,0.4490000552160699,0.41936696857665007,0.5340748894689961,0.6053062481077718,0.6598688321481415,0.6396543447073944
2021-05-25,0.0,0.0,0.0,0.0,0.0,0.0,0.0,0.0,0.0,0.0,0.1357178354374758,0.18121264276218882,0.4009335885659155,0.5460585495847159,0.4003843141014653,0.5213048525015743,0.6375147039549153,0.671697199233652,0.640154993629178
2021-05-26,0.0,0.0,0.0,0.0,0.0,0.0,0.0,0.0,0.0,0.944339104212368,0.4520505098597535,0.34083178989265595,0.5465055310696737,0.7249065636964444,0.6996969207630638,0.7048590238919438,0.8057569544865716,0.8163613157406878,0.7892584677344047
2021-05-27,0.0,0.0,0.0,0.0,0.0,0.0,0.0,0.0,0.0,0.944339104212368,0.45223328747931174,0.3702242033855223,0.5607478381662294,0.8132672186235915,0.7413505631558397,0.7765188580524505,0.8445307037167591,0.8135888740472765,0.8559912641337423
2021-05-28,0.0,0.0,0.0,0.0,0.0,0.0,0.0,0.0,0.0,0.9682314265562667,0.4060759293305063,0.36498139436028776,0.5564300112259684,0.8275809227223213,0.8552721640420766,0.8414896008813028,0.7952649851952662,0.8062885742825155,0.8559912641337423
2021-05-29,0.0,0.0,0.0,0.0,0.0,0.0,0.0,0.0,0.0,0.9325684638371863,0.6306027120154624,0.6734240111144149,0.7541163550274381,0.8848123758905296,0.8146048621702134,0.7486464662707476,0.730653957496253,0.8369254990296496,0.8957632946649041
2021-05-30,0.0,0.0,0.0,0.0,0.0,0.0,0.0,0.0,0.0,0.9323,0.8079468579742469,0.7672392696699891,0.8001632862099166,0.9011658774029982,0.8655029589573713,0.8375791366706362,0.8237097593254088,0.9038475506647408,0.904128438039968
2021-05-31,0.0,0.0,0.0,0.0,0.0,0.0,0.0,0.0,0.0,0.9323,0.8458313371495605,0.7868161181634188,0.8067387706571261,0.9059889968931897,0.8901396888598665,0.884180130626764,0.8943349191319453,0.9231875445527586,0.904128438039968
2021-06-01,0.0,0.0,0.0,0.0,0.0,0.0,0.0,0.0,0.0,0.9574999523823285,0.9095944291204505,0.9189890897458408,0.8948496771532796,0.9504426085744115,0.8900053759669879,0.8953178944357943,0.9526757765671054,0.9181823349898168,0.906136543094747
2021-06-02,0.0,0.0,0.0,0.0,0.0,0.0,0.0,0.0,0.0,0.9543462564072923,0.8947177765781685,0.9234419198552684,0.9135930882276356,0.954921934616511,0.9507551809017117,0.949347729810348,0.9635192747056711,0.9281914939530054,0.8862384533851341
2021-06-03,0.0,0.0,0.0,0.0,0.0,0.0,0.0,0.0,0.0,0.9662924175792417,0.8249387306840484,0.8770743097714863,0.8345951372219179,0.9103448617183151,0.926312415186546,0.9173590621157564,0.9079767573876544,0.9272634142662378,0.8862384533851341
2021-06-04,0.0,0.0,0.0,0.0,0.0,0.0,0.0,0.0,0.0,0.9662924175792417,0.7935665689220222,0.7818653977933981,0.8182924401720241,0.9079329551517444,0.926312415186546,0.9173590621157564,0.9079767573876544,0.9272634142662378,0.8862384533851341
2021-06-05,0.0,0.0,0.0,0.0,0.0,0.0,0.0,0.0,0.0,0.9574999523823285,0.8971492312725534,0.8854929436524863,0.8641445441393758,0.847133355162035,0.8594355929336233,0.8735127097581957,0.9039096116366729,0.9337161041953249,0.9086794675191281
2021-06-06,0.0,0.0,0.0,0.0,0.0,0.0,0.0,0.0,0.0,0.3092535531220219,0.7352282561151546,0.8136840942540627,0.7890760868670026,0.8007880472484616,0.8819248396671618,0.8846645249012484,0.8749443628108879,0.9272634142662378,0.8862384533851341
2021-06-07,0.0,0.0,0.0,0.0,0.0,0.0,0.0,0.0,0.0,0.3092535531220219,0.6763961588135251,0.7830648212334139,0.7609673628477381,0.8298860705060864,0.8839724588763455,0.8785883882294692,0.8660759427797804,0.9266976712500083,0.8862384533851341
2021-06-08,0.0,0.0,0.0,0.0,0.0,0.0,0.0,0.0,0.0,0.7393153553122024,0.6867984518855029,0.7890839262047998,0.7698227600515344,0.878422477826311,0.9171910623687143,0.9112829254439772,0.8991083373565468,0.9266976712500083,0.8862384533851341
2021-06-09,0.0,0.0,0.0,0.0,0.0,0.0,0.0,0.0,0.0,0.8468308058597473,0.6735995441100909,0.7929961277157881,0.7161213359367737,0.8313753568761603,0.8525194995386158,0.859953913714035,0.8690837409256494,0.9534881593799075,0.9381003480172585
2021-06-10,0.0,0.0,0.0,0.0,0.0,0.0,0.0,0.0,0.0,0.8463692893755956,0.5788869239057997,0.7075484236911914,0.673059884038935,0.8479923008245108,0.8682148067608687,0.8464735838598536,0.8637621073391921,0.9524594670984897,0.9380202441897733
2021-06-11,0.0,0.0,0.0,0.0,0.0,0.0,0.0,0.0,0.0,0.4760382930451626,0.570655998102225,0.6794206454828692,0.6977764550171276,0.8505803488850083,0.8682509689071358,0.8477342893410131,0.899131489743673,0.9484043445904706,0.9719829627087548
2021-06-12,0.0,0.0,0.0,0.0,0.0,0.0,0.0,0.0,0.0,0.8088385787511911,0.5810457105230661,0.6642031471552261,0.6840475092315994,0.8211413888617776,0.860920294330247,0.8812689849798365,0.9004857252734235,0.9337229589057316,0.9276998639725956
2021-06-13,0.0,0.0,0.0,0.0,0.0,0.0,0.0,0.0,0.0,0.41323071062440436,0.5556101170776708,0.5971735964489508,0.5995074869953347,0.6960691659395788,0.7627607210486373,0.6646787409576952,0.6200418799873456,0.5688073829040436,0.5242625064083194
2021-06-14,0.0,0.0,0.0,0.0,0.0,0.0,0.0,0.0,0.0,0.2911538388280505,0.41668791526931614,0.48763783143029604,0.45869985415561576,0.5250624995616078,0.6163966312655209,0.573069101068298,0.58681256823639,0.5636972573956831,0.5242146151807682
2021-06-15,0.0,0.0,0.0,0.0,0.0,0.0,0.0,0.0,0.0,0.42779213187321313,0.5533881651343853,0.5933503986165173,0.5884415788646271,0.6041771080669731,0.6712212445876985,0.6698006414861913,0.7215538862135192,0.8307232729010373,0.7408296260590643
2021-06-16,0.0,0.0,0.0,0.0,0.0,0.0,0.0,0.0,0.0,0.7742308058597472,0.6503320117835009,0.6636560841111483,0.7127908722986517,0.7927833400119313,0.7450276988033313,0.7262865493044327,0.7899168267243153,0.8677054963847547,0.8233372360981444
2021-06-17,0.0,0.0,0.0,0.0,0.0,0.0,0.0,0.0,0.0,0.776692227108556,0.6395822053980188,0.6538960938183412,0.660419297016202,0.7634933851896675,0.7447900589894841,0.6695077454710276,0.7496844405646925,0.8589452360813088,0.8228766390901033
2021-06-18,0.0,0.0,0.0,0.0,0.0,0.0,0.0,0.0,0.0,0.43025355312202185,0.5873217882670236,0.6377282440502606,0.6185643202527833,0.6927934402522675,0.7459429235880783,0.7527904367012771,0.7555320477853138,0.8019862256893198,0.7747595648606936
2021-06-19,0.0,0.0,0.0,0.0,0.0,0.0,0.0,0.0,0.0,0.6442075824207582,0.5933321864362242,0.6333113062576319,0.6364714210420305,0.7154968484276071,0.7698775465652332,0.7820991542525774,0.7964694461074262,0.792225912292667,0.7749197725156644
2021-06-20,0.0,0.0,0.0,0.0,0.0,0.0,0.0,0.0,0.0,0.6442075824207582,0.5889236780082107,0.6444729058966677,0.6577032006129059,0.7335710611527521,0.8326953317459777,0.8178815281304435,0.8465786380735472,0.8612671025588781,0.8230368467450742
2021-06-21,0.0,0.0,0.0,0.0,0.0,0.0,0.0,0.0,0.0,0.6442075824207582,0.583584048193065,0.6180781553069543,0.5955821700935449,0.6263976181077627,0.7547108033953343,0.7567278215763651,0.7439468327336674,0.8272202805946858,0.805978187861035
2021-06-22,0.0,0.0,0.0,0.0,0.0,0.0,0.0,0.0,0.0,0.776692227108556,0.6029813786365743,0.6139770136961228,0.5694391092559047,0.6078643297898351,0.697873574928206,0.7224615407898602,0.7218405041523185,0.8233891182248947,0.8058179802060642
2021-06-23,0.0,0.0,0.0,0.0,0.0,0.0,0.0,0.0,0.0,0.6442075824207582,0.6149653185281582,0.6789835026365244,0.6231849580638574,0.6846000028532416,0.808691911793448,0.7849334652512109,0.8069396102200405,0.8271741956922581,0.805978187861035
2021-06-24,0.0,0.0,0.0,0.0,0.0,0.0,0.0,0.0,0.0,0.6442075824207582,0.6421862918321298,0.7087898262653635,0.6703130520127513,0.7737476179302646,0.8431299331360761,0.8295349201904305,0.8518648298612758,0.805771303156683,0.7749197725156644
2021-06-25,0.0,0.0,0.0,0.0,0.0,0.0,0.0,0.0,0.0,0.6442075824207582,0.6334547823514873,0.687613033109729,0.6344714966724476,0.6962631082867813,0.8087037534168501,0.7856928086595609,0.8069396102200405,0.8271741956922581,0.805978187861035
2021-06-26,0.0,0.0,0.0,0.0,0.0,0.0,0.0,0.0,0.0,0.8834384835158483,0.7258668618179862,0.7764468038475489,0.8616163573360878,0.8944847609043588,0.8988161540025847,0.9004558631989732,0.9105108922252159,0.9939577479391404,0.863293659091703
2021-06-27,0.0,0.0,0.0,0.0,0.0,0.0,0.0,0.0,0.0,0.8834384835158483,0.867084026882615,0.8885734263927433,0.8776868138359046,0.8964000990924944,0.893467362268664,0.8999308336396038,0.9106563094289379,0.9939577479391404,0.863293659091703
2021-06-28,0.0,0.0,0.0,0.0,0.0,0.0,0.0,0.0,0.0,0.8947692893755954,0.8729990136982199,0.8709327473633032,0.8638518773511301,0.8891424000015117,0.8801726009877008,0.8582315677079717,0.857447559964404,0.8686527965261346,0.8552039689634662
2021-06-29,0.0,0.0,0.0,0.0,0.0,0.0,0.0,0.0,0.0,0.9306077728914439,0.8910639982786178,0.8955036428368863,0.8928501798195925,0.8926379017050732,0.8851245971947164,0.8550475717491492,0.8450112707501597,0.8658328309622415,0.8551038391791094
2021-06-30,0.0,0.0,0.0,0.0,0.0,0.0,0.0,0.0,0.0,0.9312231282036462,0.8922969083326853,0.8879067174133816,0.8928892758691149,0.8925694622991917,0.873350553187267,0.8592845905091118,0.8728013062345121,0.9948040066810319,0.8633337110054456
2021-07-01,0.0,0.0,0.0,0.0,0.0,0.0,0.0,0.0,0.0,0.8593923223438988,0.8622219046235755,0.8597275547247007,0.8386836703304088,0.8799340893010548,0.8502997314044975,0.8694329619752952,0.8810898786918433,0.9064965771456605,0.8353746768956072
2021-07-02,0.0,0.0,0.0,0.0,0.0,0.0,0.0,0.0,0.0,0.8593923223438988,0.8622219046235755,0.8609408818355302,0.855100501541512,0.8761297955464078,0.8481509585348064,0.8702650303736067,0.8796519548351706,0.9064965771456605,0.8353746768956072
2021-07-03,0.0,0.0,0.0,0.0,0.0,0.0,0.0,0.0,0.0,0.9306077728914439,0.8910639982786178,0.8955036428368863,0.8928501798195925,0.8926379017050732,0.8851245971947164,0.8550475717491492,0.8450112707501597,0.8658328309622415,0.8551038391791094
2021-07-04,0.0,0.0,0.0,0.0,0.0,0.0,0.0,0.0,0.0,0.8474461611719495,0.878738548770177,0.8682309938952634,0.8581234258186631,0.8728466269847235,0.8709200161050185,0.843742952076917,0.8641777318164336,0.906965902079763,0.7742819473078048
2021-07-05,0.0,0.0,0.0,0.0,0.0,0.0,0.0,0.0,0.0,0.9898770622670395,0.8873556597475388,0.8736542967798414,0.8269187019037677,0.8496686530091863,0.8552691222863378,0.8463598025848463,0.8726142998931974,0.9350740384019781,0.8914438416338495
2021-07-06,0.0,0.0,0.0,0.0,0.0,0.0,0.0,0.0,0.0,0.6314922271085561,0.8193545871057741,0.8297575263746454,0.7734646340698982,0.8486181007722235,0.8446191292625721,0.8352599970506089,0.8620211063235197,0.9350740384019781,0.8914438416338495
2021-07-07,0.0,0.0,0.0,0.0,0.0,0.0,0.0,0.0,0.0,0.6327229377329605,0.8016534822464174,0.8236996488504398,0.7853031884828174,0.8211580462075897,0.8423640506088811,0.8160298620477593,0.8134203470082273,0.9335683574088248,0.9144047091273783
2021-07-08,0.0,0.0,0.0,0.0,0.0,0.0,0.0,0.0,0.0,0.704399904764657,0.8309671698555282,0.8433456442106504,0.8187744129933067,0.819295032801722,0.8352364264537782,0.8094712317326772,0.8065781597776673,0.924020967829506,0.9104379643778182
2021-07-09,0.0,0.0,0.0,0.0,0.0,0.0,0.0,0.0,0.0,0.6912230329683032,0.7761494062590094,0.8076882293876162,0.7637266096234924,0.7947131933635165,0.8149826543514456,0.8015701025613506,0.8002634215783413,0.9326849249237353,0.913082460877525
2021-07-10,0.0,0.0,0.0,0.0,0.0,0.0,0.0,0.0,0.0,0.6912230329683032,0.7748578903510869,0.8029105651630641,0.743472093688724,0.7898206057317111,0.8271033737092612,0.8313927756211014,0.8635890486935107,0.9436565743581641,0.8940883381335561
2021-07-11,0.0,0.0,0.0,0.0,0.0,0.0,0.0,0.0,0.0,0.6912230329683032,0.7761494062590094,0.8065353082604981,0.7604380621879265,0.7946860682613829,0.8149826543514456,0.8015701025613506,0.8002634215783413,0.9326849249237353,0.913082460877525
2021-07-12,0.0,0.0,0.0,0.0,0.0,0.0,0.0,0.0,0.0,0.6536923223438988,0.7063367110329922,0.7474301451389184,0.7250775508324192,0.7396592535517051,0.8038807799440946,0.8013353748424595,0.8144397912379614,0.933343313869013,0.8795339357776512
2021-07-13,0.0,0.0,0.0,0.0,0.0,0.0,0.0,0.0,0.0,0.6536923223438988,0.7058932209293765,0.741159860586081,0.722203612573882,0.733002266472404,0.7978808277407159,0.7999888247770995,0.8074451492704917,0.9410858042426129,0.8821784322773578
2021-07-14,0.0,0.0,0.0,0.0,0.0,0.0,0.0,0.0,0.0,0.7512615164841516,0.7230493588592831,0.7404539161739568,0.7338353368027124,0.7421952363849378,0.798416277413035,0.8040310808022577,0.8196509379037862,0.9322010536576177,0.8565841678386213
2021-07-15,0.0,0.0,0.0,0.0,0.0,0.0,0.0,0.0,0.0,0.6317999047646572,0.6670111250756139,0.7120755837979501,0.6885269409976825,0.7135789212962974,0.7604291576264365,0.6978323322470138,0.7135593480174119,0.7522362948135997,0.7793992085086943
2021-07-16,0.0,0.0,0.0,0.0,0.0,0.0,0.0,0.0,0.0,0.4253307106244044,0.5562581164119117,0.6203824231364246,0.6053843517168216,0.6743557927206651,0.7037754533690147,0.6875061306151119,0.7304969145161797,0.7299719579204453,0.7155974216338037
2021-07-17,0.0,0.0,0.0,0.0,0.0,0.0,0.0,0.0,0.0,0.5947307106244043,0.6778898823536669,0.7082924043689882,0.6189501989838926,0.6810584056513749,0.7394132290218077,0.6812046131634895,0.7208487552335815,0.7265216858636749,0.6815553398096331
2021-07-18,0.0,0.0,0.0,0.0,0.0,0.0,0.0,0.0,0.0,0.5827845494524548,0.6400935497774398,0.6508373658010747,0.6073555307722649,0.6839343393523323,0.7193918656345926,0.717463400589275,0.7609108679356195,0.8725447061944478,0.7449706591365103
2021-07-19,0.0,0.0,0.0,0.0,0.0,0.0,0.0,0.0,0.0,0.548484454217112,0.6544335802332651,0.6817340804066654,0.6023203071646,0.6450649024587932,0.7167916228566499,0.7178990871605234,0.7468685303133278,0.8174698718881411,0.8092581581951641
2021-07-20,0.0,0.0,0.0,0.0,0.0,0.0,0.0,0.0,0.0,0.6530769670316967,0.6399705141935956,0.6612094512101043,0.6074049348177243,0.6870144603683392,0.7408885896363295,0.7453869953066304,0.8050311665197456,0.8206865826047938,0.8555870947024955
2021-07-21,0.0,0.0,0.0,0.0,0.0,0.0,0.0,0.0,0.0,0.582015355312202,0.5961081935691499,0.6468427475387424,0.5756109013293748,0.6262813763990567,0.6957755239772522,0.7553035578535676,0.7574186487899918,0.8254955071826432,0.8446982500147849
2021-07-22,0.0,0.0,0.0,0.0,0.0,0.0,0.0,0.0,0.0,0.4744999047646571,0.5577760656655061,0.6081084667975853,0.5850936741293276,0.6156939964721548,0.6934355740046017,0.717088085569363,0.7382229536437183,0.8178018839311663,0.8516618174578674
2021-07-23,0.0,0.0,0.0,0.0,0.0,0.0,0.0,0.0,0.0,0.3430921318732131,0.5406635637632105,0.573960166061117,0.5010909157115973,0.5880228450440194,0.6805041126580095,0.7082016787318767,0.7206006556136205,0.7763679105583347,0.7888045066112057
2021-07-24,0.0,0.0,0.0,0.0,0.0,0.0,0.0,0.0,0.0,0.43773838828050554,0.47709524205939297,0.5497728474305588,0.5099522528601862,0.589157807594398,0.6730455834374807,0.6663505305210339,0.7257054223167354,0.7201073440774515,0.6548904647752031
2021-07-25,0.0,0.0,0.0,0.0,0.0,0.0,0.0,0.0,0.0,0.43773838828050554,0.4734887209300973,0.5579481006057301,0.5172233038755988,0.6082231809935146,0.7058028824159345,0.675137346319531,0.7091626619833741,0.7200947754676986,0.6548904647752031
2021-07-26,0.0,0.0,0.0,0.0,0.0,0.0,0.0,0.0,0.0,0.3783152600768593,0.5164397946779845,0.588116823409892,0.4758298816680265,0.5607882894193393,0.6473561560227847,0.6880127206656262,0.7226235592104988,0.7296352477761939,0.7227599330421826
2021-07-27,0.0,0.0,0.0,0.0,0.0,0.0,0.0,0.0,0.0,0.3663690989049098,0.5202566420577406,0.5477800635788944,0.5057530039709857,0.5915356441257512,0.6911714868488317,0.7115956783871378,0.7859656364998819,0.9234468125832432,0.8872812756704533
2021-07-28,0.0,0.0,0.0,0.0,0.0,0.0,0.0,0.0,0.0,0.40128454945245495,0.5168689830265775,0.5793269366146341,0.4652431441226436,0.570053536673936,0.66798801874339,0.6806595343522717,0.7808290272127582,0.9334189936303007,0.9005251624232044
2021-07-29,0.0,0.0,0.0,0.0,0.0,0.0,0.0,0.0,0.0,0.5207461611719495,0.5146280689754194,0.5878668182484243,0.5294854710542775,0.6055844659698421,0.6811451750185596,0.7116691714559373,0.7308559842204985,0.8650195305522661,0.7467975218369272
2021-07-30,0.0,0.0,0.0,0.0,0.0,0.0,0.0,0.0,0.0,0.594115355312202,0.5035229336862264,0.5760565960989671,0.49988751394018427,0.5615278718366357,0.7000053585937412,0.7047935483101517,0.6996131161544383,0.8228523802564955,0.7642684370800726
2021-07-31,0.0,0.0,0.0,0.0,0.0,0.0,0.0,0.0,0.0,0.36806132601346586,0.479675899093994,0.5725467772994551,0.49819358574332645,0.5818683191156008,0.6665671063286022,0.6396398838255537,0.6983350720185276,0.8766229102341184,0.8002361955854874
2021-08-01,0.0,0.0,0.0,0.0,0.0,0.0,0.0,0.0,0.0,0.31673838828050555,0.4202352661361853,0.48091107722960535,0.42666752820909437,0.5618427186840818,0.6040016109923583,0.6265031384329386,0.6884714820606737,0.8305088949154565,0.6856449100001394
2021-08-02,0.0,0.0,0.0,0.0,0.0,0.0,0.0,0.0,0.0,0.36344616117194944,0.47341016495537536,0.5398776677677628,0.4537524087167065,0.5318585878497073,0.6804382896176363,0.6574839381691994,0.7392112690839985,0.8461872862772183,0.7673310305291162
2021-08-03,0.0,0.0,0.0,0.0,0.0,0.0,0.0,0.0,0.0,0.4695770622670396,0.42641898029934294,0.5188761081794556,0.46306821305775175,0.5796134745273145,0.6457674155737746,0.6513256344730662,0.6588907677665948,0.8219525016024628,0.7107873989789536
2021-08-04,0.0,0.0,0.0,0.0,0.0,0.0,0.0,0.0,0.0,0.3421690989049098,0.4299217566922175,0.521416075490829,0.4365103150268987,0.5014482277845514,0.5898352664269253,0.6278762475156152,0.6922029200005032,0.9023821184302944,0.9010441729073676
2021-08-05,0.0,0.0,0.0,0.0,0.0,0.0,0.0,0.0,0.0,0.47173080585974725,0.448479137456119,0.5257361540999135,0.4247165537593334,0.5039933712115877,0.6106093559355438,0.6304639698611058,0.7105247062079467,0.8866932301666073,0.9067399022936978
2021-08-06,0.0,0.0,0.0,0.0,0.0,0.0,0.0,0.0,0.0,0.41384606593660656,0.3728683304317303,0.4480502440177178,0.3844303273923081,0.46734752149731346,0.5775126822265602,0.6065258487120759,0.6760539022120037,0.8903535008776619,0.853420911202145
2021-08-07,0.0,0.0,0.0,0.0,0.0,0.0,0.0,0.0,0.0,0.35380758242075816,0.4209986424812418,0.519701702835875,0.4424405934625871,0.4926956290128288,0.612448856515217,0.6154920178473613,0.6617153972507023,0.8597130500550696,0.8581127160173613
2021-08-08,0.0,0.0,0.0,0.0,0.0,0.0,0.0,0.0,0.0,0.3054075824207582,0.4022914673093201,0.5150115934240497,0.41404861072367694,0.48358503010226,0.6165952601086561,0.6820382894973273,0.72713013946323,0.8801625335999473,0.8030929926814667
2021-08-09,0.0,0.0,0.0,0.0,0.0,0.0,0.0,0.0,0.0,0.3054075824207582,0.3892374917724214,0.4958094455408058,0.40439560408297787,0.4637913499776757,0.5709908010229825,0.6142475762558645,0.6921892111218443,0.8594209824191905,0.6940258705927886
2021-08-10,0.0,0.0,0.0,0.0,0.0,0.0,0.0,0.0,0.0,0.2681845494524549,0.336899595333958,0.40871586782944935,0.38619964418822367,0.488400509505313,0.5764555995516132,0.5871997284669073,0.6587899183536688,0.8458312285767168,0.6728105673238592
2021-08-11,0.0,0.0,0.0,0.0,0.0,0.0,0.0,0.0,0.0,0.28059222710855597,0.35135761588530784,0.44567973399272504,0.35520304257584956,0.46648628576711465,0.5780398170160785,0.5689453254854541,0.657317917420558,0.8938477812435628,0.8610693674593124
2021-08-12,0.0,0.0,0.0,0.0,0.0,0.0,0.0,0.0,0.0,0.19896900366956696,0.4006538392037661,0.46320489294653866,0.39051773265172046,0.5036767104546445,0.6096298945626907,0.6353199257357894,0.7121074534954943,0.9155594970140666,0.8608279681515753
2021-08-13,0.0,0.0,0.0,0.0,0.0,0.0,0.0,0.0,0.0,0.31904597070126367,0.3505362090342963,0.4374765037555898,0.3567601182994588,0.432079811009991,0.5913416458506638,0.5792955775082559,0.6504174728619455,0.7926872543197294,0.8586971453595144
2021-08-14,0.0,0.0,0.0,0.0,0.0,0.0,0.0,0.0,0.0,0.3162768717963539,0.34897390826195757,0.4269397571518611,0.33270975539695363,0.4305442574078282,0.5464883717504142,0.546319244025114,0.594176537955872,0.7422367980301,0.7151578069035621
2021-08-15,0.0,0.0,0.0,0.0,0.0,0.0,0.0,0.0,0.0,0.1968152600768593,0.3608720425215761,0.42989582881532834,0.345955489130665,0.45854735498027444,0.5712665003930851,0.5482540392378784,0.6028323081774866,0.7321938209827976,0.7078290381291236
2021-08-16,0.0,0.0,0.0,0.0,0.0,0.0,0.0,0.0,0.0,0.31904597070126367,0.35812769404325095,0.44093088905990263,0.36385810718449035,0.4515427215675917,0.5941569940266105,0.5965231401294551,0.6589842027351208,0.8737058663103131,0.8877866068562881
2021-08-17,0.0,0.0,0.0,0.0,0.0,0.0,0.0,0.0,0.0,0.3162768717963539,0.34912050647109144,0.4261070174716798,0.33516664188911643,0.43385661665705205,0.5595004517867712,0.5374972776121769,0.5905019185197262,0.7319368519144904,0.7148974694642346
2021-08-18,0.0,0.0,0.0,0.0,0.0,0.0,0.0,0.0,0.0,0.3162768717963539,0.3499453397910913,0.4291390431170629,0.33516664188911643,0.43385661665705205,0.5595004517867712,0.5374972776121769,0.5905019185197262,0.7319368519144904,0.7148974694642346
2021-08-19,0.0,0.0,0.0,0.0,0.0,0.0,0.0,0.0,0.0,0.3162768717963539,0.3499453397910913,0.4291390431170629,0.33516664188911643,0.43385661665705205,0.5595004517867712,0.5374972776121769,0.5905019185197262,0.7319368519144904,0.7148974694642346
2021-08-20,0.0,0.0,0.0,0.0,0.0,0.0,0.0,0.0,0.0,0.3162768717963539,0.3499453397910913,0.43069402389373573,0.33516664188911643,0.43385661665705205,0.5595128039403618,0.5395842328460648,0.5905019185197262,0.7319368519144904,0.7148974694642346
2021-08-21,0.0,0.0,0.0,0.0,0.0,0.0,0.0,0.0,0.0,0.3162768717963539,0.34912050647109144,0.42639614878360627,0.33516664188911643,0.43385661665705205,0.5595128039403618,0.5395842328460648,0.5905019185197262,0.7319368519144904,0.7148974694642346
2021-08-22,0.0,0.0,0.0,0.0,0.0,0.0,0.0,0.0,0.0,0.3162768717963539,0.35119197866881396,0.4441201657069806,0.4082206049544296,0.5165883843804958,0.5589527664186678,0.5569716475886354,0.5789405907795782,0.6855825093946899,0.714095438166726
2021-08-23,0.0,0.0,0.0,0.0,0.0,0.0,0.0,0.0,0.0,0.6652959066186299,0.37746980928693924,0.4445212614986399,0.4068513252762139,0.5489782588675339,0.5567929742681886,0.5380851038820993,0.5697827656208476,0.6813896533551789,0.7138081474246369
2021-08-24,0.0,0.0,0.0,0.0,0.0,0.0,0.0,0.0,0.0,0.0,0.0,0.0,0.0,0.0,0.0,0.0,0.0,0.0,0.0
2021-08-25,0.0,0.0,0.0,0.0,0.0,0.0,0.0,0.0,0.0,0.8350384835158482,0.7617056940919985,0.7604400274522546,0.7812363681774254,0.7966721956637967,0.7815169321436019,0.7759336047065384,0.7777786440999339,0.7712651440605873,0.7530985838416762
2021-08-26,0.0,0.0,0.0,0.0,0.0,0.0,0.0,0.0,0.0,0.8350384835158482,0.763162389167485,0.7604400274522546,0.7813008579360912,0.7966721956637967,0.7815169321436019,0.7759336047065384,0.7777786440999339,0.7712651440605873,0.7530985838416762
2021-08-27,0.0,0.0,0.0,0.0,0.0,0.0,0.0,0.0,0.0,0.8350384835158482,0.7617056940919985,0.7604400274522546,0.7812363681774254,0.7966721956637967,0.7815169321436019,0.7759336047065384,0.7777786440999339,0.7712651440605873,0.7530985838416762
2021-08-28,0.0,0.0,0.0,0.0,0.0,0.0,0.0,0.0,0.0,0.8825154505475451,0.8189451509366258,0.8301450416796853,0.8231876783795524,0.8307552525795657,0.8354306669738675,0.8458124198084863,0.8528922953191151,0.8655241526091824,0.8259079486361022
2021-08-29,0.0,0.0,0.0,0.0,0.0,0.0,0.0,0.0,0.0,0.8825154505475451,0.8189451509366258,0.8301450416796853,0.8231876783795524,0.8307552525795657,0.8354306669738675,0.8458124198084863,0.8528922953191151,0.8655241526091824,0.8259079486361022
2021-08-30,0.0,0.0,0.0,0.0,0.0,0.0,0.0,0.0,0.0,0.8350384835158482,0.8367246605065544,0.8506996190574603,0.8601170505899576,0.8795077709380462,0.8543963941867826,0.8561888713953253,0.8548200538785459,0.9272277420768565,0.8790323826096922
2021-08-31,0.0,0.0,0.0,0.0,0.0,0.0,0.0,0.0,0.0,0.7984308058597472,0.8031700210048334,0.8381626378049437,0.8007810128708925,0.7965137788999251,0.802662885091034,0.8340986857574658,0.854532981036324,0.9366044765963325,0.8797828315020522
2021-09-01,0.0,0.0,0.0,0.0,0.0,0.0,0.0,0.0,0.0,0.4715769670316967,0.5749181926325931,0.6156080496342898,0.6473572693884558,0.6938455338554069,0.7234823553692555,0.7014192920193467,0.6867376830463362,0.6469527420189695,0.6101571157696097
2021-09-02,0.0,0.0,0.0,0.0,0.0,0.0,0.0,0.0,0.0,0.4715769670316967,0.5749181926325931,0.6156080496342898,0.6473572693884558,0.6938455338554069,0.7229139342609925,0.6998567921755225,0.6822498310717748,0.6469527420189695,0.6101571157696097
2021-09-03,0.0,0.0,0.0,0.0,0.0,0.0,0.0,0.0,0.0,0.5719152600768593,0.7713717923489138,0.7919956130067596,0.7909286405004954,0.8205260889972796,0.8208312486319228,0.7904621969190229,0.7852729083257934,0.9161285095832554,0.8410800806513599
2021-09-04,0.0,0.0,0.0,0.0,0.0,0.0,0.0,0.0,0.0,0.5207461611719495,0.678862071820594,0.727726160590637,0.7379474629644831,0.7826929160282357,0.7785322887057938,0.766677617805603,0.7720063941794177,0.8595632805759778,0.8113773413358224
2021-09-05,0.0,0.0,0.0,0.0,0.0,0.0,0.0,0.0,0.0,0.5956537435927076,0.750960343432642,0.7953323643963166,0.7655680229644061,0.7871636072696649,0.790360111400763,0.7674989128995197,0.7919074318956462,0.8597828002958551,0.858233208491009
2021-09-06,0.0,0.0,0.0,0.0,0.0,0.0,0.0,0.0,0.0,0.5956537435927076,0.7503187130501693,0.7979794178306364,0.7710016023060708,0.7890614660418859,0.8146744715111581,0.787479204790516,0.8073138656745159,0.9129303493233356,0.8712637620155622
2021-09-07,0.0,0.0,0.0,0.0,0.0,0.0,0.0,0.0,0.0,0.8477538388280506,0.8251496858790767,0.8330108024630989,0.8391475703641177,0.851483076114907,0.8631162140767182,0.8522978208152105,0.8740389852630329,0.8801162458792088,0.8516101671572908
2021-09-08,0.0,0.0,0.0,0.0,0.0,0.0,0.0,0.0,0.0,0.8477538388280506,0.8251496858790767,0.8330108024630989,0.8391475703641177,0.851483076114907,0.8631162140767182,0.8546978789403626,0.8740389852630329,0.8801162458792088,0.8984660343124773
2021-09-09,0.0,0.0,0.0,0.0,0.0,0.0,0.0,0.0,0.0,0.45260748718541527,0.6805784718178478,0.7187943068328914,0.7648174850392884,0.8406056490428685,0.8847996625216095,0.8466790198518278,0.8890848866847013,0.948722094681148,0.9180726549155669
2021-09-10,0.0,0.0,0.0,0.0,0.0,0.0,0.0,0.0,0.0,0.5601229377329604,0.7725686667522232,0.7922565605632115,0.8032542853552981,0.8496003336881776,0.8850480213541493,0.8264835564968731,0.8643176556539216,0.948722094681148,0.9180726549155669
2021-09-11,0.0,0.0,0.0,0.0,0.0,0.0,0.0,0.0,0.0,0.6676383882805055,0.7790322994138535,0.7789639224784647,0.7826893053047629,0.7680178777371697,0.8549397168201527,0.8371737106969821,0.8669854599697785,0.9338126885354847,0.9180726549155669
2021-09-12,0.0,0.0,0.0,0.0,0.0,0.0,0.0,0.0,0.0,0.6685614212488088,0.7392368402164724,0.7055963140147449,0.7447461275300615,0.7514163180945203,0.7750059392604765,0.7887565026138748,0.8227751859582598,0.8821302662002345,0.8943363185405124
2021-09-13,0.0,0.0,0.0,0.0,0.0,0.0,0.0,0.0,0.0,0.655692227108556,0.7160723345604862,0.7308039253574083,0.7433522185768391,0.7273281965249131,0.7919246450520688,0.7778836270476384,0.8425778933877424,0.8899201277676508,0.8656917518098634
2021-09-14,0.0,0.0,0.0,0.0,0.0,0.0,0.0,0.0,0.0,0.6506155457828879,0.6992310631006209,0.7207559193033801,0.7010130481562282,0.7605705465822804,0.7985226758602858,0.7532742469319423,0.8090836077538638,0.938001080897297,0.8658957031814917
2021-09-15,0.0,0.0,0.0,0.0,0.0,0.0,0.0,0.0,0.0,0.6864540292987362,0.7214837964606724,0.736437986678275,0.7409650096055347,0.7861499191456119,0.7993356617323165,0.7677785111258517,0.837137440027278,0.9481948730547239,0.8670204202421303
2021-09-16,0.0,0.0,0.0,0.0,0.0,0.0,0.0,0.0,0.0,0.6310307106244044,0.7030167506993014,0.7396285993165288,0.6821617621640284,0.7497902354869288,0.7827276047288128,0.8130568851069695,0.8394298104566893,0.885099817335284,0.8797892826855481
2021-09-17,0.0,0.0,0.0,0.0,0.0,0.0,0.0,0.0,0.0,0.4726538388280505,0.5959909870834681,0.6681090007248923,0.6369693359527882,0.6936295899629714,0.706385503132493,0.7460760004723092,0.7885547219960465,0.8503470311319964,0.8386169943201973
2021-09-18,0.0,0.0,0.0,0.0,0.0,0.0,0.0,0.0,0.0,0.4368153553122022,0.5727419498498819,0.6267726986371025,0.6104982284108854,0.6939322327684053,0.6919483654940355,0.7071986895215221,0.721535939696964,0.68045531046162,0.5762683566817376
2021-09-19,0.0,0.0,0.0,0.0,0.0,0.0,0.0,0.0,0.0,0.520592322343899,0.7010631643233562,0.7412825210913498,0.7056313825882515,0.7519698585082045,0.7614536987934484,0.7859703471371481,0.8171220993532166,0.869779703665942,0.789227424301689
2021-09-20,0.0,0.0,0.0,0.0,0.0,0.0,0.0,0.0,0.0,0.47357687179635377,0.6050064896241393,0.6506909435697505,0.6379550423528617,0.7277370099782235,0.7598960581221237,0.7657730205271619,0.8108158346282679,0.8782365682599615,0.7962970606557486
2021-09-21,0.0,0.0,0.0,0.0,0.0,0.0,0.0,0.0,0.0,0.415384454217112,0.6539583163128796,0.7129302639276949,0.6155447969504874,0.6861124687849325,0.7147065500449465,0.7273739889364962,0.7974310312249926,0.8935703878116756,0.871688790274138
2021-09-22,0.0,0.0,0.0,0.0,0.0,0.0,0.0,0.0,0.0,0.0,0.0,0.0,0.0,0.0,0.0,0.0,0.0,0.0,0.0
2021-09-23,0.0,0.0,0.0,0.0,0.0,0.0,0.0,0.0,0.0,0.44953071062440436,0.6215980267697706,0.7032696414144917,0.6064362627630175,0.6471580994743223,0.7176804182661114,0.7615148381589546,0.8228821792253667,0.8848434098804875,0.8488168291074017
2021-09-24,0.0,0.0,0.0,0.0,0.0,0.0,0.0,0.0,0.0,0.4369691941402528,0.5977577986743849,0.690507034527272,0.6091677877260712,0.7239477106878498,0.7618155656298108,0.7572335876113786,0.8212533928536613,0.9471610314135572,0.9127435439738812
2021-09-25,0.0,0.0,0.0,0.0,0.0,0.0,0.0,0.0,0.0,0.27966919414025265,0.5099363161772227,0.6094164846694394,0.5381530822515259,0.6375377589931263,0.7147798275139543,0.732394544147712,0.7599605389359501,0.9174549445203254,0.8560432007982517
2021-09-26,0.0,0.0,0.0,0.0,0.0,0.0,0.0,0.0,0.0,0.27966919414025265,0.5612848962999534,0.6572984208829422,0.5831805308910445,0.6377910940699549,0.7147798275139543,0.732394544147712,0.7599605389359501,0.9174549445203254,0.8560432007982517
2021-09-27,0.0,0.0,0.0,0.0,0.0,0.0,0.0,0.0,0.0,0.34703104561489523,0.453276853505153,0.5578428400424081,0.4934307350930009,0.6179177430948093,0.666436415139835,0.6434826197904635,0.7042159763627146,0.7632110686471931,0.6432099698503284
2021-09-28,0.0,0.0,0.0,0.0,0.0,0.0,0.0,0.0,0.0,0.2799768717963537,0.512149407682687,0.6115744657824462,0.5270051036989407,0.5929220941903229,0.7002267679197558,0.7097155518213334,0.7792420356281778,0.900045487408968,0.9141748971094813
2021-09-29,0.0,0.0,0.0,0.0,0.0,0.0,0.0,0.0,0.0,0.31396928937559565,0.4364597640885505,0.5593327061875824,0.49773091567262157,0.5532462131873398,0.6289417568716973,0.7487150708214547,0.7676750332149013,0.8837531518242833,0.8347452520203099
2021-09-30,0.0,0.0,0.0,0.0,0.0,0.0,0.0,0.0,0.0,0.31396928937559565,0.4528057596640737,0.5736166813340488,0.49101355002213815,0.5593008825551012,0.6567430415841862,0.7555574111245046,0.8056245625331914,0.8949935127980714,0.8142116111554811
2021-10-01,0.0,0.0,0.0,0.0,0.0,0.0,0.0,0.0,0.0,0.33508488444294576,0.45623376060048193,0.5820942256245037,0.5115044708387984,0.6077014577602755,0.749202506134209,0.7380654381024884,0.7559743218151899,0.9175983172625372,0.9135725018730203
2021-10-02,0.0,0.0,0.0,0.0,0.0,0.0,0.0,0.0,0.0,0.3158153553122022,0.39762015067537854,0.49697541920476523,0.4501331314873876,0.5808115428015833,0.6875091154595182,0.70359987405203,0.7536316018025283,0.9105115047237675,0.8739503555348258
2021-10-03,0.0,0.0,0.0,0.0,0.0,0.0,0.0,0.0,0.0,0.0032382437607003573,0.43236631411455484,0.5718913794381034,0.45546116024104616,0.5448721753176965,0.6670497712271127,0.6366484842729007,0.6155021129449095,0.4901731775782699,0.5386496748998439
2021-10-04,0.0,0.0,0.0,0.0,0.0,0.0,0.0,0.0,0.0,0.20367711155150178,0.3380404187516659,0.4205162269792186,0.3681607830373679,0.4591993647625499,0.5192766982622725,0.5175903269491584,0.5321381746607944,0.4955761229773059,0.44170873014513684
2021-10-05,0.0,0.0,0.0,0.0,0.0,0.0,0.0,0.0,0.0,0.1350845494524549,0.39079304698473116,0.4966311942408801,0.4322879983972914,0.5101262015540386,0.6555424004194014,0.6795169257136456,0.7340611760822847,0.8515817675054926,0.8273595710607687
2021-10-06,0.0,0.0,0.0,0.0,0.0,0.0,0.0,0.0,0.0,0.0029305661045992627,0.3555567974581811,0.46300883997493797,0.36939821139562207,0.482164383305597,0.5985622195547383,0.6349301975402122,0.7082785249667041,0.8774789133318998,0.9072776521482987
2021-10-07,0.0,0.0,0.0,0.0,0.0,0.0,0.0,0.0,0.0,0.0032382437607003573,0.3449590234187439,0.4807579595615706,0.40160779955599935,0.5034586529454352,0.6446909337130364,0.6742725545940087,0.7229724468273966,0.8940746941359837,0.9075780415013688
2021-10-08,0.0,0.0,0.0,0.0,0.0,0.0,0.0,0.0,0.0,0.15589246686370403,0.2949333786012907,0.3928697640442547,0.302337448755243,0.3809468425623846,0.5010179145334285,0.611110145149757,0.7268479345182669,0.8052960310512399,0.7857771883583767
2021-10-09,0.0,0.0,0.0,0.0,0.0,0.0,0.0,0.0,0.0,0.15882303296830327,0.3175579929082564,0.4350602423188337,0.3611146823784188,0.4722253629546057,0.5972368810034651,0.6660799066151627,0.7380087809152672,0.8379952129043615,0.832643236182514
2021-10-10,0.0,0.0,0.0,0.0,0.0,0.0,0.0,0.0,0.0,0.0029305661045992627,0.27783165661669373,0.36465439347758943,0.32629789344662163,0.4739429218465112,0.6232598296083648,0.6697967491650443,0.7160245410069813,0.769466664334218,0.7673699421655991
2021-10-11,0.0,0.0,0.0,0.0,0.0,0.0,0.0,0.0,0.0,0.0,0.27652337226563906,0.3558699702980108,0.3233926681196404,0.4709516313362558,0.630852902543756,0.6676362037102653,0.7353308548857136,0.7531277490163005,0.7205038943414617
2021-10-12,0.0,0.0,0.0,0.0,0.0,0.0,0.0,0.0,0.0,0.0015460166521443404,0.24477944839994026,0.37385914039940327,0.30727528192218306,0.46727096988308997,0.5959881622734053,0.6319509934898921,0.6983349548469947,0.7602451276632818,0.6641834935865377
2021-10-13,0.0,0.0,0.0,0.0,0.0,0.0,0.0,0.0,0.0,0.0015460166521443404,0.24417732516393606,0.36902211383067185,0.29165551516881344,0.4672654045972199,0.5959881622734053,0.6319509934898921,0.6983349548469947,0.7602451276632818,0.6641834935865377
2021-10-14,0.0,0.0,0.0,0.0,0.0,0.0,0.0,0.0,0.0,0.0,0.22787192583973673,0.38153048965671776,0.3409578069356987,0.4894234121280557,0.5908038257681254,0.674748263089988,0.7366382086194277,0.8238643741583948,0.7841548922190495
2021-10-15,0.0,0.0,0.0,0.0,0.0,0.0,0.0,0.0,0.0,0.14394630569175457,0.2363752334671855,0.3833605914676724,0.32373344169102214,0.44986925044966064,0.6072224547462687,0.6714103012557627,0.7210466591797389,0.8048240027135278,0.6948496565734591
2021-10-16,0.0,0.0,0.0,0.0,0.0,0.0,0.0,0.0,0.0,0.2275694338954007,0.2140180698274433,0.3595655805469189,0.3171629878518386,0.4409878223924712,0.5631627406349521,0.6542262462284529,0.7387441602302782,0.8965486946314114,0.8444066203266424
2021-10-17,0.0,0.0,0.0,0.0,0.0,0.0,0.0,0.0,0.0,0.0,0.22607522657948864,0.37478427728666375,0.32664538156514994,0.47526987209438293,0.6399398458150751,0.6654525040348099,0.7383587089596021,0.8680945579322008,0.7939088491826386
2021-10-18,0.0,0.0,0.0,0.0,0.0,0.0,0.0,0.0,0.0,0.14595383882805055,0.23309115743527975,0.36220483034407064,0.3216292914702199,0.5206205552057896,0.6129390162813898,0.7010392715570847,0.7576486480450578,0.8737665571180825,0.8443666658189558
2021-10-19,0.0,0.0,0.0,0.0,0.0,0.0,0.0,0.0,0.0,0.0,0.19312428610669122,0.3373734899319133,0.2754133617661972,0.43649456311055546,0.587013147027014,0.6186534550212227,0.7015993885872925,0.8729567091145674,0.906906562511184
2021-10-20,0.0,0.0,0.0,0.0,0.0,0.0,0.0,0.0,0.0,0.1320001445198051,0.1696451517304763,0.27365747671660484,0.2384491652997087,0.3907991427908884,0.5393703634490428,0.5943780070215907,0.6562458762807869,0.7065419941085745,0.5718377756900147
2021-10-21,0.0,0.0,0.0,0.0,0.0,0.0,0.0,0.0,0.0,0.0,0.1546401212282146,0.25993200616676665,0.23022989826467238,0.3714570102604121,0.5618900458945302,0.6352711785945443,0.7173062768538402,0.8512751872563238,0.8699283478127255
2021-10-22,0.0,0.0,0.0,0.0,0.0,0.0,0.0,0.0,0.0,0.0,0.12542001612740158,0.23267249677490032,0.2076035935730866,0.3868359597708241,0.5176887896728474,0.600048258579847,0.6514669253957198,0.7351443834047857,0.7182957922361304
2021-10-23,0.0,0.0,0.0,0.0,0.0,0.0,0.0,0.0,0.0,0.0,0.12542001612740158,0.23267249677490032,0.2076035935730866,0.3868359597708241,0.5167499577187031,0.6004793525162098,0.6483976926365448,0.728977180123355,0.6941513615958551
2021-10-24,0.0,0.0,0.0,0.0,0.0,0.0,0.0,0.0,0.0,0.0,0.15394002320759687,0.2697111539944178,0.2131324116768197,0.3592607532954737,0.5418142019561129,0.6177871401163068,0.7468549627529822,0.8947278646011939,0.878816443253809
2021-10-25,0.0,0.0,0.0,0.0,0.0,0.0,0.0,0.0,0.0,0.0,0.09661628881382062,0.23178450469990786,0.22334728360712686,0.3908232122233586,0.569834132586669,0.6484985739585657,0.7042392157707177,0.8921749812791109,0.8591848075330921
2021-10-26,0.0,0.0,0.0,0.0,0.0,0.0,0.0,0.0,0.0,0.0,0.1117297904640107,0.22025329029048574,0.1451016965068399,0.11199447363211859,0.3154176518722153,0.38394631982567834,0.3917937850332106,0.7232904460518381,0.7021683851652483
2021-10-27,0.0,0.0,0.0,0.0,0.0,0.0,0.0,0.0,0.0,0.0,0.07393214064235674,0.13749608867806765,0.10000633666348248,0.10691153321158768,0.30190010878214224,0.29610334198879723,0.28795998653519717,0.5054373427808954,0.8239564334305891
2021-10-28,0.0,0.0,0.0,0.0,0.0,0.0,0.0,0.0,0.0,0.0,0.050697153393156794,0.14256636498056433,0.14339566735022405,0.3168772366328661,0.5048407550726977,0.5746900423622903,0.6466158533277454,0.8366343903534481,0.8636238809261896
2021-10-29,0.0,0.0,0.0,0.0,0.0,0.0,0.0,0.0,0.0,0.0,0.06544619252807382,0.12402849002433605,0.1321269956070162,0.27871020277125963,0.48699351532643353,0.6035434786630703,0.6946800157385992,0.7675236613080866,0.6254021372818335
2021-10-30,0.0,0.0,0.0,0.0,0.0,0.0,0.0,0.0,0.0,0.0,0.017904516911539502,0.06811300301627043,0.09425876239182657,0.2508107721388038,0.46615596679827004,0.5277259593351404,0.6598602900013851,0.7956698680620875,0.8178369352082326
2021-10-31,0.0,0.0,0.0,0.0,0.0,0.0,0.0,0.0,0.0,0.0,0.03795477614072458,0.09788235168248177,0.10102182025610014,0.25437920181288715,0.3993880045065495,0.5734609154167836,0.6629647337960148,0.8733435247617056,0.8724269779376846
2021-11-01,0.0,0.0,0.0,0.0,0.0,0.0,0.0,0.0,0.0,0.0,0.02638408171009517,0.05818805862322362,0.08943788860832563,0.25038846410126636,0.398451412824169,0.5734609154167836,0.6629647337960148,0.8733435247617056,0.8724269779376846
2021-11-02,0.0,0.0,0.0,0.0,0.0,0.0,0.0,0.0,0.0,0.0,0.026549985294771605,0.07109045034613695,0.09871366429214404,0.26210002141341193,0.4827119775152688,0.6149162690728922,0.7535625923280495,0.8545945729661247,0.8671465758463107
2021-11-03,0.0,0.0,0.0,0.0,0.0,0.0,0.0,0.0,0.0,0.0,0.02509976400781145,0.04555124885623933,0.1029375540285201,0.29740538200867084,0.5033635362834652,0.6366362914820897,0.6807479075102348,0.7922680185197747,0.8328172030467719
2021-11-04,0.0,0.0,0.0,0.0,0.0,0.0,0.0,0.0,0.0,0.0,0.010509481226979766,0.01978876787383657,0.06631080904104852,0.21140634092016544,0.31666173262078645,0.3972530108144085,0.5137580070400486,0.39040223462722123,0.32518916495883493
2021-11-05,0.0,0.0,0.0,0.0,0.0,0.0,0.0,0.0,0.0,0.0,0.010509481226979766,0.018103683420578182,0.05949198805144424,0.18429702944187548,0.3182032885219263,0.36257843220953034,0.5048293299224483,0.3752619247577677,0.32454833433895186
2021-11-06,0.0,0.0,0.0,0.0,0.0,0.0,0.0,0.0,0.0,0.0,0.011061539847095398,0.024952409818203024,0.054702934608884486,0.203574802455626,0.41090868455999546,0.5264543785384185,0.669284270767211,0.8438235915387908,0.8127762073054111
2021-11-07,0.0,0.0,0.0,0.0,0.0,0.0,0.0,0.0,0.0,0.0,0.010757239687185022,0.031980929914642055,0.07210959134303423,0.20510123346364428,0.39770097570873675,0.5129243261306058,0.6194441804349837,0.8091171480870585,0.7773921846674815
2021-11-08,0.0,0.0,0.0,0.0,0.0,0.0,0.0,0.0,0.0,0.0,0.004043860369074494,0.022953491348050293,0.05488537199066217,0.18770423226500063,0.3640427388172861,0.5067893277496213,0.6202544963536387,0.8113882158757686,0.8505878362783278
2021-11-09,0.0,0.0,0.0,0.0,0.0,0.0,0.0,0.0,0.0,0.0,0.005002374577477685,0.048396217928142395,0.05767780021537328,0.2194808814131614,0.4447937444347787,0.5472574180297723,0.6543872530832049,0.7669166405345348,0.7525062608811874
2021-11-10,0.0,0.0,0.0,0.0,0.0,0.0,0.0,0.0,0.0,0.0,0.0011950193199280986,0.020442621623328917,0.05739194095075575,0.2546404354407472,0.4103070116659185,0.5259836519177119,0.5208050484163608,0.6487756030096229,0.6459671701318336
2021-11-11,0.0,0.0,0.0,0.0,0.0,0.0,0.0,0.0,0.0,0.0,0.0655632237820451,0.07630122005669902,0.1432741722519944,0.23872726533912386,0.5324143001146399,0.5900723615887822,0.679524670076487,0.8404865467997872,0.8314056331041294
2021-11-12,0.0,0.0,0.0,0.0,0.0,0.0,0.0,0.0,0.0,0.0,0.0006054999848717322,0.01532384020449911,0.027692018819664623,0.13494709922806591,0.33774420254692755,0.48067413541491627,0.6471250779994384,0.6977186172976699,0.5429559090163797
2021-11-13,0.0,0.0,0.0,0.0,0.0,0.0,0.0,0.0,0.0,0.0,0.0006054999848717322,0.01532384020449911,0.026770024286739642,0.1129838944288474,0.3102575087745281,0.5000837350463649,0.636430376157878,0.6328433365133309,0.4236964461134006
2021-11-14,0.0,0.0,0.0,0.0,0.0,0.0,0.0,0.0,0.0,0.0,0.0,0.010083153344753662,0.042086495018757476,0.12412213633373355,0.33249965237366486,0.5163232619094101,0.6184596835672671,0.7510789088274987,0.6796329939474224
2021-11-15,0.0,0.0,0.0,0.0,0.0,0.0,0.0,0.0,0.0,0.0,1.3338414482289334e-05,0.017656310810055052,0.029530387556756355,0.1339899580650137,0.3037113050358939,0.43004630256754184,0.5605872088042944,0.870544215629285,0.8803576481781399
2021-11-16,0.0,0.0,0.0,0.0,0.0,0.0,0.0,0.0,0.0,0.0,0.0018741248471495287,0.011241998606796465,0.04426997744721666,0.14494539452464275,0.35337121435981556,0.5011970521472013,0.6376635010148567,0.8351127134020329,0.7261292217468369
2021-11-17,0.0,0.0,0.0,0.0,0.0,0.0,0.0,0.0,0.0,0.0,0.004636473221686542,0.01984162856856223,0.0315457881169982,0.1534249273745158,0.32354174099239186,0.46647905076732177,0.6290293848499464,0.8187420199162069,0.8002708361916684
2021-11-18,0.0,0.0,0.0,0.0,0.0,0.0,0.0,0.0,0.0,0.0,0.0,0.010668986853696175,0.04009354128670713,0.1474168739564323,0.35987472150604655,0.5317581001806345,0.6596070917270093,0.8907108921825542,0.9441806585447616
2021-11-19,0.0,0.0,0.0,0.0,0.0,0.0,0.0,0.0,0.0,0.0,6.535314797632296e-05,0.008820525197514932,0.01630368363408166,0.18235519583855467,0.46709647861738013,0.568017625213276,0.6492734881582491,0.8935716788548691,0.8783340841631302
2021-11-20,0.0,0.0,0.0,0.0,0.0,0.0,0.0,0.0,0.0,0.0,0.0,0.006345182200510757,0.02064932755544636,0.12719050019253517,0.3182080168002686,0.4788564153875248,0.6453939074127164,0.8412178659748802,0.8518007677580424
2021-11-21,0.0,0.0,0.0,0.0,0.0,0.0,0.0,0.0,0.0,0.0,0.0,0.004078166135652314,0.03062419045723884,0.09403757064872166,0.2748387981825242,0.4377158598197609,0.5381415964980436,0.6013877724863731,0.49553737225937694
2021-11-22,0.0,0.0,0.0,0.0,0.0,0.0,0.0,0.0,0.0,0.0,0.0,0.0038828135885632243,0.008268403915783205,0.09112979319416466,0.26055502947912396,0.4446722689715566,0.5953497863541081,0.838983136122848,0.8900581335350117
2021-11-23,0.0,0.0,0.0,0.0,0.0,0.0,0.0,0.0,0.0,0.0,0.0,0.008524589568566198,0.03284445960983235,0.1084433129732405,0.2906766229266792,0.4782681406842671,0.5880352189974924,0.6650226794887185,0.5470969583255268
2021-11-24,0.0,0.0,0.0,0.0,0.0,0.0,0.0,0.0,0.0,0.0,0.0,0.0012039179922812898,0.0028846729574446136,0.06466812580585103,0.14740813462337624,0.2511714751601826,0.33435930748216564,0.7507547273862528,0.8050283441393687
2021-11-25,0.0,0.0,0.0,0.0,0.0,0.0,0.0,0.0,0.0,0.0,0.0,0.007486928901405278,0.02621974887765311,0.11584135556467974,0.3194875939635535,0.5010637076342942,0.5920518188325976,0.7404509926105738,0.8038262562789674
2021-11-26,0.0,0.0,0.0,0.0,0.0,0.0,0.0,0.0,0.0,0.0,0.0,0.0,0.015814588682952792,0.12989121450836696,0.26175306061261194,0.48487511997385163,0.5677364437187734,0.8390030051446044,0.780513461648016
2021-11-27,0.0,0.0,0.0,0.0,0.0,0.0,0.0,0.0,0.0,0.0,0.0,0.0,0.003472265263931868,0.12470890452742311,0.24947884770648893,0.4682421085317852,0.5506922355687366,0.7378347184057066,0.4302698049342875
2021-11-28,0.0,0.0,0.0,0.0,0.0,0.0,0.0,0.0,0.0,0.0,0.0,0.003256905099988773,0.00465357793932704,0.07923903736189249,0.2316127221258272,0.440790504206062,0.5630409674351434,0.7979029171270328,0.8022581945507147
2021-11-29,0.0,0.0,0.0,0.0,0.0,0.0,0.0,0.0,0.0,0.0,0.0,0.003256905099988773,0.00465357793932704,0.07923903736189249,0.2316127221258272,0.440790504206062,0.5630409674351434,0.7979029171270328,0.8022581945507147
2021-11-30,0.0,0.0,0.0,0.0,0.0,0.0,0.0,0.0,0.0,0.0,0.0,0.0029241207335735735,0.006881351394458372,0.06503395883907467,0.14775923920669806,0.3069534389962243,0.5188782333791324,0.7137543189416049,0.7431392857844156
2021-12-01,0.0,0.0,0.0,0.0,0.0,0.0,0.0,0.0,0.0,0.0,0.0,0.0029241207335735735,0.006881351394458372,0.06699720433229507,0.16032592650259028,0.34713608993655815,0.5282020501988699,0.7137543189416049,0.7431392857844156
2021-12-02,0.0,0.0,0.0,0.0,0.0,0.0,0.0,0.0,0.0,0.0,0.0,0.0,0.0009301746620643794,0.049253338875899014,0.2213866296403718,0.35571019436714285,0.5256389664369058,0.7544885739689582,0.736499977459026
2021-12-03,0.0,0.0,0.0,0.0,0.0,0.0,0.0,0.0,0.0,0.0,0.0,0.0,0.0024922700053795982,0.0699350419176605,0.23876984077877939,0.369467391978577,0.554150434736252,0.7739105412980484,0.7454480754907581
2021-12-04,0.0,0.0,0.0,0.0,0.0,0.0,0.0,0.0,0.0,0.0,0.0,0.0013327326881654672,0.006491905222698853,0.08399373168846187,0.2037210916644248,0.4472457646910289,0.611548274204509,0.8774048525480388,0.816414476915439
2021-12-05,0.0,0.0,0.0,0.0,0.0,0.0,0.0,0.0,0.0,0.0,0.0,0.0,0.007995082102399824,0.11560663612350973,0.30454824818696397,0.45649017691625665,0.5024318390816223,0.7198560169681008,0.6819448100496638
2021-12-06,0.0,0.0,0.0,0.0,0.0,0.0,0.0,0.0,0.0,0.0,0.0,0.002388101887936634,0.004590857570900961,0.0708961804259986,0.193425998283712,0.34010416305544683,0.48650327025049744,0.7360890176780094,0.7974836940685153
2021-12-07,0.0,0.0,0.0,0.0,0.0,0.0,0.0,0.0,0.0,0.0,0.0,0.0004987565844286182,0.0018929179701436896,0.06517754071171059,0.14008926245119982,0.28595647799373597,0.45710534038776446,0.5384212959699505,0.4022884717779607
2021-12-08,0.0,0.0,0.0,0.0,0.0,0.0,0.0,0.0,0.0,0.0,0.0,0.00212842671086952,0.004891778565558487,0.05248711952671392,0.1397659412276058,0.33549710161182245,0.4698394081531458,0.7143809287060817,0.8585402904213276
2021-12-09,0.0,0.0,0.0,0.0,0.0,0.0,0.0,0.0,0.0,0.0,0.0,0.0,0.0,0.06243176059319319,0.1861058929721126,0.3782811479985394,0.5682911442847255,0.6930522467308543,0.6265132272235023
2021-12-10,0.0,0.0,0.0,0.0,0.0,0.0,0.0,0.0,0.0,0.0,0.0,0.0,0.002635249678529444,0.07438792575739513,0.13018142903487076,0.32284034987590066,0.46693817717518526,0.7678496018890688,0.8007222396811462
2021-12-11,0.0,0.0,0.0,0.0,0.0,0.0,0.0,0.0,0.0,0.0,0.0,0.0030567364040242494,0.006876678091135662,0.04442846275048496,0.135096428379304,0.32746464513319207,0.5160687581236155,0.8149463855679876,0.864417132614524
2021-12-12,0.0,0.0,0.0,0.0,0.0,0.0,0.0,0.0,0.0,0.0,0.0,0.0,0.0009684006750679509,0.08375731600659435,0.18482565488627517,0.3770247768898131,0.4778213284138016,0.7474816191009667,0.7813684233125019
2021-12-13,0.0,0.0,0.0,0.0,0.0,0.0,0.0,0.0,0.0,0.0,0.015356661002933213,0.009091872709395456,0.014378038417626193,0.08415141306480349,0.1924485764445552,0.3855399082356772,0.46203164624719556,0.7474816191009667,0.7813684233125019
2021-12-14,0.0,0.0,0.0,0.0,0.0,0.0,0.0,0.0,0.0,0.0,0.0,0.001730579699517494,0.0050325927745530465,0.05214504153455551,0.11651079063526426,0.29049749163768523,0.4707992083503119,0.7613343819759698,0.869270314270564
2021-12-15,0.0,0.0,0.0,0.0,0.0,0.0,0.0,0.0,0.0,0.0,0.0,0.001730579699517494,0.0050325927745530465,0.05214504153455551,0.11651079063526426,0.3054402768469745,0.4824248090977132,0.7613343819759698,0.869270314270564
2021-12-16,0.0,0.0,0.0,0.0,0.0,0.0,0.0,0.0,0.0,0.0,0.0,0.0023936580517708713,0.006494500649622017,0.04579319222531966,0.14086461669665554,0.31811671275226483,0.4310032450978109,0.6139666628453457,0.5609940323034875
2021-12-17,0.0,0.0,0.0,0.0,0.0,0.0,0.0,0.0,0.0,0.0,0.0,0.0,0.0,0.037108929132869665,0.08756962792310574,0.22781685697821896,0.42872424261109354,0.7555376237496426,0.6632369131985598
2021-12-18,0.0,0.0,0.0,0.0,0.0,0.0,0.0,0.0,0.0,0.0,0.0,0.0,0.0009481321594709108,0.04372443574085588,0.13193767354462257,0.31277078656619467,0.5088781247630695,0.8615027608840076,0.8667820339186986
2021-12-19,0.0,0.0,0.0,0.0,0.0,0.0,0.0,0.0,0.0,0.0,0.0,0.0013327326881654672,0.0036754913761099972,0.054556910075904595,0.11825677401267594,0.2688150402285148,0.39562407924825066,0.7765186429778069,0.8397977851927438
2021-12-20,0.0,0.0,0.0,0.0,0.0,0.0,0.0,0.0,0.0,0.0,0.0,0.0047807401198830335,0.009096195205908635,0.06914549252863866,0.13674537477961782,0.35538664847995255,0.5125988148320941,0.8129477358607624,0.8397118873072601
2021-12-21,0.0,0.0,0.0,0.0,0.0,0.0,0.0,0.0,0.0,0.0,0.0,0.002261042381320196,0.022865273747765695,0.13567050127986002,0.1954450741084281,0.352135898572944,0.4371151292624942,0.7266571389137187,0.7015526077259245
2021-12-22,0.0,0.0,0.0,0.0,0.0,0.0,0.0,0.0,0.0,0.0,0.0,0.0,0.0,0.019079412783612703,0.09428732784556296,0.272855255478817,0.44084393084628476,0.7992961119423787,0.8940055024400443
2021-12-23,0.0,0.0,0.0,0.0,0.0,0.0,0.0,0.0,0.0,0.0,0.0,0.0,0.0021327807217859946,0.06429208099811652,0.11608388804357819,0.23651912913032214,0.34022328242706484,0.3836666800368172,0.2683362769350469
2021-12-24,0.0,0.0,0.0,0.0,0.0,0.0,0.0,0.0,0.0,0.0,0.0,0.0,0.0006353969787116147,0.03551739915319552,0.0872057897524635,0.22730655552779686,0.3782234303828775,0.6422941823340861,0.8001591529638522
2021-12-25,0.0,0.0,0.0,0.0,0.0,0.0,0.0,0.0,0.0,0.0,0.0,0.001730579699517494,0.004183624928089466,0.030433868663709673,0.08170887736567092,0.23571350294939228,0.3412473677419339,0.5384869362932714,0.5280085548478138
2021-12-26,0.0,0.0,0.0,0.0,0.0,0.0,0.0,0.0,0.0,0.16783862803565344,0.010116035879625205,0.017684738710785186,0.032257919302406644,0.05505444275399931,0.11551302027299064,0.2295424950955213,0.27048757185896943,0.5782007964385147,0.5388595209833676
2021-12-27,0.0,0.0,0.0,0.0,0.0,0.0,0.0,0.0,0.0,0.0,0.003775807675467285,0.019793218396878937,0.053262637164803464,0.282604183386613,0.363842043031944,0.4948550379713022,0.604439847436568,0.7866617399116019,0.8908790613938402
2021-12-28,0.0,0.0,0.0,0.0,0.0,0.0,0.0,0.0,0.0,0.0,0.0,0.003596097278969727,0.0692314580722526,0.4337235058971739,0.6068666958663371,0.7419027553314714,0.7645365759548545,0.8733742276556271,0.8924020271387174
2021-12-29,0.0,0.0,0.0,0.0,0.0,0.0,0.0,0.0,0.0,0.0,0.0,0.0029241207335735735,0.007620045745547765,0.07737039304243065,0.34190128310111795,0.677054390703067,0.788897798830488,0.9483257871049187,0.9759393026219572
2021-12-30,0.0,0.0,0.0,0.0,0.0,0.0,0.0,0.0,0.0,0.0,0.0,0.0,0.0010696470448535572,0.036067868927819796,0.11352231504651063,0.300552216070714,0.4667209547893771,0.6613544425296861,0.7952004447564825
2021-12-31,0.0,0.0,0.0,0.0,0.0,0.0,0.0,0.0,0.0,0.0,0.0,0.0,0.0010696470448535572,0.036067868927819796,0.11352231504651063,0.300552216070714,0.4667209547893771,0.6613544425296861,0.7952004447564825
