,0,1,2,3,4,5,6,7,8,9,10,11,12,13,14,15,16,17
2021-01-01,0.0,0.0,0.0,0.0,0.0,0.0,0.0,0.00023174324715527408,0.0021598714574359917,0.025053726743978797,0.0805032312872143,0.2172533010178065,0.34519789118428906,0.44926446075879084,0.5322269769064772,0.517827830722221,0.517779321189112,0.6041358849236053
2021-01-02,-1.9085356464894201e-19,0.0,0.0010656903982985471,0.010702554138160257,0.00618876971248286,0.010921004498903134,0.014992759772158878,0.0197356958788879,0.024882873961295536,0.05157087131110227,0.11160203393989608,0.2361064806480672,0.37689427384521085,0.5314577874991172,0.6544348575800913,0.7098576055077047,0.7531744043137459,0.823495066739338
2021-01-03,0.0,0.0,0.0,0.0,0.0,0.0,0.0,0.0021485160946557703,0.006376056858942534,0.03835523088728566,0.10061019452102922,0.2358548294304514,0.40425149296658114,0.5428015021095545,0.6736712657480002,0.7337990421201227,0.774778664227955,0.823495066739338
2021-01-04,0.0,0.0,0.0,0.0,0.0,0.0,0.0,9.290077975159306e-06,0.0024570101557618274,0.02467736657044427,0.07836432875867548,0.22801232180452827,0.3645476729122371,0.5099708042114478,0.7302948145710592,0.8084903792770409,0.8646336022846456,0.8748578370620327
2021-01-05,0.0,0.0,0.0,5.5105177886649253e-05,0.0032140024771719453,0.006126755370163062,0.003151826477712529,0.005034815635855284,0.008512385249019804,0.03626719734766042,0.08505289966407181,0.19033947945858334,0.2853589989341339,0.4097553660577462,0.4888239205085667,0.5576793408413175,0.7071314798959407,0.8253283864799558
2021-01-06,0.0,0.0,0.0,0.0,0.0,0.0,0.0,0.0,0.0009261305647963871,0.01700698828739633,0.05560280656875604,0.17696302172174955,0.30405446534109937,0.42445589367859154,0.5520614935214841,0.5809969182732506,0.6582244820566248,0.7167987392993229
2021-01-07,0.0,0.0,0.0,0.0,0.0,0.0,8.089286820505836e-06,0.0005002096343870245,0.0031638680865899555,0.023888819919524157,0.07644592370625383,0.20519177869811106,0.3408492775457045,0.4813602837917423,0.5819678672785454,0.6330560595302046,0.7598787000829846,0.844697868587392
2021-01-08,0.0,0.0,0.0,0.0,0.0,0.000119691100967147,0.00034590998998877904,0.00029923261528607494,0.0026611848157196225,0.01960632823342902,0.06861108388879668,0.1952196371495566,0.32510191410692374,0.44541707932427954,0.5412130901451361,0.5953939744904716,0.695970391808593,0.7676740584735218
2021-01-09,0.0,0.0,0.0,0.0,0.0,0.000119691100967147,0.00034590998998877904,0.00041438190856785486,0.0013420715475414723,0.018976552051767716,0.06383804555107941,0.19315183467150418,0.3292739282633776,0.44273115021612913,0.5320722309530065,0.5150501641371711,0.5987547928043974,0.767477801661769
2021-01-10,0.0,0.0,0.0,0.0,0.0,0.0,0.0,0.0003359046966989053,0.0014271484447719752,0.018635960493071722,0.05300693276621803,0.16330991401166012,0.29181390404235397,0.4093702279287445,0.500642714533639,0.514665945923595,0.5226440593882533,0.6055262820017053
2021-01-11,0.0,0.0,0.0,0.0,0.0,0.0,0.0,0.0,0.001178512599934248,0.014612703334444137,0.05389559346117521,0.17583310276744443,0.3127956397448821,0.4324902599202136,0.5377862382409936,0.5430337991029571,0.6324210579195488,0.7118703933599153
2021-01-12,0.0,0.0,0.0,0.0,0.0,0.0,0.0,0.0011585852576693754,0.002318577807823021,0.01747571464725775,0.05122566742360764,0.14218957981269667,0.27877259366136264,0.40296432234450263,0.49412330261140164,0.5258709561127045,0.5653196883501075,0.5615061341245794
2021-01-13,0.0,0.0,0.0,0.0,0.0,0.0,0.0,0.0,0.000804144717401826,0.011611281170783866,0.04146205020040276,0.14211898299098363,0.2763220294169694,0.3884966882959788,0.490937320523754,0.48025032883154956,0.5252881015763805,0.5615061341245794
2021-01-14,0.0,0.0,0.0,0.0,0.0,0.0,0.0,0.0001347926432154291,0.0021425114892322673,0.018267627624483515,0.061009825102819895,0.16222791966417546,0.28561345237210906,0.4237889733661347,0.4990728809284992,0.5116305700530057,0.5584064917418228,0.6559612158908114
2021-01-15,0.0,0.0,0.0,0.0,0.0,0.0,0.0,0.0,0.0008361702933295633,0.01045138033716425,0.031143899128823076,0.11618205271191646,0.24190930747013129,0.3572212286520746,0.4649245081980909,0.4394984641627854,0.42451565059611535,0.4627345403924776
2021-01-16,0.0,0.0,0.0,0.0,0.0,0.0,0.0,0.0,0.0013621986113624897,0.01616477032411547,0.05023846579506049,0.15348214760094847,0.2926161801736946,0.4256384005067639,0.5245714904782586,0.5171684988381848,0.562764997640254,0.6647982236866309
2021-01-17,0.0,0.0,0.0,0.0,0.0,0.0,0.0,0.0,0.0008176968246216774,0.011809927793105439,0.03313264709573663,0.12085083680771944,0.2501145694014073,0.3693131056462813,0.4512066441904395,0.45611614794361466,0.43953004575615545,0.4800419382190033
2021-01-18,0.0,0.0,0.0,0.0,0.0,0.0,0.0,0.0,0.0006996119628668329,0.012446057004885583,0.03794804033841374,0.13853926687095702,0.2821415509420974,0.40595613848702533,0.5033050715954445,0.49623500635194007,0.49485053049763955,0.5453759044964158
2021-01-19,0.0,0.0,0.0,0.0,0.0,0.0,0.0,1.9027698797674042e-05,0.00178329038016159,0.01698744936268338,0.04444636399772727,0.11712759010143374,0.24156084648575055,0.36558770091499637,0.45435154387468313,0.4817875328268231,0.5538392918293463,0.6591112006618923
2021-01-20,0.0,0.0,0.0,0.0003305344963666152,0.0,0.0,0.0,0.0,0.0005279680940152688,0.010467062312117727,0.03240894409031954,0.11734236815976844,0.23740951928776435,0.37050971739284183,0.4718694755576309,0.4451294654014077,0.42729728592122346,0.3409563517525804
2021-01-21,0.0,0.0,0.0,0.0,0.0,0.0,0.00025640001790353125,0.0013235225137960393,0.0038931098284520267,0.021775997574104637,0.052481217654677254,0.12751978219389742,0.23887588140038657,0.3555153982654144,0.4124364201481716,0.417539274971519,0.4819030485327815,0.5379459118337103
2021-01-22,0.0,0.0,0.0,0.0,0.0,0.0,0.0,0.0,0.0008022923216585105,0.00806087455197153,0.020973970544839383,0.0903289470874733,0.20959818456617743,0.3347876414957621,0.4321935400706842,0.3877659422563372,0.34222928853308887,0.25709956902903625
2021-01-23,0.0,0.0,0.0,0.0,0.0,0.0,0.0,0.0006173514143350888,0.00123295557682302,0.011820491634856906,0.037453079753771525,0.11852450307952442,0.24021478273562027,0.3959072671327743,0.47303561167908753,0.4345798214344839,0.47583809817682704,0.5618978482416397
2021-01-24,0.0,0.0,0.0,0.0,0.0,0.0,0.0,0.0,0.0001814530003360087,0.009163068920471331,0.018515751586360523,0.0682931370612546,0.17518338291341767,0.2848121927222923,0.34621582618337055,0.3586984241328096,0.3428663374418352,0.3109400033999128
2021-01-25,0.0,0.0,6.628018180934211e-05,0.0006469699651505111,0.0008193373021067942,0.0008375898721166514,0.001027872917118602,0.0010131091534430817,0.0024305299017120877,0.011673415468048521,0.01882194529250696,0.074966638726685,0.1909113707710562,0.3529207520624779,0.4746142217408222,0.488826975933099,0.5853126447345397,0.7866422999181272
2021-01-26,0.0,0.0,0.0,0.0,0.0,0.0,4.557551677795252e-05,0.0003301723550520522,0.00042436852930986525,0.008727294294358173,0.01467709429678128,0.049449624642997195,0.1392330453328226,0.26089776581645185,0.3706502168342008,0.3118463806503495,0.33368416052128824,0.2819116136743226
2021-01-27,0.0,0.0,0.0,0.0,0.0,0.0,0.0,0.0,0.0010699372857052014,0.008544846138806102,0.023109201621939687,0.09025961619076871,0.2107423695207979,0.3346927781735533,0.45718206391018756,0.43839352507052276,0.4632034964212853,0.5212382950384313
2021-01-28,0.0,0.0,0.0,0.0,0.0,0.0,0.0,0.0,0.0010699372857052014,0.008544843882836566,0.022973116808454673,0.08923032244738378,0.2042661165428695,0.3207291785545531,0.43585621667027075,0.4237886338225797,0.48734781047266545,0.5255446838023068
2021-01-29,-6.816198737462215e-21,0.0,4.04275207181389e-05,0.0004191129920558583,0.00036507533899148573,0.0006473118551113265,0.0007205122845881984,0.0011895125294920713,0.002767280987583065,0.017951566007934117,0.05069836981590744,0.14770960776893022,0.2741294514957581,0.40102907376165126,0.502919350899357,0.5116063217399919,0.5553424258826841,0.610020330486227
2021-01-30,-6.816198737462215e-21,0.0,4.04275207181389e-05,0.0004191129920558583,0.00036507533899148573,0.0006473118551113265,0.0007205122845881984,0.0011895125294920713,0.002767280987583065,0.017951566007934117,0.05069836981590744,0.14770960776893022,0.2741294514957581,0.40102907376165126,0.502919350899357,0.5116063217399919,0.5553424258826841,0.610020330486227
2021-01-31,-6.816198737462215e-21,0.0,4.04275207181389e-05,0.0004191129920558583,0.00036507533899148573,0.0006473118551113265,0.0007205122845881984,0.0011895125294920713,0.002767280987583065,0.017951566007934117,0.05069836981590744,0.14770960776893022,0.2741294514957581,0.40102907376165126,0.502919350899357,0.5116063217399919,0.5553424258826841,0.610020330486227
2021-02-01,-2.49577738387078e-19,0.0,0.007943861697210305,0.01243617726432646,0.02417198861015339,0.01875698495551498,0.018945992266575264,0.04387541130777849,0.1641862612474504,0.5653862037501828,0.8678058759692747,0.9545496020761123,0.9547346223008983,0.9388568582290591,0.9332435203468825,0.911723033488998,0.8778407693058798,0.8687962010290247
2021-02-02,-2.49577738387078e-19,0.0,0.0,0.0,0.0,7.01700742629442e-06,0.002079317258280552,0.025224211611326486,0.14863021301771268,0.5619349249110052,0.8774108492386672,0.9600897492271733,0.9584135567022544,0.9486897890276728,0.9429848777905222,0.9288831665693476,0.9086294678865273,0.8902021720298753
2021-02-03,0.0,0.0,0.0,0.0,0.0,0.0,0.0006912908811106207,0.006371363000688154,0.06752478078355724,0.454297047172683,0.8615823976925866,0.9794787844314424,0.9938390064563718,0.9874681712160069,0.9696525520215926,0.9518248337261569,0.9426075488639004,0.9516399010605341
2021-02-04,0.0,0.0,0.0,0.0,0.0,0.0003259422094080722,0.003175078751985146,0.018213071497539753,0.09188157224003184,0.3449893693575263,0.683666956262444,0.8778867408191214,0.9439558500355875,0.9598274113174834,0.9636626678543379,0.9517443849111312,0.9531554058931402,0.9668961566152737
2021-02-05,0.0,0.0,0.0,0.0,0.0,0.0,0.0,0.0009367548050449018,0.00713331810990008,0.11010609268692859,0.5143926819242667,0.8400130939688234,0.955055122897688,0.9831169678235886,0.9881539493605299,0.9810681847003474,0.9632482516191005,0.9162806980089805
2021-02-06,0.0,0.0,0.0,0.0,5.057027301728936e-05,0.0017456790658285605,0.011503862296377064,0.03209606740815166,0.06983101278734519,0.18855624134745888,0.429842489951484,0.684485679641059,0.8212874922106886,0.9188324612810717,0.9639173323132222,0.9640856126517384,0.9746634248803093,0.998486030861
2021-02-07,0.0,0.0,0.0,0.0,0.0,0.0,0.0,0.00013562110099331763,0.0013769876711281863,0.02241724682937443,0.16231047008403438,0.5005648411650656,0.7396855213356722,0.87055062037339,0.9283307672242435,0.9171600736744951,0.892532700525379,0.8164760745487132
2021-02-08,0.0,0.0,0.0,0.0,0.0,0.0,4.1953138427820804e-05,0.0017996914955270456,0.006743806684918746,0.04057090460476099,0.1612627968836869,0.43044700240700295,0.6595112292004537,0.8205074903116001,0.9188194511527064,0.9307113079824274,0.9496432547913105,0.9462532740263725
2021-02-09,0.0,0.0,0.0,0.0,0.0,0.0,0.0,1.8772094169982513e-06,0.0004933025630397457,0.013954354066746912,0.07068108241146841,0.28576256443572595,0.5348509636406649,0.6746617484228226,0.7340280343679535,0.71124727995831,0.7987709303257835,0.7845523090415878
2021-02-10,0.0,0.0,0.0,0.0,0.0,0.0,0.0,0.0002566961953452457,0.0019690237534296584,0.014151330105655101,0.0666904854815462,0.27084911179969073,0.5379148214231141,0.7548105717914713,0.8721740875231941,0.899917682290988,0.9194530419464297,0.9326031623842657
2021-02-11,0.0,0.0,0.0,0.0,0.0,0.0,6.581285689096423e-05,0.001019908333845937,0.0034946068712092314,0.018907391093899793,0.04832444757616534,0.17900430149226004,0.338785403178633,0.45868885928075015,0.5132063661455765,0.5847601981795303,0.6230400456547609,0.5967179102238336
2021-02-12,0.0,0.0,0.0,0.0,0.0,0.0,0.004333082148842867,0.006936030640425184,0.012371353683643905,0.024012550003661762,0.04740291865090035,0.15362629322970092,0.3708219312069457,0.5776618531139209,0.6942686317368635,0.6775626416915614,0.6643421747089553,0.6672319775557236
2021-02-13,0.0,0.00012183122750308319,0.0013347237057709373,0.0010903467811966769,0.0005001159182767975,0.0021408841026761705,0.009472095729743365,0.016493022263934523,0.019846162868500123,0.022588684051275884,0.031285032255468026,0.12346990094912914,0.34492156132551055,0.5628918601144522,0.726438995196169,0.7783632744911099,0.7771861522301033,0.7343782630116766
2021-02-14,0.0,0.0,0.0,0.0,0.0,0.0,0.0,9.861255570543976e-05,0.0012089822740252892,0.00895056822202212,0.024876906820976697,0.11278739899184007,0.33203798685929126,0.5571045854061348,0.7477464243378851,0.8003221666722117,0.8054376555387308,0.7343782630116766
2021-02-15,0.0,0.0,0.0012470121617501678,0.0010137176715945375,0.0014518836431060365,0.004607400311398462,0.0042185261399669905,0.009027386295256016,0.01249956280882679,0.025752683770378575,0.037860007749241316,0.10191216037181484,0.2584896269386817,0.4344416010922322,0.6459452491446689,0.6957367918370755,0.7068788607662515,0.6077292024269705
2021-02-16,0.0,0.0,0.0,0.0,0.0,0.0,0.0,0.0,0.0006414893520106725,0.008972570912034386,0.020699540416922867,0.08787983851185951,0.2764179134699755,0.4924507356742094,0.687160511177122,0.7310196678020651,0.7315303492515292,0.6595191218222913
2021-02-17,0.0,0.0,0.0,0.0,0.0,0.0,0.0,1.7349222252894656e-05,0.0017427941431792907,0.01103654267686013,0.030983192891921193,0.11396555544053183,0.3202087861775648,0.5559043786596185,0.745372212773744,0.7967474879616196,0.8473651749486063,0.868751742596551
2021-02-18,0.0,0.0,0.0,0.0,0.0,0.0,0.0,0.0,0.0004555211399472981,0.00696785945377442,0.01479707803774983,0.07499452339878589,0.24884297373418657,0.4684472102047301,0.6867575768274969,0.7448782656169817,0.8213883299407461,0.8375579557761708
2021-02-19,0.0,0.0,0.0,0.0,0.0,0.0,0.0,0.0,0.0010828900953197345,0.008171459138214569,0.021510064742884243,0.09453460660333272,0.2858056890623644,0.5064692636781576,0.7098558593664817,0.7759442516387877,0.8239514994040574,0.8375579557761708
2021-02-20,0.0,0.0,0.0,0.0,0.0,0.0,0.0,0.0,0.0008295867813950408,0.017099009166079576,0.04111892692398545,0.10453393256951693,0.2595537206474505,0.47082654633015286,0.6381314794450661,0.6776770756010561,0.7453093452054519,0.8576275084471908
2021-02-21,0.0,0.0,0.0,0.0008718525724444238,4.2220641866930204e-05,0.0,0.0,0.0,0.0009031144691467159,0.00816865395227535,0.018487345471218133,0.07254438210086911,0.2428781605173949,0.44729732643862313,0.6542724070133596,0.7344765482779205,0.7682648372320248,0.7243335812493533
2021-02-22,0.0,0.0,0.0,0.0,0.0,0.0,0.0003221564715724576,0.0015407197662936289,0.004988733322570667,0.01632741619865714,0.03816361558119379,0.0946189018369217,0.2531938247528387,0.4284292087592883,0.5818623243824323,0.6255463011052048,0.7282476323356798,0.804330618953005
2021-02-23,0.0,0.0,0.0,0.0,0.0,0.0,0.0,9.043871859941469e-05,0.0012881022931623954,0.007937148477531384,0.014554969626279729,0.059694961809883075,0.20285960714791526,0.3931518225240194,0.608942530488557,0.6872022896142533,0.7031229608111328,0.635990876368864
2021-02-24,0.0,0.0,0.0,0.0,0.0,0.0,0.0,0.0,0.000805112138720156,0.008325186672604366,0.02094588325701629,0.07618956845895881,0.24301452469474819,0.4438876440163873,0.6209813786295268,0.6925691784839564,0.7738399180139336,0.8566024136396799
2021-02-25,0.0,0.0,0.0,0.0,0.0,0.0,0.0,0.0,0.00031744739038982127,0.008344284930724854,0.014228498896581024,0.052104598724346855,0.1837224298357277,0.37571449032063753,0.5819471636620022,0.5970902638915285,0.6237368242648066,0.6348489656908339
2021-02-26,0.0,0.0,0.0,0.0009541655128915678,3.020017677069832e-05,0.0,0.0,0.0,0.00051661181668662,0.006655646152104806,0.018981584588460894,0.07013934403070096,0.21768241726340895,0.4140443404195404,0.6033578327382032,0.6657463831272453,0.7502446080175634,0.7985810322232155
2021-02-27,0.0,0.0,0.0,0.0,0.0,0.0,0.0,9.199530677243708e-06,0.0007156622700816078,0.010085222204854413,0.019813486724384,0.06481729583038441,0.19506230186406406,0.3712029598974377,0.5259607836946022,0.5695892806974631,0.6277630654090878,0.690821656699783
2021-02-28,0.0,0.0,0.0,0.0,0.0,0.0,0.0,0.0,0.0007658969733021648,0.007097981190567288,0.014336187964495985,0.058961721058026814,0.18865084614303074,0.3728516847678979,0.564757704587714,0.6012317303291737,0.6745466438706921,0.6825655231721127
2021-03-01,0.0,0.0,0.0,0.0,0.0,0.00023534862683556408,0.001699301050415285,0.004249391051185314,0.005925914257407267,0.014630287728610438,0.02542511411119168,0.061654195316238496,0.16836638452961195,0.33069647824558246,0.49750468220702226,0.5279920823941885,0.5382820986016368,0.5644006302952159
2021-03-02,0.0,0.0,0.0,0.0006236310165256171,3.020017677069832e-05,0.0,0.0,0.0,0.0012198004307507873,0.009054709898077495,0.01456563689215293,0.049358953824793446,0.16605806806920206,0.32160790875028505,0.5139103318718968,0.5424193570958947,0.5752216265291679,0.5643804273881238
2021-03-03,0.0,0.0,0.0,0.0,0.0,0.0,0.0,0.0004263826467054232,0.0017269390061064433,0.01027558234796037,0.02738691279930304,0.07198216908610201,0.19578173370084573,0.36230913397344255,0.5081819077213752,0.5067614706947958,0.5896017936587998,0.7491363052977806
2021-03-04,0.0,0.0,0.0,0.0,0.0,0.0,0.0,0.0,0.00047602074844858453,0.007220502773591026,0.011858704743091532,0.041442283881353556,0.14391908095630015,0.2971125696314977,0.4613091665522076,0.49725920749771957,0.4992689709314908,0.45166064352517316
2021-03-05,0.0,0.0,0.0,0.0,0.0,0.0,0.0,0.0003788374126767939,0.0014902265087428242,0.0065463981006343265,0.019243630696782827,0.058506539208794596,0.17841021513380748,0.35278932777867894,0.4934310730538273,0.5259009888619837,0.5719968192278361,0.6465796098130276
2021-03-06,0.0,0.0,0.0,0.0,0.0,0.0,0.0,2.9492003224374162e-05,0.0005075383973684269,0.007417549047551391,0.014190506656472281,0.041392715934962195,0.14588229875486547,0.2949715701071142,0.4417893340986772,0.4657940176009148,0.5206357743803357,0.5558191907980295
2021-03-07,0.0,0.0,0.0,0.0,0.0,0.0,0.0,0.0,0.0007923206340392845,0.00733288665149828,0.012718976202026649,0.04862533733525601,0.15560594967487582,0.31451892304238527,0.48948315738864356,0.5052076031505086,0.5594272028221224,0.6050704663493484
2021-03-08,0.0,0.0,0.0,0.0,0.0,0.0,0.0,2.895082447633621e-06,0.0007933429020168286,0.010251850845849356,0.018407225058899922,0.04941555472241835,0.15217988602197524,0.29294229904269686,0.40764852433206394,0.45944936668262776,0.5821039382893904,0.7767978254109111
2021-03-09,0.0,0.0,0.0,0.0005607669950682206,0.0,0.0,0.0,0.0,0.001345944251576103,0.008581412595742025,0.012923501631910524,0.04024418781477748,0.1427120476248633,0.2850082909875717,0.43456479782975943,0.4361352828108299,0.43686157308537826,0.4349983714490421
2021-03-10,0.0,0.0,0.0,0.0,0.0,9.2391210650498e-05,0.0023469553746563176,0.006901390082846409,0.009496914913354956,0.0166631554674808,0.028537670684012452,0.0530341632350251,0.13444420691794834,0.23090666164278262,0.33335644819063714,0.2960915397150709,0.2879602350837735,0.3504330445653961
2021-03-11,0.0,0.0,0.0,0.0,0.0,0.0,0.0,0.0001847976129230622,0.001283497528163675,0.00845240420308295,0.013832834603755992,0.04084227215508065,0.13303616835284476,0.2668472553106292,0.3962714032568025,0.3953046054961412,0.3765252299680323,0.36317075883429717
2021-03-12,0.0,0.0,0.0,0.0,0.0,0.0,8.7982864541329e-08,0.00020787074690872476,0.0021306900056881407,0.009519141995158601,0.020504444260913,0.054346461828556486,0.1679586912173103,0.3026503732842105,0.4231096746351244,0.4138306731495408,0.43626841636415054,0.5021531678661887
2021-03-13,0.0,0.0,0.0,0.0,0.0,1.261571236621411e-05,8.642682731293124e-05,0.00026969998537732724,0.0010592234209392283,0.006439454050720346,0.013029906212516955,0.04127945272901957,0.13316611324173955,0.2631029308121337,0.4026344362901811,0.37868680321496473,0.3604412932281524,0.41615458131702887
2021-03-14,0.0,0.0,0.0,0.0,0.0,1.261571236621411e-05,0.0003269849787219326,0.0005165446442409612,0.0017736214938879752,0.006675291920569327,0.014569014640689286,0.04525834630029455,0.13357902243545897,0.2673528481175902,0.38578903182175633,0.37686970464358405,0.41678860332451056,0.4966815175324467
2021-03-15,0.0,0.0,0.002559465956825205,0.01157660931304197,0.013771742259338924,0.016886201140686338,0.02338594581283156,0.033907793971412775,0.04210862097362701,0.056881611501181456,0.06631376792769243,0.08225611718850424,0.1370946269761389,0.28432364847422004,0.40720036598831033,0.4221213530289107,0.45822098771065417,0.5591480610978239
2021-03-16,-8.91349065668136e-21,2.1755576339836284e-06,0.00023484542327439206,0.0005375852069394036,0.0007297903393108493,0.0008153691058441789,0.0015004414003281386,0.0038307448452531262,0.01272624776116926,0.05149808770517701,0.10526256178702331,0.18956178548057268,0.3225582175840139,0.4684499413725779,0.5920643812406106,0.607009447190072,0.6353037941665399,0.6573535534561531
2021-03-17,-9.075554123166476e-21,2.215113227328785e-06,0.00023911534006119917,0.0005473594834292109,0.0007430592545710466,0.0008301939986777096,0.0015277221530613776,0.003900394751530456,0.012932866836620292,0.05214051165755995,0.10626299989596809,0.19021777889656583,0.3231026182642015,0.46922833302468364,0.593291524709017,0.6086429189782881,0.6366226813761088,0.6572181958155989
2021-03-18,0.0,0.0,0.0,0.0,0.0002815175577647924,0.006557848124585791,0.011238472471784132,0.015687919281564384,0.02067070268346818,0.03701473418163577,0.061096451944696525,0.08919737763247661,0.16465732293677482,0.25962197123052794,0.3369740261742359,0.29782822540190534,0.3112952380657283,0.26818003349208014
2021-03-19,0.0,0.0,0.0,0.0,9.599428466036772e-05,0.0018755000164640647,0.004399032923868791,0.009832968669883094,0.01583645489052198,0.03182817300662232,0.04883689143653481,0.07925143941752094,0.1952546229629077,0.32232770065795424,0.41200610895873213,0.4471386517488263,0.4478129521540962,0.3756995902011592
2021-03-20,0.0,0.0,0.0,0.0,0.0,0.0003600011755776283,0.0001599471419449943,0.001960769852299907,0.003083658651658025,0.014092675931241886,0.025346987799912415,0.06861533240928658,0.1941040119458553,0.3300530201922672,0.45684391261871365,0.5090833802432212,0.5265949874701096,0.4830039583231809
2021-03-21,0.0,0.0,0.003174789975786295,0.005820901224160986,0.009365247681209214,0.007840499075969707,0.004489398242497468,0.016908341331145164,0.021093557880150788,0.03735492780819113,0.07700422967478217,0.1525153258785517,0.2619222842264521,0.3652754699315278,0.4659306604132625,0.49789414613764904,0.5664979284096399,0.6395675177446882
2021-03-22,0.0,0.0,0.0,0.0,0.0,0.0,5.7140362810068574e-05,0.0016388485205091952,0.0037787630210124783,0.020623457160959566,0.0645768561332766,0.16144949837904762,0.2813542554703033,0.3854160779932299,0.48148969950267806,0.52613733935496,0.6162473880329732,0.6395675177446882
2021-03-23,0.0,0.0,0.0,0.0,0.0,0.0,0.0,0.0,0.0021491697141875384,0.009770618801733164,0.01863668188887639,0.05742117438957292,0.18076027561904584,0.3475815786019063,0.4811681151853287,0.49967844908867615,0.5691484399622324,0.5954599335163441
2021-03-24,0.0,0.0,0.0,0.0,0.0,0.0003891071727407848,0.0004307093773259524,0.0009365344083693515,0.0015505114634199477,0.01396267035822175,0.027793717931154472,0.06294867227742881,0.16396086440073324,0.30240313767631305,0.4229324107185438,0.45820553611774273,0.5585693350423072,0.7098423836786744
2021-03-25,0.0,0.0,0.0,0.0,0.0,0.0007819906159939907,0.002351806092920129,0.004528453800460473,0.011357771833244181,0.02132434482089208,0.03912151971029135,0.07580868219180567,0.18861618811951514,0.31430095619380527,0.3802128951785687,0.3825470912147948,0.4539495512992457,0.6136404589421283
2021-03-26,0.0,0.0,0.0,0.0,0.0,0.0007819906159939907,0.002351806092920129,0.004600627933579473,0.011530138087249795,0.021078614697266327,0.03674618665959284,0.07246199901920992,0.17883428630145803,0.2985709266817866,0.3756860457971247,0.37950914057776264,0.47247823852634835,0.6135913947391901
2021-03-27,0.0,0.0,0.0,0.0,0.0,0.0,0.0,0.0011739525400616855,0.002350138878380779,0.011071379928250148,0.01550713661360503,0.04708075493175575,0.15663815956516705,0.2777341874117695,0.4107183593297727,0.4390143565036112,0.44019610680437615,0.45175936416599694
2021-03-28,0.0,0.0,0.0,0.0,0.0,0.0,0.0,0.0006761799104118736,0.0024550572843469965,0.010185823957250586,0.02344667700902856,0.062008315308059885,0.1863016625610634,0.3238088067409192,0.4296313686244498,0.4134676545875904,0.4796605524223727,0.6154724250730327
2021-03-29,0.0,0.0,0.0,0.0,0.0,0.0,0.00027035961337477975,0.0018332675912185559,0.004020844586036563,0.013113039861150814,0.017150158088890855,0.047320459285145416,0.14931069560580038,0.27081855898122126,0.4135728997807579,0.44196039526422387,0.4633974800082035,0.46539627770218184
2021-03-30,0.0,0.0,0.0,0.0,0.0,1.3377425690801557e-05,0.0005624192396659611,0.0008776527051830715,0.0034444088563559115,0.010161025763376654,0.01873447738333249,0.05611384014360062,0.17798881365931388,0.321229934550907,0.44945184003119304,0.4216121083934528,0.4382421138032547,0.6022148702843723
2021-03-31,0.0,0.0,0.0,0.0,0.0,0.0015482745228420193,0.0014572545440593172,0.002208568687004085,0.0031208870298290664,0.012948119497334433,0.02422093433375979,0.059922804791130053,0.1598592036201893,0.2851303407895917,0.39146855729957974,0.4099441901691817,0.5039589709369996,0.7282107848152255
2021-04-01,0.0,0.0,0.0,0.00030422384598240105,4.775581021823453e-05,1.3377425690801557e-05,0.0007312236125095807,0.001576598729206374,0.00387230913261852,0.01090925991725373,0.01920792377146291,0.05669080103736168,0.16442075943129095,0.2995340803107157,0.4203940254339123,0.40124503523011923,0.4128869074817198,0.44379724305729557
2021-04-02,0.0,0.0,0.0,0.0010674906959541475,9.797432646908634e-05,0.00023414849034155216,0.0004861534514086698,0.0007282696080261272,0.002328906502625613,0.010179891270686909,0.01569528133286774,0.04569012363429641,0.1407819275122788,0.2686745414028884,0.38228267805817484,0.365104876340443,0.36055939338842874,0.30399979731870613
2021-04-03,0.0,0.0,0.0,0.0010674906959541475,9.797432646908634e-05,0.00023414849034155216,0.0004861534514086698,0.0008215465784101173,0.0023058994162027803,0.010303369127315217,0.01537037263925116,0.045986954397402136,0.14351864523892585,0.2731914127559544,0.3864106624937098,0.3710676987955962,0.3598491041423202,0.30404212721928026
2021-04-04,0.0,0.0,0.0,0.0016699668589452528,0.000129911812040241,0.0008741878620936496,0.0013764924563672142,0.00342023476509,0.006128894635738669,0.014341277066085964,0.018784642008757024,0.04826435298012634,0.15229021790364639,0.26132853254288374,0.35466741258534473,0.35031259758792677,0.3592511072535666,0.3453412271339057
2021-04-05,0.0,0.0,0.0,0.0016699668589452528,8.954481292717971e-05,0.00043004462731838987,0.0006285207970761374,0.0015965530842001567,0.003963737254087087,0.012305904027395807,0.017397722129504304,0.045568077870148174,0.14380663279593955,0.2610328802087248,0.38693268589516416,0.3731284460959369,0.3595483113503319,0.3453412271339057
2021-04-06,0.0,0.0,0.0,0.0,0.0,0.0008790127417167913,0.0008856924967123928,0.0015467021843440269,0.004204576411177467,0.007545439026788801,0.019216202360660663,0.044355262998629956,0.14348350638552776,0.2766045448948028,0.34436602359680846,0.34984863920370113,0.38057675300133925,0.394184472233359
2021-04-07,0.0,0.0,0.0,0.0,0.0,0.0017725353347297604,0.002296359603905525,0.004784850980371808,0.006129014481435929,0.015036757415835192,0.022041217877073232,0.047380992016746205,0.14918397090960106,0.26520431449284293,0.34607875288024714,0.36549294818199607,0.4114826120414777,0.45013403175650646
2021-04-08,0.0,0.0,0.0,0.0,5.151425779735104e-05,0.004011729715414455,0.0034428912857931157,0.0059747752451894225,0.009820906174905327,0.015670098330247073,0.021661989630329708,0.04502480154899227,0.11023715100096466,0.21142911981805884,0.3135608895787985,0.3307207818396885,0.2934853761759002,0.41835558474286394
2021-04-09,0.0,0.0,0.0,0.0,0.0002561403077533626,0.004806409891786708,0.005308401639019526,0.00756580126710683,0.008869074093935125,0.02059365275019057,0.028389539382190247,0.05948037327465821,0.11567065323296159,0.207226682187118,0.2876823255408685,0.2188255450969798,0.2389693061233815,0.24924920999043243
2021-04-10,0.0,0.0,0.0,0.0,0.0012989087546331757,0.0060207896673833364,0.004464681533457977,0.005117831187948002,0.007843900616059387,0.017357040549147166,0.02805401578055035,0.047141643606472404,0.13598119807755574,0.2392561100762641,0.32482955064805397,0.2543326313387857,0.27816817313760756,0.3139957667336064
2021-04-11,0.0,0.0,0.0,0.0,0.0,0.001014945505832109,0.002061369468801326,0.005167975133857014,0.012440741541244471,0.02658999855976305,0.04360757788521727,0.07333952386019159,0.17282984483462255,0.2788745162722923,0.33973568180346164,0.3241946185976315,0.38986611476077343,0.5314417800375414
2021-04-12,0.0,0.0,0.0,0.0004143542434808918,6.504362782902399e-05,0.000244850047558401,0.0011357707253401624,0.002768693654342563,0.00497776434561653,0.01506527258207133,0.01799356484656234,0.046822483980821214,0.14998777253205856,0.27379051528510084,0.3679726914633616,0.33825506792865234,0.31195877529183047,0.21662792285439217
2021-04-13,0.0,0.0,0.0,0.0,0.0,0.0,0.00044536794024169457,0.0013089391091513076,0.005440835772420645,0.016556120644438985,0.029123740451484338,0.06370268597685542,0.18296244788495844,0.3074572844547318,0.39899839463566117,0.35766243094232864,0.3350450496385615,0.4051865310208539
2021-04-14,0.0,0.0,0.0,0.0007564121742573849,0.0007137566008986102,0.002029386029553019,0.003694446154451353,0.006906014286665159,0.008905914850866187,0.015777154046448773,0.02296421272988784,0.0510455943458466,0.14769374916080336,0.25385873686893523,0.3620399795773824,0.3612663271396438,0.33330119790458945,0.38151862062853226
2021-04-15,0.0,0.0,0.0,0.0,0.0001847681382352882,0.0016208089750802423,0.0023072974124486653,0.003114502368352309,0.007276372357819451,0.015018877078505839,0.021672971771575775,0.055868816302317735,0.16977096985592358,0.3015562684039836,0.403901099690972,0.3746927470109346,0.38116018852597744,0.45492988721817434
2021-04-16,0.0,0.0,0.0,0.0017609982479151476,0.001150551938692077,0.00467853331075489,0.0052148920852412945,0.006091190278158698,0.011206950823024628,0.02358887306187252,0.031093173132210303,0.05782642687045047,0.15135571041305934,0.26982263537421786,0.3540275868109807,0.3516774898997202,0.4160165189308891,0.5450347657358524
2021-04-17,0.0,0.0,0.0,0.0020514196823768066,0.0005008255887540778,0.0016597971284298056,0.002442681222313085,0.0024898671765354553,0.005768342962521552,0.017537451491664663,0.0236569465830503,0.05381125027681129,0.15368323645000836,0.2690552807561431,0.3866576431542736,0.35719976204631637,0.3561434882043342,0.3576087268683318
2021-04-18,0.0,0.0,0.0035166926406870907,0.009143968930784035,0.006225965127402513,0.008666398350301488,0.012528322978796752,0.012168058159969226,0.010913841678152769,0.018532518510201264,0.02462009711534476,0.04417618052470286,0.13473754333314444,0.25215117416365224,0.330429534354064,0.29959069338718597,0.2925146568968087,0.25421591343285854
2021-04-19,0.0,0.0,9.234027204067604e-05,0.0011459306755421015,0.00046382407528824433,0.0017593980262403978,0.0025697193782919714,0.0054608374373830565,0.008101649520641274,0.01660510727315328,0.02109137670383027,0.047243040388633604,0.14116797634097694,0.25062315590959583,0.336949245820172,0.28459543746729266,0.2980951630216177,0.26021755351582954
2021-04-20,0.0,0.0,0.00011530761145355363,0.0018531523176182148,0.0035545822135677847,0.00893244711612347,0.01176502771706602,0.01963223424223768,0.02462038314409566,0.035473170654504206,0.04893025260429836,0.08000832719798698,0.18867458505111565,0.2951476483520247,0.35318225234862827,0.324873625880063,0.3487787894362026,0.5102012764898768
2021-04-21,0.0,0.0,0.0008853129122186712,0.005817715304002042,0.00454392996592998,0.006995345365589129,0.01661856213969782,0.055507904346290556,0.15951119449880202,0.3116658136627867,0.40929163615801456,0.4937513228508682,0.5488736952836456,0.6028853162176676,0.6152851711462797,0.5784381217481944,0.5586040498608131,0.5911532974886886
2021-04-22,0.0,0.0,0.0008822286732701619,0.002143635786870313,0.0011708297037246946,0.0047579345996388266,0.015740300140884424,0.05744020535933027,0.16896988591338674,0.35295316388540493,0.4691540031863848,0.5365423784169697,0.5823566874865964,0.6204444422770191,0.6549219573731772,0.6422185132767848,0.6097133839316928,0.5921107389937582
2021-04-23,0.0,0.0,0.0018327520363089333,0.003330321994285995,0.004177393289239099,0.007744335554277817,0.011844084967048661,0.03428274560405295,0.08806099387851649,0.20683164578035998,0.3305445548550274,0.4209339356540147,0.5112833389953869,0.5853250352689732,0.637107082555876,0.6219962501362775,0.601528270885977,0.5198154742383614
2021-04-24,0.0,0.0,0.0003347862745750142,0.0018535990287024012,0.0015175982665920939,0.0038483652023380273,0.006470162194383404,0.01365047724457799,0.0493381949910794,0.14384324498907952,0.2686834846727591,0.36838202183901614,0.45713366015765755,0.5330541973646662,0.6121439788530062,0.5832658368636939,0.5572924189269496,0.5333992818181265
2021-04-25,0.0,0.0,0.00045944499663686466,0.0014956554846111013,0.005301976421192587,0.01908038886961126,0.019406450589174933,0.02754818405187293,0.05843509884623944,0.14273871262835866,0.23413354624477456,0.32206114711739253,0.4199375136716673,0.5202367955886797,0.5947785068654552,0.597518417980635,0.6560761314756695,0.7562180361240658
2021-04-26,0.0,0.0,0.0008406465998508371,0.0036583075906693294,0.001228341980565425,0.0031978090875238933,0.006074657170499508,0.011911256870677019,0.03319247123070614,0.09305012405895442,0.18024401544929095,0.26699425211210714,0.38130003602757456,0.4657663333283463,0.5548959190815432,0.5097268527214825,0.5317167000342947,0.48242586865896503
2021-04-27,0.0,0.0,0.002456054498356957,0.006127839910681578,0.00524506730531377,0.010819179221017227,0.016605336353747016,0.026183310101159124,0.048904551988958614,0.10462629312721464,0.1700369739266958,0.238757736834688,0.33353343562888954,0.42873653433804787,0.4910535058023275,0.4833641276114882,0.5324082527060566,0.4993937478411739
2021-04-28,0.0,0.0,0.0,0.0019057277369077673,0.0008542149802872645,0.0028082576697228954,0.005429232316040252,0.009437606201666717,0.02397284313243482,0.06861663647969778,0.13157129003270032,0.20948476207383462,0.32827451834315063,0.4218440008071225,0.5252055275209535,0.5083603724641764,0.4927389916196371,0.42366869188257356
2021-04-29,0.0,0.0,0.0,0.0013392697452825932,0.0011322701920662697,0.0026023725441914887,0.004462823348826665,0.012587637170348625,0.028152229303846286,0.07383054914002331,0.13488079403277645,0.20616191888280352,0.3172890611161747,0.4346811365718861,0.5071404878197318,0.4600711616580415,0.4876862841929734,0.4751326188699363
2021-04-30,0.0,0.0,0.0,0.0012510868723577173,0.0014524833460616588,0.004801991528287679,0.0055869360084484015,0.014820486346619163,0.0301462289269717,0.07080319742577496,0.12815267405229835,0.19111181020256776,0.3011927921607425,0.4164293101934097,0.48907652139011537,0.4510104722839266,0.530970186372815,0.6277468081475998
2021-05-01,0.0,0.0,0.00030087407803526767,0.0012243300388490841,0.0011415377009284468,0.002696339314049423,0.003972364170508092,0.008198264529712184,0.017811064457367586,0.040890060733971445,0.0652456455451339,0.10656754871137633,0.20643413903895444,0.3256900181811479,0.4272905964131722,0.42093843522994445,0.4459744171531062,0.4858929523414876
2021-05-02,0.0,0.0,0.00030624682942875456,0.0012461930752571035,0.0011619223027307406,0.0027444882303717345,0.00404329924498145,0.008337048134765875,0.018098280983282967,0.04143674784800735,0.06592169434416659,0.10718514477611338,0.20662436056284925,0.3250361053991426,0.42584610871123996,0.419405881025215,0.44340964257264737,0.48119217818155374
2021-05-03,0.0,0.0,0.0003118149536001865,0.001268851131170869,0.0011830481627803904,0.0027943880163784933,0.004116813776708386,0.008488630828125255,0.018418685714825408,0.04205886139481492,0.06690465779145886,0.10838046951965447,0.2077644565556956,0.3255438060494634,0.4252013258414042,0.4179903659984422,0.44239401842066833,0.48172911517530614
2021-05-04,0.01889430687553527,0.05903219851878868,0.04513293950974913,0.032873713881714416,0.01314516829168355,0.008340412672727608,0.00959611089065535,0.010831084252418677,0.02309222497964729,0.06836157496563401,0.13651428224393802,0.27523801153359617,0.47979852417927127,0.6052269638387898,0.660951048840572,0.6484203323674458,0.667510208661855,0.6548694947776399
2021-05-05,0.0,0.0,0.0,0.0019834082372532998,0.0016526456547340947,0.0029653153598683747,0.006937895869424593,0.009162255774482358,0.019941497287323365,0.060860979718216565,0.12853022361785882,0.2660062827606462,0.47926866994832207,0.6069968965922148,0.6546077006850851,0.620193922942862,0.5993109648646328,0.5983823296368247
2021-05-06,0.0,0.0002669309406498909,0.0007335953197941214,0.0024525928941033018,0.001461588400253206,0.004862661442760359,0.010576581490342088,0.01633121411242095,0.032658689781495935,0.07156801384216173,0.1297811040517627,0.23307547851270197,0.4003781586310485,0.5355752634490933,0.6008227531188831,0.594504488211586,0.6096611621767529,0.6240880047823651
2021-05-07,0.0,0.0002669309406498909,0.0007335953197941214,0.002591598473367541,0.0015337583256645798,0.0053517131238147945,0.012104226505481956,0.020327421437559674,0.036980435336819224,0.07419380816118683,0.12997099306874837,0.23163966297162614,0.39768884587399816,0.534033420235854,0.5994496855414854,0.5934156201934399,0.6084371814171587,0.6097916671594907
2021-05-08,0.0,0.001964335280284773,0.0026161963402249887,0.0049382381899749994,0.010867865045881383,0.014253462105809807,0.014794115110780834,0.018152512516553154,0.029477473888548975,0.0607250997522323,0.09235964446202148,0.16753442817687395,0.30637660449039106,0.4418664322087522,0.5547629343012885,0.5646794760634664,0.6441871098138964,0.726029487845055
2021-05-09,0.0,0.0007259135492389026,0.0019130391533989397,0.0048304179032103356,0.01012881854554615,0.011720648745565273,0.012867319680731574,0.015831098294949757,0.025684828759995622,0.05697751250292844,0.09010319039679605,0.1691109916849088,0.32778834653884625,0.4737012605489073,0.5704044186470807,0.5786951144357271,0.5985785350386716,0.6545956553090597
2021-05-10,0.0,0.0,1.8755898717867e-05,0.004389697645206683,0.007277824610463528,0.010470810511131454,0.011137165789295888,0.014559627129671626,0.022902862674446082,0.049715029537796,0.07654962147129585,0.15257317224050193,0.3116355733299344,0.4547568386293151,0.5523405649197419,0.5419661042803313,0.5369622454636481,0.6046974040856584
2021-05-11,0.0,0.0001247225786203919,0.003588595404304735,0.009447784130314408,0.016242619845862775,0.026493429204759923,0.02744283273063807,0.030066025938848003,0.04139574285366622,0.07491371039061115,0.10952144778007912,0.1804540440200783,0.3353073438251606,0.48057344469446284,0.5782511411008588,0.5887571685871775,0.6380589482727393,0.5192046791064583
2021-05-12,0.0,0.0,0.0022414097380902835,0.0068372331047058,0.008193915155390972,0.009470755811376014,0.010118688607818432,0.015556762142466023,0.02241900875192123,0.043117854125055324,0.06990199611756623,0.13085283458291191,0.28588214289647473,0.42011250486183044,0.5269925290007194,0.5239946647736478,0.573285904132363,0.482174649134148
2021-05-13,-1.9085356464894201e-19,0.020947666141486767,0.030649347317519764,0.03221192471781259,0.027165160018997412,0.022985072658378663,0.02375422961308399,0.03006262571759481,0.0365748630053177,0.05254306843471269,0.08954007239007511,0.16275284008666485,0.29732021591449154,0.41744674974931817,0.5068190695735082,0.49447058160239216,0.5188654070219215,0.4201050755918635
2021-05-14,0.0003498945717691716,0.0015431240361059128,0.0018929227869033149,0.0029667786126657586,0.0027586161220011147,0.004696329606684075,0.00628902820427457,0.011210296320774001,0.022988396307503236,0.05150838651418309,0.0833010606584205,0.1365733781796077,0.24878556129332163,0.3651812033135003,0.45511475037260496,0.4456143641669873,0.4688759001206679,0.49411172568586775
2021-05-15,0.0003498945717691716,0.0015431240361059128,0.0018929227869033149,0.0029667786126657586,0.0027586161220011147,0.004696329606684075,0.00628902820427457,0.011210296320774001,0.022988396307503236,0.05150838651418309,0.0833010606584205,0.1365733781796077,0.24878556129332163,0.3651812033135003,0.45511475037260496,0.4456143641669873,0.4688759001206679,0.49411172568586775
2021-05-16,0.0003498945717691716,0.0015431240361059128,0.0018929227869033149,0.0029667786126657586,0.0027586161220011147,0.004696329606684075,0.00628902820427457,0.011210296320774001,0.022988396307503236,0.05150838651418309,0.0833010606584205,0.1365733781796077,0.24878556129332163,0.3651812033135003,0.45511475037260496,0.4456143641669873,0.4688759001206679,0.49411172568586775
2021-05-17,0.00035649635614217487,0.0015722395839569679,0.0019286383111845097,0.0030227555676217164,0.002805353830760291,0.00466120661578027,0.006195642463378162,0.011125812868683615,0.023032126375881253,0.051781851652533045,0.08372001553981152,0.13746726498238376,0.25037288654533196,0.3671728869377073,0.4573438206404987,0.4484027818795361,0.4718491201594403,0.49837458780273164
2021-05-18,0.00036335205529875516,0.0016024749605715249,0.0019657275094765196,0.0030808854823836727,0.00285745689895452,0.00471477789653635,0.006230192646830265,0.011150675257122088,0.023170504673676626,0.05216557624187748,0.08439084484948992,0.13858680008940036,0.25143285315268626,0.3680352943661641,0.45821569971130194,0.4484270920743574,0.472311354159543,0.5007337223719927
2021-05-19,0.00037047660540265233,0.0016338960382297901,0.0020042711861329218,0.0031412950016460974,0.002913485465600687,0.004800165675378679,0.006349217068494682,0.011330869480746051,0.023564364399598556,0.052912103698948755,0.08554856753673654,0.13995878965175554,0.2525569480783104,0.3687800448401621,0.4582425974974311,0.44723775309065417,0.4712469691926692,0.5010813648043223
2021-05-20,0.00037788613751070537,0.0016665739589943858,0.0019808608103398543,0.0030877028771958,0.0027844502212885165,0.004739359007366858,0.006386413445014627,0.011219320043738068,0.023613780529987513,0.053223247216763914,0.08571945429397562,0.1397076589272196,0.25236964135534756,0.36885013633833474,0.4580888362391145,0.44622462522971434,0.4693419500083298,0.49831164174551495
2021-05-21,0.00038559809950071975,0.001700585672443251,0.0020212865411631167,0.003150717221628367,0.00284127573600869,0.0048360806197621,0.006515582283426965,0.011414839870742741,0.02401857680568088,0.05388854905463747,0.08615093588909192,0.13926394791799862,0.2517781186183076,0.3685120558963981,0.45761126760108256,0.44459375351287256,0.46634387984456155,0.49542886876594
2021-05-22,0.0003936313932403181,0.001736014540619152,0.0020633966774373483,0.0032163571637456247,0.0029004689805088714,0.004936832299340477,0.00665132358099836,0.011652649034716548,0.024474189453420326,0.05480767260157298,0.08755748284742976,0.14096900569984083,0.2532576570141256,0.36894810750670004,0.4571204999430775,0.44344615568837664,0.4642021181754434,0.4933448882503066
2021-05-23,0.0004020065292667078,0.0017729510202067935,0.0021072987344041,0.003284790294889149,0.0029621810864771453,0.005033592408417067,0.006783677074693517,0.011880651473574998,0.024961927282994803,0.05567671520249535,0.08882905231373349,0.1426290127939347,0.25515758877185735,0.3703639579286232,0.45784790609679094,0.44313212631753907,0.4621943050506165,0.4887385585603413
2021-05-24,0.00041074580164207104,0.00181149343368955,0.0021531095764563634,0.003356198779560652,0.003026576327487518,0.005126018534339308,0.006880022096036417,0.01204048185777314,0.025257669792771987,0.05642350586296498,0.08990965084859093,0.1440816286765897,0.2566041409599517,0.3715827188359018,0.45953562372544793,0.4444491922980335,0.4623735388278202,0.4860232998563894
2021-05-25,-9.5426782324471e-19,0.0,0.014149610004261255,0.029998765783637533,0.06871580142050415,0.15611653341750753,0.23710540324536095,0.39740471554460727,0.5645495144409365,0.7158391586264893,0.8041287311167922,0.828501678788508,0.7800430821695794,0.7830707461734179,0.8284401710348003,0.8207798438937197,0.8312711666099175,0.7607200945823092
2021-05-26,-9.5426782324471e-19,0.0,0.000675043648804584,0.012972952403711895,0.041983946287245215,0.09336788210083066,0.1796280678584329,0.34544659564896907,0.5134476620594824,0.6806878070134106,0.7767109307441286,0.8181050941573275,0.7766701629708943,0.7757107575502881,0.8109740163777404,0.8221055767280456,0.8381886672819062,0.7926464871637724
2021-05-27,-9.5426782324471e-19,7.554501977718309e-05,0.004883493031326076,0.03388768288235917,0.07286179698524596,0.12495078988748931,0.17233477084469545,0.2884475983264743,0.44870037340356383,0.6257403983619086,0.7262211938823551,0.7959502035569537,0.780480712891963,0.7561769571195455,0.7853400449551243,0.8013530036760685,0.814066840143594,0.7533176345618009
2021-05-28,0.0004198734861230059,0.001853427621544366,0.0026389152711418806,0.005138767665099969,0.0071729790168315825,0.013543334830432036,0.020065046503552657,0.035041712155607634,0.059293204034121784,0.10138443945009512,0.14111232525349646,0.19647645260181656,0.2993311030701495,0.4052629121662008,0.48741742778235925,0.47144332717942633,0.48659949071897446,0.5003897010671422
2021-05-29,0.0004294160653530742,0.0018955509765794653,0.0026988906182132868,0.005255557839306786,0.007336001267214118,0.013850833862357971,0.020508288032277357,0.035818168052208194,0.06056249483361646,0.10345769885206599,0.14389363997781837,0.1996665119758669,0.30208888237494125,0.4071727525665484,0.4882802820494312,0.4725758548791076,0.4876985220125135,0.4980754926758415
2021-05-30,0.0004394024854775643,0.0019396335574301505,0.0027616555163112702,0.005377780114639502,0.007506605947847004,0.014136939893509505,0.02095133532270103,0.036599786642096656,0.06189834617789059,0.10556257279054812,0.1466767261555872,0.20291636563132592,0.30539654932272614,0.41001094818926836,0.4905317175087301,0.4740324052211989,0.4873203720375255,0.4927235091377163
2021-05-31,0.0004498644494175063,0.001985815308797535,0.0028274092190805865,0.005498579073417052,0.007684197617790546,0.014473215190362335,0.021432766553896063,0.03743367206859405,0.0632799184884923,0.10781622309705512,0.14971169764092349,0.20639792669308696,0.30875311574871267,0.41264134980542433,0.4922016625581305,0.47576543784003406,0.4890925973840923,0.4938884202348691
2021-06-01,0.00046083675306183577,0.0020342498285243044,0.0028963704195459667,0.005606654399696635,0.00786922745416424,0.014820509500118938,0.021943659556395757,0.03832892578714448,0.06476652853692808,0.11019759704403972,0.15298039072160777,0.21031762920671598,0.3128499739983818,0.41615273537621794,0.49488261339959283,0.47846447592538993,0.49222755357910847,0.49851985006209265
2021-06-02,0.0,0.0,0.0031750486142198145,0.02749398821837286,0.04118019924018435,0.0709235574445953,0.09638702426570141,0.20189098295430732,0.43300906337499295,0.7331157186833989,0.8742820057408233,0.9231843763470208,0.9160973137495678,0.9055851175806795,0.8972845741986912,0.8709788729644401,0.8550063696477425,0.8533635972328016
2021-06-03,0.0,0.0,0.0032433600193288374,0.03334921923078914,0.05805441509870798,0.09497346660160594,0.11555262569362199,0.2141915591012382,0.4145031546284114,0.7060836007670023,0.8508280384799278,0.9109774763815971,0.9114816927476448,0.9035742402062223,0.8952079244417483,0.8690656680576815,0.8551894189376736,0.8542283980230678
2021-06-04,0.00047235767188838165,0.002085106074237412,0.003129239895873332,0.0071577153355719845,0.010538887725204742,0.0192999883142831,0.027728463126667435,0.04954325412251923,0.08726353391778567,0.1480087562008808,0.19864383317572892,0.2579341316239074,0.3553703111123089,0.45189671706760687,0.5238667221762382,0.5065644827870913,0.5203219240645661,0.5288045316578643
2021-06-05,0.0004844694070650068,0.0021385703325511917,0.003209476816280341,0.007341246498022549,0.010809115615594608,0.019772321021271983,0.02841673929666629,0.0507739349414468,0.08939325077692947,0.1516103797181652,0.20324454165816655,0.2634105128707094,0.36080330610530326,0.45639138814896085,0.5284693041910954,0.510582837750768,0.5239051335790078,0.5322563280533645
2021-06-06,0.0004972186019877702,0.0021948484991972756,0.0032939367324982443,0.007534437195338931,0.011093566026531308,0.02024599959197046,0.029104117709633674,0.051984173993054036,0.09158441488996878,0.1552044224103318,0.20801305017872163,0.26909550026160317,0.36637223597887436,0.46142262692938496,0.5332690555413809,0.5144009927394199,0.5268636209878902,0.5344174411138082
2021-06-07,0.002642936784552179,0.03311615464917837,0.03279617693648444,0.05457485038391494,0.0664837114567769,0.16879163794063806,0.37971420814530327,0.6624718569788888,0.8015016490527449,0.8673027887592989,0.8883256292765911,0.8996537559123096,0.90642143480412,0.8969827273934913,0.8832801517606791,0.8683911810571183,0.8689419006497597,0.8496054166956722
2021-06-08,-1.189164518197254e-18,0.008320109662681617,0.023989224177039067,0.0494785506302694,0.06706269912856942,0.15783508165948357,0.36568961522411364,0.6684454828516937,0.8119721043512415,0.8796421459669331,0.9131582212884506,0.9223740855713143,0.9113994055625848,0.8969194052353213,0.8828543093508943,0.864139394293735,0.8476925564134526,0.8496054166956722
2021-06-09,-1.189164518197254e-18,0.006675390196255815,0.023210563294766826,0.08427181265359972,0.1144842325500116,0.1823782061148114,0.3690815955695765,0.6538946960915378,0.7772667827920479,0.8407741223267694,0.855394529459232,0.8716208571773219,0.8689971766307183,0.8735429045596549,0.8756571861256081,0.8623755791040721,0.8661762533143393,0.8496054166956722
2021-06-10,0.0005820876664888498,0.0035544837156111426,0.005545015141708746,0.012827941272720635,0.01805350240063145,0.03412159555214578,0.05959904183724327,0.10638876391416412,0.15762091025915415,0.22716963022854764,0.28215300443614616,0.34308895584625815,0.4344390307310418,0.5206680657338206,0.584870467844283,0.5679478459913458,0.578463225343776,0.5768550451596564
2021-06-11,6.36368471373265e-08,0.0012692895903503715,0.0033688523469404975,0.023309539596460562,0.04455764751923766,0.08263385644529743,0.17175246158626764,0.3723376002577099,0.5662249519366236,0.7483234346043605,0.8515932586876747,0.8944634247596681,0.8769575291276498,0.8513384637604509,0.855896122701579,0.8465101403662673,0.851224921802252,0.8976208998114962
2021-06-12,6.363684713745417e-08,0.0004756928099676408,0.014698005807414474,0.047493012570986405,0.07894373409810751,0.1304841610925184,0.18560756776346074,0.3576704489512001,0.5457080919949255,0.7278556586526962,0.845404537565453,0.8938284377392329,0.8801299692645499,0.8639825089499099,0.863102003178324,0.8543292947676191,0.8686675415166882,0.8949224131038858
2021-06-13,0.042126305234205276,0.01621053523659776,0.03016463890414209,0.030731280940728092,0.04165798947211851,0.0671191735631779,0.10769026084306786,0.24893338401706633,0.4302551782177703,0.6464152081985345,0.8214868046101226,0.9133895300093855,0.9166367621497077,0.89183348085912,0.8762974348941962,0.8555297142861332,0.8169597974129728,0.7799679900982412
2021-06-14,0.042126241597358116,0.017384014938494084,0.03362824548126346,0.029241079993370802,0.03057973326878353,0.04967859228765773,0.09568457054069887,0.22608264771545827,0.3951415659138913,0.6262370592265714,0.8061946134486052,0.9045344728021407,0.911139994542856,0.8854356111552937,0.875538343405372,0.852619347309717,0.8139794524300843,0.7569774666720005
2021-06-15,0.0029386088268151416,0.004634873057028393,0.007972925077305114,0.01673547154240433,0.023933460357665443,0.04399559001264163,0.07647504539982702,0.14225608350191213,0.2147637674861713,0.30744726060347466,0.3789303532088207,0.4451455895596024,0.5238149372857364,0.5930784182358102,0.6451139295066551,0.6288751315413403,0.6382358144608297,0.629717436475975
2021-06-16,0.0444317365742513,0.027920170155419824,0.02438293905507524,0.028316967599208015,0.03317397624590803,0.05396139456852446,0.0854932011895543,0.21263456218676483,0.3746583469484328,0.5833106982027225,0.7342253441594574,0.8153724904228897,0.8278781284298785,0.8226328638964485,0.8180240541206636,0.7708235784385438,0.7770270171637897,0.8543669545321213
2021-06-17,0.02791876004190837,0.024354375993964738,0.017645611455873247,0.025149545677408083,0.03224210580687222,0.04646987493510949,0.07654083274712599,0.19785105627842875,0.3616331660723367,0.5761197714784533,0.7305424705311292,0.8142065440178928,0.8181955756992829,0.800436132949235,0.792045728678616,0.738988706861326,0.7011906104283752,0.6983035495511346
2021-06-18,0.02068544206760992,0.0267993645634184,0.03058593634269513,0.024190858242544137,0.03922153646765818,0.06172293024398854,0.09677368821782381,0.19686155544136721,0.34719525720911476,0.5608680517849739,0.7186868287593129,0.8126745302960533,0.8084357551731344,0.7949152544469509,0.791577658896024,0.745177203227982,0.7334165592146797,0.7498612719084431
2021-06-19,0.16143034150651644,0.07438336221596166,0.06467893932802067,0.04621675595335654,0.05708547991293012,0.08414274608882384,0.11230997944559622,0.1969105103120836,0.3383614350255959,0.5594653223328648,0.7397492970208657,0.8466111506792281,0.8761215885242408,0.878300966650076,0.8688295275606979,0.8439003356433713,0.8175618118805738,0.7969677718968537
2021-06-20,0.16142129674628844,0.07641865005797455,0.0660895910363222,0.03920633522576165,0.04248142438126654,0.058583999659546714,0.08524307229257058,0.14962033491442248,0.2913749753729499,0.5453319237541696,0.7405966367488259,0.856973559530976,0.8925326395566274,0.8891173324661782,0.8729108439288571,0.8419174519303482,0.8077079739899433,0.7934693908047447
2021-06-21,0.014905071277197703,0.011335181515421752,0.01385475536832287,0.021240046157932593,0.02998140397188353,0.05302716758185054,0.08993707984883982,0.16921136909943305,0.25905238606894276,0.37544085496573015,0.46595854229674893,0.5404441999839072,0.609457363020691,0.6641691025491987,0.7054303848922242,0.6883827387938282,0.6957012503404502,0.6856368327154015
2021-06-22,0.015343455726527047,0.011668569207051803,0.014208343701617398,0.021766802750981022,0.030740345462549543,0.0543590155826615,0.09223393263948072,0.17317985802576777,0.26408154466277883,0.38039994935353516,0.46994130663327016,0.5439592077583159,0.6123448343155529,0.6664880457044995,0.7074398937844698,0.6903352825778738,0.6984710438538171,0.690513931494138
2021-06-23,0.0158084089303612,0.012022162213326101,0.014628754532739895,0.022370233166807647,0.031625883256366435,0.05588964135176221,0.09483283477418065,0.17801408168580382,0.27058891889525455,0.38756833433427623,0.4760400285108614,0.5492797285437492,0.6170482032294284,0.6705314956541913,0.710327648782393,0.6935798112358792,0.7027491840031159,0.6952749814843202
2021-06-24,0.016302421709434987,0.012397854782492541,0.015071545455743114,0.02302256371937629,0.03244850534496562,0.05703993049182943,0.09718990927996207,0.18271614098686417,0.2772187257717863,0.39521926001258617,0.4835996060816766,0.5563803092133228,0.6232079122781085,0.6752282050312386,0.7139385594672972,0.6965817297751056,0.7042077168945987,0.6933705110268281
2021-06-25,0.016828306280707084,0.012797785581927784,0.015530606709158994,0.023647217142882967,0.03345560738897853,0.058776773117774773,0.10012911096091248,0.18822597595835408,0.2850905404344018,0.40496665149496136,0.4933852702956245,0.565715343313362,0.631011392157158,0.6819850396022996,0.7190689672216765,0.7026093064542548,0.7097719432449311,0.7001751769096625
2021-06-26,0.01738924982339732,0.01322437843465871,0.015966425116185727,0.024231196383956346,0.03439595872510069,0.06037535958100002,0.10291323678115134,0.1936273981535939,0.29296340671591653,0.41497799677388625,0.5041635468412555,0.5766139301959845,0.6409273240414335,0.6904266564444413,0.7266694826023214,0.7099174790823468,0.7156840662628936,0.7068678912119454
2021-06-27,0.07820902988321146,0.08189933566953153,0.1276709896918795,0.31421523951778985,0.592463421719867,0.8074792535792653,0.8919834582611836,0.8955703249050992,0.8889668097156302,0.8820936752167046,0.8780615139526202,0.866325875438792,0.8517916962842734,0.8407118787588299,0.8291992829745668,0.8182640063592308,0.8139824704611167,0.7963615733462658
2021-06-28,0.1392110463255475,0.14513282585099277,0.18772836947710644,0.3460508385687043,0.594338587004097,0.7869995634578951,0.8760780355535182,0.8875114421382503,0.8869335014121148,0.8856612208619199,0.8783510874399167,0.8670053071117626,0.8474526744430946,0.828932824504825,0.8256969487362263,0.8216997239528253,0.8337282932084854,0.8504971957405407
2021-06-29,0.11033325970486607,0.09962222394600598,0.18456877273006017,0.32445452320649937,0.5620640420872964,0.726376392043255,0.8313478098401826,0.8606375212689025,0.8681483348621087,0.8772366737785317,0.8818671653819706,0.8768456729147105,0.8606029078330999,0.8459742438216433,0.829132156851934,0.8146960637360792,0.8061132449633769,0.7835916768094539
2021-06-30,0.028314361020518153,0.02411285795020972,0.0326320295128206,0.05690534694857119,0.09257686146819552,0.13739677915894044,0.18904424718053697,0.28052318344004784,0.37835598487013655,0.49603603633427495,0.57895271379648,0.6433945423395199,0.694697020939447,0.7318488064282039,0.7587563443300522,0.7444247386704134,0.7470983511444788,0.7369979687784838
2021-07-01,0.10167936341772245,0.0561954664943797,0.06636528350191602,0.1519563105660256,0.34770718028962266,0.5632702457299973,0.7531334290025599,0.8664656458281512,0.9028945090348147,0.9074922213777736,0.9064586251277326,0.9009216258086311,0.8827607497322755,0.8689765444054045,0.8515487477875914,0.8377165869679203,0.8308920729878179,0.8476705304318002
2021-07-02,0.10167936341772245,0.0561954664943797,0.06636528350191602,0.1519563105660256,0.34770718028962266,0.5632702457299973,0.7531334290025599,0.8664656458281512,0.9028945090348147,0.9074922213777736,0.9064586251277326,0.9009216258086311,0.8827607497322755,0.8689765444054045,0.8515487477875914,0.8377165869679203,0.8308920729878179,0.8476705304318002
2021-07-03,0.0333514596959824,0.025056273321814912,0.034405113318667774,0.06381288115185395,0.11159919472043316,0.16903559527598325,0.2312257471784056,0.32702566808404254,0.42365730126432516,0.5363775470263924,0.6143543349001911,0.6718852100086858,0.7137623743054415,0.7447803328328432,0.7678979605366509,0.7535404839251868,0.75507175714994,0.7467874396593701
2021-07-04,0.034463175019181815,0.025891482432542075,0.03555195042929003,0.06587386358234064,0.1152640796892898,0.17457127127318708,0.23870200888870496,0.3376211151610279,0.4371144947302252,0.5522280992699982,0.6305484719429355,0.6854145075836205,0.7215788311173454,0.7493731140408642,0.7716743025317031,0.7579853692912644,0.7602637835594503,0.7517342766601216
2021-07-05,6.363684710898123e-08,0.001071742136316298,0.012434121535191987,0.06508875458952608,0.18420699316359262,0.3272452149184652,0.4607312164753296,0.6298293199804784,0.7560263829467545,0.8523437146650047,0.8912061280908782,0.9087584434974312,0.8978675346462608,0.8870793254619147,0.8702235953233806,0.8455719029507057,0.8256193754609076,0.772876109215347
2021-07-06,0.03565156255904488,0.02680283976659582,0.037156049785320854,0.07021587829973361,0.1254873805902196,0.19152306822577597,0.26203829914278115,0.3697173841124598,0.4758559344736274,0.5956353403710896,0.6740657996296011,0.7243613286041972,0.7499022573676406,0.7689194504483756,0.7869027666418658,0.7723176852856417,0.7729460185741555,0.7617594736923152
2021-07-07,0.03692483265043934,0.0276899292125355,0.03838961597978856,0.07254722258936784,0.12958093471680313,0.19785412558720333,0.2708684485724955,0.3822732723837422,0.4917980223516659,0.6147392775360488,0.6948410194570147,0.7442480036194586,0.7657424592561137,0.780599915385505,0.7951934749397435,0.7797333356150052,0.7775445510298791,0.7630355446154317
2021-07-08,0.03829241904490006,0.028688596459324266,0.03974060030669188,0.07505525239255885,0.1340050871675904,0.20474795806281956,0.2804240459388571,0.3958452047574012,0.5090614739661723,0.6353971206854238,0.7172387168296154,0.7655493744318496,0.7819629819493459,0.7919665322313049,0.8035189955431754,0.7871791956586821,0.7841729219925163,0.767051836811964
2021-07-09,0.024522386814195777,0.006823070026899298,0.018997395698633786,0.027529422563293268,0.06751476143623013,0.16336251650121175,0.2776980642590146,0.4365452307916425,0.5879878188426623,0.7406248428924513,0.8399479823700047,0.8887711491864624,0.8793313708661141,0.8485115673396164,0.8454891242362187,0.8054781783355631,0.7535610031787979,0.7317454140121955
2021-07-10,0.024522386814195777,0.004028447971796278,0.006218892713357378,0.015597114863272976,0.05654385657342974,0.14829710811481828,0.25911360842163245,0.4248062079420967,0.5819491353940796,0.7352464197421081,0.8378483100112958,0.8870789912851906,0.8782226785260628,0.845833203332498,0.8461524776193979,0.8047121557295428,0.7527474101735574,0.7317454140121955
2021-07-11,0.08276909342899161,0.06843741568271336,0.05358769697919436,0.050211653882210015,0.08297502120738162,0.1568877877451168,0.26661769276205366,0.4441541168020041,0.5874976187651394,0.7335419900734362,0.8228087320993648,0.8761462013439659,0.8715680589218503,0.8461573590500191,0.8373304099497364,0.8049928109165813,0.7741721743584178,0.7974474144457783
2021-07-12,0.0842571911761531,0.06944485359083996,0.06183926799459808,0.054856940253910705,0.07500604287169793,0.14225952158557825,0.24897604844673865,0.4192396070862278,0.571281039722476,0.7241717704618669,0.8158524661581561,0.8680956123372457,0.8669221342448924,0.8436683303512376,0.8363612142894942,0.804399232726013,0.7470091285117394,0.7974474144457783
2021-07-13,0.033828123911470616,0.02257286743249409,0.02837204327093296,0.03240736584041473,0.05498071355577251,0.13031305160934234,0.24100842820694687,0.3983614779566189,0.5474175229015081,0.7034215058749212,0.7985885384584044,0.8460297549025978,0.842696260021872,0.8291462519316303,0.8248406734099667,0.7731609897666091,0.7035808110099234,0.7144035169396552
2021-07-14,,,,,,,,,,,,,,,,,,
2021-07-15,,,,,,,,,,,,,,,,,,
2021-07-16,,,,,,,,,,,,,,,,,,
2021-07-17,,,,,,,,,,,,,,,,,,
2021-07-18,,,,,,,,,,,,,,,,,,
2021-07-19,,,,,,,,,,,,,,,,,,
2021-07-20,,,,,,,,,,,,,,,,,,
2021-07-21,,,,,,,,,,,,,,,,,,
2021-07-22,,,,,,,,,,,,,,,,,,
2021-07-23,,,,,,,,,,,,,,,,,,
2021-07-24,,,,,,,,,,,,,,,,,,
2021-07-25,,,,,,,,,,,,,,,,,,
2021-07-26,,,,,,,,,,,,,,,,,,
2021-07-27,,,,,,,,,,,,,,,,,,
2021-07-28,,,,,,,,,,,,,,,,,,
2021-07-29,,,,,,,,,,,,,,,,,,
2021-07-30,,,,,,,,,,,,,,,,,,
2021-07-31,,,,,,,,,,,,,,,,,,
2021-08-01,,,,,,,,,,,,,,,,,,
2021-08-02,,,,,,,,,,,,,,,,,,
2021-08-03,,,,,,,,,,,,,,,,,,
2021-08-04,,,,,,,,,,,,,,,,,,
2021-08-05,,,,,,,,,,,,,,,,,,
2021-08-06,,,,,,,,,,,,,,,,,,
2021-08-07,,,,,,,,,,,,,,,,,,
2021-08-08,,,,,,,,,,,,,,,,,,
2021-08-09,,,,,,,,,,,,,,,,,,
2021-08-10,,,,,,,,,,,,,,,,,,
2021-08-11,,,,,,,,,,,,,,,,,,
2021-08-12,,,,,,,,,,,,,,,,,,
2021-08-13,,,,,,,,,,,,,,,,,,
2021-08-14,,,,,,,,,,,,,,,,,,
2021-08-15,,,,,,,,,,,,,,,,,,
2021-08-16,,,,,,,,,,,,,,,,,,
2021-08-17,,,,,,,,,,,,,,,,,,
2021-08-18,,,,,,,,,,,,,,,,,,
2021-08-19,,,,,,,,,,,,,,,,,,
2021-08-20,,,,,,,,,,,,,,,,,,
2021-08-21,,,,,,,,,,,,,,,,,,
2021-08-22,,,,,,,,,,,,,,,,,,
2021-08-23,,,,,,,,,,,,,,,,,,
2021-08-24,,,,,,,,,,,,,,,,,,
2021-08-25,,,,,,,,,,,,,,,,,,
2021-08-26,,,,,,,,,,,,,,,,,,
2021-08-27,,,,,,,,,,,,,,,,,,
2021-08-28,,,,,,,,,,,,,,,,,,
2021-08-29,,,,,,,,,,,,,,,,,,
2021-08-30,,,,,,,,,,,,,,,,,,
2021-08-31,,,,,,,,,,,,,,,,,,
2021-09-01,,,,,,,,,,,,,,,,,,
2021-09-02,,,,,,,,,,,,,,,,,,
2021-09-03,,,,,,,,,,,,,,,,,,
2021-09-04,,,,,,,,,,,,,,,,,,
2021-09-05,,,,,,,,,,,,,,,,,,
2021-09-06,,,,,,,,,,,,,,,,,,
2021-09-07,,,,,,,,,,,,,,,,,,
2021-09-08,,,,,,,,,,,,,,,,,,
2021-09-09,,,,,,,,,,,,,,,,,,
2021-09-10,,,,,,,,,,,,,,,,,,
2021-09-11,,,,,,,,,,,,,,,,,,
2021-09-12,,,,,,,,,,,,,,,,,,
2021-09-13,,,,,,,,,,,,,,,,,,
2021-09-14,,,,,,,,,,,,,,,,,,
2021-09-15,,,,,,,,,,,,,,,,,,
2021-09-16,,,,,,,,,,,,,,,,,,
2021-09-17,,,,,,,,,,,,,,,,,,
2021-09-18,,,,,,,,,,,,,,,,,,
2021-09-19,,,,,,,,,,,,,,,,,,
2021-09-20,,,,,,,,,,,,,,,,,,
2021-09-21,,,,,,,,,,,,,,,,,,
2021-09-22,,,,,,,,,,,,,,,,,,
2021-09-23,,,,,,,,,,,,,,,,,,
2021-09-24,,,,,,,,,,,,,,,,,,
2021-09-25,,,,,,,,,,,,,,,,,,
2021-09-26,,,,,,,,,,,,,,,,,,
2021-09-27,,,,,,,,,,,,,,,,,,
2021-09-28,,,,,,,,,,,,,,,,,,
2021-09-29,,,,,,,,,,,,,,,,,,
2021-09-30,,,,,,,,,,,,,,,,,,
2021-10-01,,,,,,,,,,,,,,,,,,
2021-10-02,,,,,,,,,,,,,,,,,,
2021-10-03,,,,,,,,,,,,,,,,,,
2021-10-04,,,,,,,,,,,,,,,,,,
2021-10-05,,,,,,,,,,,,,,,,,,
2021-10-06,,,,,,,,,,,,,,,,,,
2021-10-07,,,,,,,,,,,,,,,,,,
2021-10-08,,,,,,,,,,,,,,,,,,
2021-10-09,,,,,,,,,,,,,,,,,,
2021-10-10,,,,,,,,,,,,,,,,,,
2021-10-11,,,,,,,,,,,,,,,,,,
2021-10-12,,,,,,,,,,,,,,,,,,
2021-10-13,,,,,,,,,,,,,,,,,,
2021-10-14,,,,,,,,,,,,,,,,,,
2021-10-15,,,,,,,,,,,,,,,,,,
2021-10-16,,,,,,,,,,,,,,,,,,
2021-10-17,,,,,,,,,,,,,,,,,,
2021-10-18,,,,,,,,,,,,,,,,,,
2021-10-19,,,,,,,,,,,,,,,,,,
2021-10-20,,,,,,,,,,,,,,,,,,
2021-10-21,,,,,,,,,,,,,,,,,,
2021-10-22,,,,,,,,,,,,,,,,,,
2021-10-23,,,,,,,,,,,,,,,,,,
2021-10-24,,,,,,,,,,,,,,,,,,
2021-10-25,,,,,,,,,,,,,,,,,,
2021-10-26,,,,,,,,,,,,,,,,,,
2021-10-27,,,,,,,,,,,,,,,,,,
2021-10-28,,,,,,,,,,,,,,,,,,
2021-10-29,,,,,,,,,,,,,,,,,,
2021-10-30,,,,,,,,,,,,,,,,,,
2021-10-31,,,,,,,,,,,,,,,,,,
2021-11-01,,,,,,,,,,,,,,,,,,
2021-11-02,,,,,,,,,,,,,,,,,,
2021-11-03,,,,,,,,,,,,,,,,,,
2021-11-04,,,,,,,,,,,,,,,,,,
2021-11-05,,,,,,,,,,,,,,,,,,
2021-11-06,,,,,,,,,,,,,,,,,,
2021-11-07,,,,,,,,,,,,,,,,,,
2021-11-08,,,,,,,,,,,,,,,,,,
2021-11-09,,,,,,,,,,,,,,,,,,
2021-11-10,,,,,,,,,,,,,,,,,,
2021-11-11,,,,,,,,,,,,,,,,,,
2021-11-12,,,,,,,,,,,,,,,,,,
2021-11-13,,,,,,,,,,,,,,,,,,
2021-11-14,,,,,,,,,,,,,,,,,,
2021-11-15,,,,,,,,,,,,,,,,,,
2021-11-16,,,,,,,,,,,,,,,,,,
2021-11-17,,,,,,,,,,,,,,,,,,
2021-11-18,,,,,,,,,,,,,,,,,,
2021-11-19,,,,,,,,,,,,,,,,,,
2021-11-20,,,,,,,,,,,,,,,,,,
2021-11-21,,,,,,,,,,,,,,,,,,
2021-11-22,,,,,,,,,,,,,,,,,,
2021-11-23,,,,,,,,,,,,,,,,,,
2021-11-24,,,,,,,,,,,,,,,,,,
2021-11-25,,,,,,,,,,,,,,,,,,
2021-11-26,,,,,,,,,,,,,,,,,,
2021-11-27,,,,,,,,,,,,,,,,,,
2021-11-28,,,,,,,,,,,,,,,,,,
2021-11-29,,,,,,,,,,,,,,,,,,
2021-11-30,,,,,,,,,,,,,,,,,,
2021-12-01,,,,,,,,,,,,,,,,,,
2021-12-02,,,,,,,,,,,,,,,,,,
2021-12-03,,,,,,,,,,,,,,,,,,
2021-12-04,,,,,,,,,,,,,,,,,,
2021-12-05,,,,,,,,,,,,,,,,,,
2021-12-06,,,,,,,,,,,,,,,,,,
2021-12-07,,,,,,,,,,,,,,,,,,
2021-12-08,,,,,,,,,,,,,,,,,,
2021-12-09,,,,,,,,,,,,,,,,,,
2021-12-10,,,,,,,,,,,,,,,,,,
2021-12-11,,,,,,,,,,,,,,,,,,
2021-12-12,,,,,,,,,,,,,,,,,,
2021-12-13,,,,,,,,,,,,,,,,,,
2021-12-14,,,,,,,,,,,,,,,,,,
2021-12-15,,,,,,,,,,,,,,,,,,
2021-12-16,,,,,,,,,,,,,,,,,,
2021-12-17,,,,,,,,,,,,,,,,,,
2021-12-18,,,,,,,,,,,,,,,,,,
2021-12-19,,,,,,,,,,,,,,,,,,
2021-12-20,,,,,,,,,,,,,,,,,,
2021-12-21,,,,,,,,,,,,,,,,,,
2021-12-22,,,,,,,,,,,,,,,,,,
2021-12-23,,,,,,,,,,,,,,,,,,
2021-12-24,,,,,,,,,,,,,,,,,,
2021-12-25,,,,,,,,,,,,,,,,,,
2021-12-26,,,,,,,,,,,,,,,,,,
2021-12-27,,,,,,,,,,,,,,,,,,
2021-12-28,,,,,,,,,,,,,,,,,,
2021-12-29,,,,,,,,,,,,,,,,,,
2021-12-30,,,,,,,,,,,,,,,,,,
2021-12-31,,,,,,,,,,,,,,,,,,
