,0,1,2,3,4,5,6,7,8,9,10,11,12,13,14,15,16,17,18,19,20,21,22,23
2021-01-01,0,0,0,0,0,0,0,0.0,0.024774244663259504,0.012752063150347706,0.018239377512248325,0.018321692332618437,0.08026608144480904,0.31354291707813464,0.5017139457580941,0.6067280321744427,0.6301386008371257,0.6664333570522714,0.7249043884293408,0.8521320125311443,0.6855993178392574,0.7630260336314447,0.7866837277002755,0
2021-01-02,0,0,0,0,0,0,0,0.0,0.0,0.03127590164065057,0.03675185426320587,0.04969892812177271,0.14737295964297414,0.3632621406798105,0.5041751045585162,0.5813042962734108,0.5397064763687907,0.5711204391055626,0.6761548667309027,0.6237856098451755,0.6452627618738012,0.7630260336314447,0.7866837277002755,0
2021-01-03,0,0,0,0,0,0,0,0.0,0.0,0.030277565384007492,0.037170359540680736,0.04978123636262656,0.1484077977311595,0.360726372709083,0.5016496829537648,0.5783059173856133,0.6052377217667946,0.7005716690885028,0.7751794275436442,0.636981592608232,0.7426474523074788,0.7289854032922644,0.6886297919271824,0
2021-01-04,0,0,0,0,0,0,0,0.0,0.023264372375852924,0.014212016752265263,0.018663887771467092,0.01905083634855248,0.09270760172451854,0.32818672890047107,0.5328562687786177,0.6249476901182702,0.6904639319270105,0.7863830663294186,0.8496200406585882,0.860003614481774,0.7867110401720405,0.7289854032922644,0.6886297919271824,0
2021-01-05,0,0,0,0,0,0,0,0.0,0.0,0.001270096903134176,0.01296531444954197,0.024623185554261576,0.058657950046989246,0.22751258105217723,0.4319161936356305,0.52743488217807,0.5694421931497804,0.5943440997050345,0.7248128173929014,0.7444364107604963,0.7117101636685098,0.6373954495880536,0.5935,0
2021-01-06,0,0,0,0,0,0,0,0.0,0.00020935358199151733,0.01358076444479084,0.02084279168467443,0.01700105893493025,0.07757846809925356,0.31958963832884624,0.5125368651187394,0.6154822057073687,0.6783047387167057,0.7359817056370562,0.7955726502781229,0.8406091139109659,0.7950172446712604,0.7639930451520942,0.7005684018812117,0
2021-01-07,0,0,0,0,0,0,0,0.0,0.0004237382908433309,0.012540084295511266,0.015289502487430462,0.0268381872595953,0.08738810323063856,0.32176410564112906,0.5015132215244397,0.6162747583109892,0.6739474350050424,0.7335726156136718,0.817689288289138,0.839908558544986,0.7979929233503088,0.7639650696952155,0.7269525517362863,0
2021-01-08,0,0,0,0,0,0,0,0.0,0.0004237382908433309,0.012540084295511266,0.01759460652287169,0.026259629145372023,0.08637150427595951,0.3173619859946787,0.49605403610696003,0.6031465399925946,0.6699509984555965,0.725186835785066,0.8108174029357068,0.8382894241484726,0.7979086676722226,0.7639650696952155,0.7269525517362863,0
2021-01-09,0,0,0,0,0,0,0,0.0,0.0,0.0015723039446853377,0.0028852952734344044,0.019745959591218755,0.07115633152132911,0.2957800462643343,0.4663604155839861,0.5493248544202929,0.5458100041123335,0.6017607319794128,0.697753521245841,0.8086604115900092,0.6079836185647355,0.6697590564728393,0.7172759851990421,0
2021-01-10,0,0,0,0,0,0,0,0.0,0.03787825891334638,0.025992103341508806,0.020751813799501112,0.024832183309021254,0.08927516913574526,0.3466079959445937,0.5175911293549453,0.6234453673083695,0.6734424227098775,0.7040936059981994,0.7991038964613709,0.8379146591221247,0.7176997884052349,0.7196616374300983,0.7547680111007186,0
2021-01-11,0,0,0,0,0,0,0,0.0,0.03787825891334638,0.027835528606041396,0.02556281741549683,0.02399967866878582,0.09536961898981738,0.3533257056360508,0.552443905977802,0.660434827229749,0.7432958701076414,0.7909287304307964,0.847027963340032,0.8582446831749376,0.7291186879959756,0.6039293263849072,0.5557846741809364,0
2021-01-12,0,0,0,0,0,0,0,0.0,0.0,0.0031161757045863507,0.011535363476127585,0.02041107338716026,0.08204031347868034,0.2805871626911512,0.46073212575958183,0.5716077188938281,0.5606426319654657,0.6288419345901362,0.7760943474025834,0.839677486311431,0.7069365629491899,0.5761446959471302,0.5572,0
2021-01-13,0,0,0,0,0,0,0,0.0,0.0,0.009439235749328447,0.022149099975287367,0.015034884214572856,0.07623459777320808,0.30421643920520414,0.502418087304057,0.6156679200598474,0.6519498070053139,0.7248106157038826,0.7864195979250652,0.8832355391495875,0.7870897856977133,0.6024687079848612,0.5324364388105018,0
2021-01-14,0,0,0,0,0,0,0,0.0,0.00011440686752010206,0.012202903424306246,0.010471302772963448,0.02011304626107819,0.08223053495212937,0.2939164434447862,0.4809390524753632,0.6103872856628249,0.6580065661694039,0.684932070449948,0.7688466252916588,0.8083119452302094,0.6437970856019749,0.5486475857357366,0.7836919998825677,0
2021-01-15,0,0,0,0,0,0,0,0.0,0.0,0.00419460624520265,0.013408478091080122,0.013547216239236373,0.06542448773024111,0.2879158876369309,0.4696051180165047,0.5871755745439002,0.6280925054147711,0.6459602351645156,0.6982968617638942,0.8273193148154432,0.7013217342310554,0.570315746214545,0.7021258977161298,0
2021-01-16,0,0,0,0,0,0,0,0.0,0.0,0.004048903266317485,0.006371058043399942,0.009216192607624496,0.05164224653566543,0.25548867609947973,0.3867621577587012,0.4663219172233509,0.47465478525512084,0.5560278681200815,0.6748832595579994,0.7940375110374815,0.6770627122821848,0.6991198521519592,0.8338547585639982,0
2021-01-17,0,0,0,0,0,0,0,0.0,0.0,0.007040343619446641,0.013230769761245958,0.012455703043752514,0.06129409875033375,0.27957022820482597,0.45799870139278537,0.5728823002165495,0.5814974863296992,0.6191605687097262,0.701593445415029,0.8359824348419626,0.7751733643135622,0.7438106351692164,0.8354999999999999,0
2021-01-18,0,0,0,0,0,0,0,0.0,0.0004237382908433309,0.010136359512374585,0.01715741913615405,0.020876437012235825,0.07508387011826045,0.29803817648256004,0.4713071299044776,0.5677801454740248,0.6163192135013835,0.6580244560190908,0.7029248103194686,0.6508782270449929,0.7846616068400174,0.6811043655862508,0.30827075879886295,0
2021-01-19,0,0,0,0,0,0,0,0.0,0.0,0.00895314680597073,0.010702570754732493,0.019517755010677033,0.0674763032305885,0.24261600375820802,0.43805636089270816,0.5485595566134942,0.5234893816941177,0.5398169100286826,0.625507649784007,0.6984488298795556,0.7032096007313056,0.3596012416885513,0.30231629014181677,0
2021-01-20,0,0,0,0,0,0,0,0.0,0.0,0.009581487875485444,0.014540390665785432,0.016556963183753555,0.07179891659163189,0.3141490903694197,0.5246732859169262,0.647554661015523,0.7020063999859993,0.7283159334221336,0.7602467793307455,0.8169267387148025,0.7590022501553915,0.6451588853746341,0.6292172187803856,0
2021-01-21,0,0,0,0,0,0,0,0.0,0.0005080677862249807,0.008325761952911346,0.008756999411885841,0.023658808878423282,0.08548787714791573,0.2860525885141534,0.4964753320641492,0.6152793354428311,0.6371736173740999,0.6734469461491649,0.7366366108285145,0.7864495588215026,0.6690615017900156,0.650140720418623,0.6292172187803856,0
2021-01-22,0,0,0,0,0,0,0,0.0,0.0,2.247375129385232e-06,0.01403115683792346,0.01061181865717027,0.056642048790564795,0.27091528753886956,0.4752341696525279,0.5888791210400571,0.627265727616118,0.6783857103939608,0.7573599814640388,0.856306336582458,0.8006584995589834,0.8423186854823111,0.8476000000000001,0
2021-01-23,0,0,0,0,0,0,0,0.0,0.0007774529111589817,0.007074852047780669,0.012526024576971837,0.016176860200097457,0.0653278339696894,0.27400231747997694,0.46319108542682064,0.59610375512244,0.6522744575879383,0.698640408905426,0.7451502967453587,0.7895656800865613,0.74346707848853,0.8273731803503441,0.8476000000000001,0
2021-01-24,0,0,0,0,0,0,0,0.0,0.0,2.720777860439524e-06,0.006113559536538291,0.006766935455030629,0.054385563391345045,0.24744079425330526,0.4252555268384118,0.505833489616271,0.48912011379202786,0.5128435906767987,0.702372094232364,0.8421262882930192,0.7007070047307997,0.7815693217396491,0.6420665089198899,0
2021-01-25,0,0,0,0,0,0,0,0.0,0.01520059699784594,0.01253043343213645,0.00835234789654495,0.009396807184048723,0.05895016391873976,0.2306657685270373,0.3992761050477636,0.5074016988721982,0.5013946868491789,0.5256374383501113,0.6610183808628858,0.7366983461500021,0.42601233869557026,0.4971581267088502,0.6402349108011015,0
2021-01-26,0,0,0,0,0,0,0,0.0,0.0,0.0,0.005364644070485988,0.003935022582654915,0.044929767374671206,0.23670325051973815,0.41667756367351055,0.5460930479412527,0.5646031213851233,0.6331421573467709,0.7399408003168588,0.8376349373252672,0.6979965387977225,0.8868004374485914,0.8723827812196145,0
2021-01-27,0,0,0,0,0,0,0,0.0,0.0,0.006699218084400915,0.008182925225632139,0.010481615856135237,0.057406340277974616,0.2809952038816634,0.48881820747672217,0.6081362855625072,0.7138969207999046,0.7877625266142241,0.8578181532696331,0.93161788613203,0.8747449382835911,0.9141304882891725,0.9319032615967819,0
2021-01-28,0,0,0,0,0,0,0,0.0,0.0004659030385341557,0.002827635881113312,0.0036658945798883247,0.007516743085239444,0.038297611593456314,0.22772954909984938,0.41250017007235706,0.5452597385186023,0.5736985784273283,0.6852403924674202,0.8007239381851756,0.9240906715417179,0.8143503342366066,0.928198591945226,0.9319032615967819,0
2021-01-29,0,0,0,0,0,0,0,0.0,0.0,0.0,0.0,0.0,0.0,0.0,0.0,0.0,0.0,0.0,0.0,0.0,0.0,0.0,0.0,0
2021-01-30,0,0,0,0,0,0,0,0.0,0.0,0.0,0.0,0.0,0.0,0.0,0.0,0.0,0.0,0.0,0.0,0.0,0.0,0.0,0.0,0
2021-01-31,0,0,0,0,0,0,0,0.0,0.0,0.0,0.0,0.0,0.0,0.0,0.0,0.0,0.0,0.0,0.0,0.0,0.0,0.0,0.0,0
2021-02-01,0,0,0,0,0,0,0,1.0,0.8936054410068787,0.9276635276159252,0.937028989412427,0.910686914952353,0.9139539825010271,0.8966445759958729,0.8849823192992703,0.8783306321842217,0.8737129581575171,0.8844118718378956,0.8848027899409704,0.8687702279561801,0.8844503400908715,0.8782182860448569,0.8646382394148778,0
2021-02-02,0,0,0,0,0,0,0,1.0,0.8709646702164352,0.943664316497516,0.9717187411043561,0.9682475335315617,0.9562761566140395,0.9235447417797817,0.9105182453481898,0.9049019487994716,0.8886872302352401,0.8884518480326448,0.8902185087045174,0.8778114145616807,0.8685154397919221,0.8774186286454507,0.843161065044946,0
2021-02-03,0,0,0,0,0,0,0,0.775,0.8088645339613867,0.941319165001314,0.9689600324491803,0.9661339027660395,0.9563610457454669,0.9282317399758584,0.923650432231577,0.9195411886921052,0.8971845919488981,0.8948097704657627,0.8988265536300558,0.8850959105475035,0.8847273059811793,0.8338634785200834,0.8122353329559007,0
2021-02-04,0,0,0,0,0,0,0,0.7523529440438991,0.825887393173707,0.7328319500475761,0.9583171053619786,0.9755780003803989,0.9818288219209701,0.9674092405464092,0.9648806685895817,0.9595568516391344,0.9486702741589759,0.943118573603622,0.9469804444114539,0.9244480365143714,0.8918513997428793,0.8338634785200834,0.8122353329559007,0
2021-02-05,0,0,0,0,0,0,0,0.1210924873608878,0.3518462853030228,0.6684521735797463,0.9572062884061793,0.9906049683371558,0.9963159506108417,0.9956669329710908,0.9968396219154311,0.997105985546341,0.9918940408492353,0.9794217383382374,0.9661493077680386,0.974391689427843,0.9413876810318562,0.9559162157309818,0.9558534982169472,0
2021-02-06,0,0,0,0,0,0,0,0.6298,0.5427507248654732,0.5861410431869113,0.8632384913786556,0.9370068602260565,0.9689514771476186,0.9815518229885801,0.9886762948656888,0.9883002420454439,0.974097957680119,0.9541522841193069,0.913334203611703,0.8765958416721263,0.9141430768485518,0.9164343844794037,0.8963672806252635,0
2021-02-07,0,0,0,0,0,0,0,0.0,0.13500251010565184,0.28867786211593377,0.6932694059585217,0.8567468633012608,0.938473026715446,0.9395662611001754,0.9706575289787149,0.9833090223626032,0.9789732249400959,0.9693627711744142,0.9439809416246547,0.9349065060842309,0.9254369435174461,0.9146266317125354,0.8963672806252635,0
2021-02-08,0,0,0,0,0,0,0,0.2668,0.26456433744504204,0.29907434016058665,0.6001016661362675,0.7433454053349505,0.8431171879334769,0.9137642356299429,0.9389064265857356,0.9501515076427761,0.9279824758961992,0.9202452120808443,0.9055285573279529,0.8777814494858303,0.8865687598756147,0.8415106265203494,0.8293617835993309,0
2021-02-09,0,0,0,0,0,0,0,0.0,0.033961594909420925,0.16825800043838798,0.4089522599651816,0.578685599482583,0.7032173041469335,0.7811846433325178,0.8695491676543434,0.8954494911322249,0.8768588156520996,0.8481432574744519,0.8461115478802862,0.8845568709358941,0.873971525115496,0.8831745443069385,0.8953339643204408,0
2021-02-10,0,0,0,0,0,0,0,0.0,0.04194682967270832,0.16962882513853003,0.39531508468080745,0.6260623541290984,0.7963500603086271,0.8741810294281025,0.931526970030924,0.9302221861189631,0.9165343161599673,0.8957492432536132,0.8827058699841959,0.8489429263117918,0.8726156686009371,0.8196358126637763,0.8955004732403307,0
2021-02-11,0,0,0,0,0,0,0,0.0,0.07362458713668979,0.10549698911058052,0.20299824120328047,0.3567790599070229,0.49746805368658237,0.6689635849109794,0.7160023676242975,0.7857353267955453,0.7555911502773279,0.7973471562448724,0.8538280391465531,0.8872146592479487,0.7975048498104761,0.7828822881739995,0.7643591986196058,0
2021-02-12,0,0,0,0,0,0,0,0.0,0.0008807717494349145,0.09111533206429276,0.20045604536523967,0.3579643781814373,0.5285339330291433,0.6957332449890689,0.78012141561537,0.8074918910108082,0.8002483407118895,0.8254834192124486,0.8542916905886069,0.8735465677495914,0.8278555796691072,0.7777481848205129,0.7639480451938004,0
2021-02-13,0,0,0,0,0,0,0,0.0,0.000932431168572881,0.09645002566698771,0.15070650474369116,0.3180809242635733,0.5052788676703035,0.6811138979690561,0.7922336673388147,0.835372399246729,0.8183421711847799,0.8386111321145578,0.8546313310794862,0.8748590397648626,0.8268203909748498,0.8059897238660695,0.835121403068372,0
2021-02-14,0,0,0,0,0,0,0,0.0,0.0015512216505858538,0.05033759881134554,0.13654217579669453,0.3774553056306488,0.6170483608717177,0.7844013603717507,0.8732852299346614,0.8888222042520916,0.8580034189666669,0.8648198756567244,0.8609688114276182,0.8859909155667356,0.8497128485928477,0.8122403985961488,0.8642217183294739,0
2021-02-15,0,0,0,0,0,0,0,0.0,0.0,0.03526715759765023,0.10421220341101473,0.262893037966334,0.4809773019812123,0.6941224598958575,0.8198574755191435,0.8694751524995403,0.8454017652829832,0.8598180544181465,0.8630106792558252,0.8885536576313251,0.8743485103746098,0.9055368534013399,0.9040715762963257,0
2021-02-16,0,0,0,0,0,0,0,0.0,0.0,0.031026041923871893,0.09168890322827279,0.26012002410023854,0.5000730286698299,0.7110874004881175,0.829658836916068,0.8668202843106491,0.8571619523481664,0.8613438250364992,0.8322952971627056,0.8648925750255944,0.8627834171532274,0.8579581122705493,0.9319802395702181,0
2021-02-17,0,0,0,0,0,0,0,0.0,0.0004237382908433309,0.021160969356241746,0.07340612614534954,0.2182193963479097,0.5094535288919464,0.7176134872883803,0.8466302336382545,0.8746218914538141,0.8634598904421323,0.8777359446150569,0.877854363114067,0.8815006857313136,0.9044064840954362,0.9072493786093059,0.9321670053420709,0
2021-02-18,0,0,0,0,0,0,0,0.0,0.0004237382908433309,0.018651485601054875,0.04809060812843311,0.15537938975234736,0.38799979104478616,0.6484089880524236,0.8019318248804956,0.8655760962754218,0.8630809915600224,0.8834648016951618,0.8883351664493834,0.8861018324552301,0.885446866201001,0.8582323090743478,0.8498231350739278,0
2021-02-19,0,0,0,0,0,0,0,0.0,0.0,0.018928848807080425,0.0732932365125955,0.2053981723880524,0.4940171838168603,0.7339323714380486,0.8649012376689179,0.9132647872890177,0.9080655228328387,0.9132072499535796,0.9143719452515284,0.914043572437858,0.9110076133552303,0.8795452741888564,0.8597000000000001,0
2021-02-20,0,0,0,0,0,0,0,0.0,0.0006767267769882801,0.009470698539531138,0.041965024271149544,0.1220482816416232,0.3471503667059773,0.6075218017326454,0.7685442885729221,0.8391330415091517,0.8592910806980502,0.875054899663783,0.8807097688161026,0.902593294601513,0.9176856093320909,0.8805139643362987,0.8597000000000001,0
2021-02-21,0,0,0,0,0,0,0,0.0,0.0,0.01200514229618002,0.044991961429207354,0.13207304208261514,0.40684481045372894,0.7005315177936295,0.8510142249123472,0.9217426312960955,0.9404510514930745,0.9389539305937048,0.9175130285388301,0.9065825192195905,0.8915132757444094,0.8608898798832466,0.8239190606561761,0
2021-02-22,0,0,0,0,0,0,0,0.18209999999999998,0.09885230199458933,0.08606746602740345,0.0961214248886183,0.21506581262320615,0.4593833594692203,0.669111854187211,0.8075385445849953,0.8825134354192737,0.9053050830186313,0.9160828797523886,0.9203597952470154,0.9044608342477182,0.9004015350332263,0.9181177326905013,0.8242274257255302,0
2021-02-23,0,0,0,0,0,0,0,0.0,0.0,0.009698709452013763,0.02066617836923308,0.07816979770881818,0.3055977463608155,0.6080379273619898,0.7952304336526947,0.9027435440965563,0.9411541016777455,0.9557341497101348,0.9455418990274659,0.9393288766666124,0.9279684755088136,0.9361001699313416,0.8843896028782214,0
2021-02-24,0,0,0,0,0,0,0,0.0,0.06842071964983058,0.04182575541153609,0.054125942513363605,0.11015405137157624,0.37197600225791927,0.656865068260573,0.8066168989751822,0.9101077966268253,0.9492941816036007,0.9579290832098757,0.9598020992443924,0.9310085802252829,0.9235637232585243,0.9220108349655939,0.9438857443513532,0
2021-02-25,0,0,0,0,0,0,0,0.0,0.0,0.003352260144454217,0.019238454274743817,0.05291422180809419,0.22689705194731893,0.5303446967685617,0.7305858000664004,0.8438463493506386,0.9065535107214154,0.9294974587928035,0.9359471344064005,0.9580475223938316,0.9303870898623728,0.9207356084998728,0.9438172187803855,0
2021-02-26,0,0,0,0,0,0,0,0.0,0.0,0.010034674258371422,0.03774216153931913,0.0731728911030957,0.2761846761266712,0.5813604536500708,0.7791611086873498,0.887659010901433,0.9417450079161215,0.9620317390847621,0.9664596655051223,0.9636032580072718,0.9451367443243706,0.9524601602200455,0.9443999999999999,0
2021-02-27,0,0,0,0,0,0,0,0.0,0.0,0.0066487997024389876,0.015400656113551632,0.03580760624528459,0.18747539889345435,0.46940018025571056,0.6677132331592844,0.7832318209002369,0.837394027249472,0.882311294670115,0.9211080199884663,0.9602186842311738,0.9005022134898448,0.8136692195422573,0.823649763379835,0
2021-02-28,0,0,0,0,0,0,0,0.0,0.0,0.00259644698516139,0.02624282570844463,0.04971033634304936,0.2192869732479835,0.5378574318678363,0.7408080039704716,0.8514396191224639,0.9253293718184358,0.9468104741464657,0.9501466536369719,0.9638806483438603,0.8984690836542965,0.7405512188467539,0.9187359963728654,0
2021-03-01,0,0,0,0,0,0,0,0.0,0.0,0.005808936220550024,0.012892448878728735,0.03408536986968578,0.16293292952170588,0.3951185835933415,0.590653247893558,0.7111208312631935,0.7040951361114304,0.7609523428057816,0.7998045559714738,0.8419778101947696,0.7290062238310306,0.6890053715962424,0.7266,0
2021-03-02,0,0,0,0,0,0,0,0.0,0.0001239015389672436,0.009122612967367437,0.016583493653363965,0.03950512397358962,0.16893735089987966,0.46002810059623833,0.6025368994212957,0.6470793028269772,0.7956652005573925,0.7884227426791102,0.7590604060808122,0.7378652105498514,0.7443989660353577,0.6923265949589018,0.7266,0
2021-03-03,0,0,0,0,0,0,0,0.0,0.0,0.025115269073531284,0.016977713549558595,0.04791311359945624,0.1952178007166551,0.4504792376666658,0.5791780068921286,0.6173851281736439,0.7480948062357288,0.7687091744682462,0.7700061045025203,0.8056427890106245,0.8239351762886359,0.7207613048370158,0.7444921759632185,0
2021-03-04,0,0,0,0,0,0,0,0.0,0.0,0.006317925206951911,0.013189659165231878,0.021371918012656768,0.13177141325318276,0.4254936677986445,0.6326457578081638,0.7621302663350491,0.8445945792671535,0.8798326356274921,0.9052894567257104,0.9212835744519806,0.8985864807534548,0.8996505500128559,0.9204692972763413,0
2021-03-05,0,0,0,0,0,0,0,0.0,0.0,0.003011945465397557,0.012134698548441424,0.031558081166164466,0.167717545547002,0.4515658440312487,0.658068200373669,0.7953111294689036,0.8785937157456353,0.917893316222591,0.947738536820922,0.9434604730487965,0.9107185649774632,0.8996505500128559,0.9204692972763413,0
2021-03-06,0,0,0,0,0,0,0,0.0,0.0,0.004571027388229784,0.004758943012585966,0.013051043942671935,0.10148992872225494,0.3396088614112802,0.5581362445029173,0.7005875012903712,0.7760809967263176,0.8327091480177317,0.8752653231049371,0.9443806849381989,0.8618526541002787,0.9246428400979364,0.9202390677930129,0
2021-03-07,0,0,0,0,0,0,0,0.0,0.0,0.006587361709587954,0.009900056111661528,0.019427900584650708,0.11874391495163246,0.41936583723323523,0.6459115656022758,0.7663508752061946,0.8472741444374315,0.9092380659078562,0.9408335757278757,0.9691150186650997,0.9144160531265108,0.9188306992132825,0.9202390677930129,0
2021-03-08,0,0,0,0,0,0,0,0.0,0.0,0.007298404172424431,0.005259473839177029,0.014268129639389936,0.11001816679131317,0.35070255715460347,0.5564757235709069,0.667484167775228,0.7230469351102318,0.7862545079727898,0.8663116047347561,0.9387501316397103,0.9131303943697793,0.8600465758033748,0.7024,0
2021-03-09,0,0,0,0,0,0,0,0.0,0.0,0.003784779451339097,0.010027056260471963,0.019084569102029884,0.09014427029548373,0.3794026015376491,0.6052282329660186,0.7274505093665506,0.8365437310134096,0.8810309410879232,0.9139448730525167,0.9373777049275573,0.9437603796999573,0.8913818213888022,0.9681837277002756,0
2021-03-10,0,0,0,0,0,0,0,0.0,0.02912540912509443,0.009161247220121538,0.029709979918489542,0.04834816805120956,0.12847873830301731,0.35417068841211535,0.5567469925302991,0.6760098602740836,0.7488617992022725,0.7951857994814969,0.8757614768289051,0.8812132578590198,0.8131773672074986,0.8676392569080285,0.8952801676384505,0
2021-03-11,0,0,0,0,0,0,0,0.0,0.03976423340150417,0.029278623247285578,0.03490498734386076,0.04303782533662255,0.12638931175646204,0.33381672459315836,0.5300130614600753,0.6104275013547024,0.6874156687072005,0.7800857919786499,0.8657532069700156,0.8787308601164816,0.8082132418234469,0.7184638449609787,0.8921164981605434,0
2021-03-12,0,0,0,0,0,0,0,0.0,0.0,0.007613779602379084,0.008381296314071737,0.02165828428847399,0.11065794312534386,0.3140713205435805,0.4607393834519903,0.582541588575802,0.6254698866684056,0.6822622114391299,0.6782815537545142,0.6476661875593178,0.5353785483558582,0.44605912568608624,0.43556392111407755,0
2021-03-13,0,0,0,0,0,0,0,0.0,0.0,0.007830149944786544,0.008284369535762802,0.02252326861920775,0.1180733142044487,0.3414060675704391,0.5304350340442348,0.6477697534522354,0.6944500305475181,0.733141678663661,0.7788795430338141,0.8405462432394026,0.7763323132917449,0.7814398606517544,0.768826675709423,0
2021-03-14,0,0,0,0,0,0,0,0.0,0.011926469810602225,0.01090387154844708,0.01622421671583359,0.037079495022236064,0.1801450904932376,0.43012119363744217,0.664053085089643,0.7710882329898033,0.7749074291754695,0.8057825997335243,0.8448325781925724,0.867632723884986,0.8056583461362057,0.7789489431297598,0.768826675709423,0
2021-03-15,0,0,0,0,0,0,0,0.0,0.050644505198553534,0.030936964824567512,0.028492216343025727,0.10021277512156246,0.24932445602967976,0.448277210506074,0.6591726737325521,0.7538532428999636,0.7705153067799173,0.7918805431802933,0.8319996732951235,0.8600709041247107,0.8183960392884342,0.7836177557816848,0.7688515940988657,0
2021-03-16,0,0,0,0,0,0,0,0.0,0.0,0.0,0.0,0.0,0.0,0.0,0.0,0.0,0.0,0.0,0.0,0.0,0.0,0.0,0.0,0
2021-03-17,0,0,0,0,0,0,0,0.0,0.0,0.0,0.0,0.0,0.0,0.0,0.0,0.0,0.0,0.0,0.0,0.0,0.0,0.0,0.0,0
2021-03-18,0,0,0,0,0,0,0,0.050910454467271105,0.09564459503809473,0.0615494201066401,0.10891004469445277,0.23690075877138286,0.3206579116944132,0.334915251086159,0.294309694319123,0.31297006893799223,0.47745343148867,0.5008643781840518,0.664989794050682,0.7063554798507166,0.6804348064441981,0.7789298843361074,0.7641090788831747,0
2021-03-19,0,0,0,0,0,0,0,0.050910454467271105,0.09564459503809473,0.17521179064436815,0.24150443556050283,0.3889022469628097,0.5162063476682747,0.6216771893609275,0.7103928548565631,0.7196288453537705,0.6901214840481653,0.7237382432951889,0.7609908682379997,0.7710441816145167,0.769868187971109,0.7897557221316313,0.7641090788831747,0
2021-03-20,0,0,0,0,0,0,0,0.5692999999999999,0.46100886675530217,0.3720411835819092,0.49562229382333023,0.6023758094418443,0.6682869036483668,0.7135159092909761,0.7603019816419693,0.78244434381352,0.7702220242640676,0.7975452527968254,0.8139465535080808,0.8065314871709456,0.8235213517210642,0.8435515243584756,0.7916703262168394,0
2021-03-21,0,0,0,0,0,0,0,0.0,0.182172561414149,0.16145812731633977,0.2550138789373575,0.4269944253475357,0.5658032232083409,0.65840619356137,0.7313151802224819,0.7775156031780586,0.7840850617999078,0.8107607908103929,0.8335226483607017,0.8701449904661098,0.8399482099622818,0.7904418694139789,0.775574904887734,0
2021-03-22,0,0,0,0,0,0,0,0.09325425245778313,0.049689413360791,0.10098386903247783,0.21949674949698933,0.36251953476211185,0.538822597891465,0.651473358299827,0.7420804940295281,0.8066669174565082,0.8438513713953399,0.873396110654315,0.8795939942588391,0.8915770017536623,0.8625602525529521,0.862113702338657,0.93165915710115,0
2021-03-23,0,0,0,0,0,0,0,0.0,0.03538889832064595,0.03052028750902051,0.11691368008066748,0.2507558278572565,0.4996105360482067,0.6394150468411225,0.7518621133424354,0.8205603841859962,0.8555732163478387,0.8842024928156281,0.8966190509338791,0.9068019981956679,0.8944853295546387,0.862113702338657,0.93165915710115,0
2021-03-24,0,0,0,0,0,0,0,0.0,0.012703922721761206,0.040449615067996186,0.08701436017804079,0.17308282058944086,0.3750736650188894,0.5414952772789416,0.6532066525957224,0.7265411594243777,0.7642748045184297,0.8165516932784547,0.8624752632788615,0.9208437167802076,0.8823852953978853,0.798313372347186,0.7637226207180011,0
2021-03-25,0,0,0,0,0,0,0,0.0,0.0007774529111589817,0.07071458806956933,0.07966270568547061,0.1535296924347161,0.3294627733689712,0.48424630525492574,0.6083648256781381,0.6868731924975705,0.7291623350873818,0.7599555307992344,0.8179207894553462,0.8668404681552494,0.7976142348208242,0.7116999680964822,0.8217349108011016,0
2021-03-26,0,0,0,0,0,0,0,0.0,0.0225321477266444,0.0646700367948515,0.0785613615142145,0.16702721929002878,0.3369980285770938,0.4825401664711285,0.6148432716353008,0.695237695715546,0.73697025974406,0.7431074286519961,0.8244217845504902,0.8605192836185466,0.7718550907925841,0.7286652699922036,0.8217349108011016,0
2021-03-27,0,0,0,0,0,0,0,0.0,0.0225321477266444,0.015925537034049524,0.04657483795642623,0.11332090212872283,0.3196452321286452,0.5155848841299118,0.6642666828202675,0.742851628469758,0.811225893158196,0.8448725175398115,0.8635675250032099,0.8940851452452118,0.854847915910753,0.8110863106560905,0.8112999999999999,0
2021-03-28,0,0,0,0,0,0,0,0.0,0.00011440686752010206,0.03042407077932444,0.056444134014526665,0.10693327875891963,0.30218670465425973,0.49284928382032733,0.6504186690028265,0.7363556559209609,0.7878265805275484,0.8354975197971557,0.8699281186177967,0.886725297361393,0.8485365877281731,0.8110863106560905,0.8112999999999999,0
2021-03-29,0,0,0,0,0,0,0,0.0,0.00011440686752010206,0.01830538698375657,0.03965401090858594,0.08646533035289498,0.26145195813808597,0.474199032127699,0.6241222147537482,0.7187755487307669,0.7780324836477726,0.8254479647100473,0.8498703075858379,0.9291856373372692,0.8676146536673791,0.8185853893421762,0.8349610915809276,0
2021-03-30,0,0,0,0,0,0,0,0.0,0.0007188915246791049,0.021839565814245055,0.05517017744153033,0.0817223267178059,0.26111713426587824,0.49766284625282603,0.654301020235496,0.7470880349239792,0.8010292464698809,0.8445910617833835,0.8983331788316282,0.9305010361120918,0.884362183820089,0.8185853893421762,0.8349610915809276,0
2021-03-31,0,0,0,0,0,0,0,0.0,0.0007188915246791049,0.01903514550011887,0.023609184335380593,0.061958410961819074,0.21466106539108284,0.42248319206375395,0.5849089863201156,0.6695456179095016,0.714626465670772,0.7754230933431757,0.8337424714197906,0.9211288771256408,0.8734651412865301,0.8488519346250867,0.8339620380615883,0
2021-04-01,0,0,0,0,0,0,0,0.0,0.0006698838346487546,0.017110797647860707,0.03934843046581583,0.066010543108741,0.22638025643695947,0.4704999968282976,0.6380788997378087,0.7270065760104732,0.7782748405151934,0.8275109468424325,0.8647004137358518,0.8806091807150499,0.808294696245532,0.6382561304214486,0.5091330178397797,0
2021-04-02,0,0,0,0,0,0,0,0.0,0.009854549629260726,0.031022864009649292,0.04090898898166549,0.07641444627392223,0.2004076241666823,0.3821161878521683,0.55313630159346,0.6558315380698756,0.6635022309363588,0.7119547750045172,0.8309376413113096,0.8744138182904944,0.7488871489784871,0.6587448427840021,0.5106315981187884,0
2021-04-03,0,0,0,0,0,0,0,0.0,0.00011965130073294913,0.01468250810806078,0.02770878026938649,0.04992703913924748,0.17977082475853995,0.4231676180618466,0.5990210796349105,0.6792148803254365,0.7491884868751949,0.7875121171365108,0.8681909551224358,0.922239274692506,0.7420544732308257,0.7022481805274363,0.5098501338311745,0
2021-04-04,0,0,0,0,0,0,0,0.0,0.0,0.011591661574234004,0.03575335750922141,0.042626841616214065,0.16248761179083115,0.3624213846048292,0.5478492837503964,0.625703469866811,0.7125358525310745,0.7649638682949681,0.8489897979850763,0.9053984268423827,0.7668889234974833,0.5717019567229302,0.696941835454675,0
2021-04-05,0,0,0,0,0,0,0,0.0,0.0,0.009559424754728945,0.023881616665461368,0.03891415823779748,0.16609107596233263,0.39443278978192686,0.5780872052425386,0.6629618497811726,0.7304811766023328,0.7706037595372036,0.8495821981632171,0.9231272124078054,0.857642600338904,0.7869994071994291,0.9792332800027107,0
2021-04-06,0,0,0,0,0,0,0,0.0,0.0007610562723699298,0.009557141432302255,0.028662034703683646,0.04200955759221858,0.17367971590029654,0.41070338868912243,0.5872227309624414,0.7058775366779567,0.7560820606703688,0.808539675424035,0.8843450561184739,0.930749801409282,0.8709140508165949,0.7803784851445461,0.9792332800027107,0
2021-04-07,0,0,0,0,0,0,0,0.0,0.018443849627249966,0.007441784552173876,0.020024751052678237,0.03551002741982615,0.15738979433265618,0.38109988946820694,0.54151447290932,0.6524143998828708,0.6859532111002994,0.739893477809961,0.8062050844843084,0.9238096266811863,0.8140835492781198,0.8096290109028318,0.9312348234134581,0
2021-04-08,0,0,0,0,0,0,0,0.0,0.0,0.015401313783345864,0.027440713342945438,0.04419840808025065,0.15573768372302046,0.33797913870390334,0.5220317305538188,0.5824307660559176,0.6048748796753993,0.6724826345136619,0.7318534918923243,0.8895578605054576,0.7507041323282996,0.7541883653746572,0.7508000000000001,0
2021-04-09,0,0,0,0,0,0,0,0.0,0.0,0.015401313783345864,0.029708569867655094,0.046186993864466744,0.16144596158104263,0.3474593164302891,0.502575780007049,0.563950726650165,0.5733470129171412,0.6417057279195602,0.7076625450850885,0.8591747634746503,0.7552936549260892,0.7639097371934919,0.7508000000000001,0
2021-04-10,0,0,0,0,0,0,0,0.0,0.0,0.02294639385604419,0.05066195623808139,0.061217985123049816,0.16805062327037598,0.34315059940701964,0.5200358441159808,0.6129478839242943,0.6290200713762948,0.6800998041438207,0.7631272065804723,0.8260747934954016,0.6206180131002301,0.7625040166561514,0.7865172187803857,0
2021-04-11,0,0,0,0,0,0,0,0.0,0.03374263240971994,0.0231380498016466,0.04805020623101741,0.04975370707492458,0.14762008787309852,0.34582850843794183,0.5293552646222005,0.6193983783187277,0.6512937360928224,0.6956177668064983,0.7719391509877521,0.827089513496876,0.6037819857692404,0.7637718480551834,0.7865172187803857,0
2021-04-12,0,0,0,0,0,0,0,0.0,0.03374263240971994,0.012810075337433512,0.0225229961214211,0.025188547417436376,0.13404000673928984,0.3700768265562006,0.547914528481764,0.6511089851309988,0.7091259671164439,0.7587875259599491,0.8099982676372347,0.8875401161553141,0.8297080398215714,0.8117832868601741,0.8099237419739491,0
2021-04-13,0,0,0,0,0,0,0,0.0,0.015438603934971522,0.012787634810530224,0.024638128355344707,0.03883558977639309,0.1362193589598669,0.3568963322338292,0.5583793345828255,0.6627829100775122,0.707788119186126,0.7735410780588411,0.8378752684785484,0.8895886656254604,0.7691069905878822,0.7645841901272192,0.7871,0
2021-04-14,0,0,0,0,0,0,0,0.0,0.015438603934971522,0.018474142478280012,0.021032096212831447,0.032217522171282854,0.12490895287348244,0.3417893234734895,0.5233459572941059,0.6383348375151169,0.6904446989074945,0.7443014661970728,0.8023194700554384,0.8982981316785996,0.8476238045479594,0.7426235288136525,0.8243744007489135,0
2021-04-15,0,0,0,0,0,0,0,0.0,0.0027871230906347188,0.013025451899100473,0.030857438183551796,0.0346154185227501,0.133231838924055,0.37944797681677384,0.5615949457040773,0.6497163075461921,0.7283316376173978,0.7773498062790531,0.8088158793913879,0.8970607333719598,0.8687739417478976,0.7491923399236936,0.8222097847903455,0
2021-04-16,0,0,0,0,0,0,0,0.0,0.03477827728403314,0.016927417381961855,0.03276457063768314,0.036387442460921834,0.12794886752095028,0.34157656748322757,0.5024449066154346,0.5936262326826678,0.6495655907380283,0.6975620390102457,0.7694812784558233,0.9159246055277352,0.8434102435484878,0.9290331388297813,0.6682399631881424,0
2021-04-17,0,0,0,0,0,0,0,0.0,0.0225321477266444,0.015271896011601071,0.021105290039569923,0.026175327530813565,0.12906321476691832,0.37427401618131795,0.5589057363105662,0.6488412302763472,0.7055968173379871,0.7595450961352271,0.7991546924736443,0.9102213812651743,0.8890580749951158,0.8547411456245895,0.7280982664126185,0
2021-04-18,0,0,0,0,0,0,0,0.0,0.04104141075289349,0.020535863216235975,0.021310476459745858,0.04188250614453577,0.13493378631859457,0.302337574527927,0.47281370467373596,0.5854940503501754,0.5672230070777867,0.6867782347804038,0.7847915458338015,0.9062418536751228,0.7778139677727148,0.20682242811369148,0.1225990535193391,0
2021-04-19,0,0,0,0,0,0,0,0.0,0.0225321477266444,0.01119742780078502,0.016145864871315443,0.027509593424423228,0.12476252250955441,0.3477192377377784,0.5438213336452934,0.6329784412949454,0.6741807086543428,0.7363153630400248,0.8187891534790266,0.8842701211904943,0.7371445429306048,0.8061721329041046,0.7266,0
2021-04-20,0,0,0,0,0,0,0,0.0,0.0002550793000800315,0.018438606275324156,0.03753029104476986,0.04641814053594905,0.13647457880598624,0.33429450593349874,0.5239833054385699,0.6155742138548279,0.6740615276555713,0.7016377505000883,0.8040831993810951,0.8780324185857946,0.740643349850585,0.7412090768935666,0.7266,0
2021-04-21,0,0,0,0,0,0,0,0.43575000221574023,0.4732315546441694,0.40481293999075446,0.404743659242055,0.34632959109257594,0.3656883017794522,0.46229174756366065,0.594485860903152,0.648117930824033,0.6816718279831235,0.7097785041212296,0.8023959294278283,0.8795590596641498,0.7408947644070173,0.6867751944318059,0.6783370511419351,0
2021-04-22,0,0,0,0,0,0,0,0.43575000221574023,0.5362770025435598,0.33079785984073423,0.41650133186154714,0.3765354122107798,0.39932654403975093,0.4908455267021376,0.5896115360296715,0.6512232480986676,0.6749627127123184,0.7143413899776561,0.7221486862853566,0.7523194769314131,0.7444501830035837,0.6949317771254303,0.6781657372145162,0
2021-04-23,0,0,0,0,0,0,0,0.19419999999999998,0.41759168566032895,0.2175684546105878,0.29704032706501454,0.29483831237205665,0.3694694649068536,0.47645381859205216,0.5902558196576847,0.657155379850628,0.6839553590075509,0.7331821236238062,0.7600363572439961,0.7753202738266639,0.7308298726334598,0.6990825383435506,0.8100710308637229,0
2021-04-24,0,0,0,0,0,0,0,0.48177941163436827,0.4785348292001178,0.18608440952005106,0.2363175282926205,0.23418850923394405,0.3120896935132672,0.4693181427675586,0.6052050898687895,0.6783616341039203,0.7079061768698878,0.7291596582750628,0.7613797799028106,0.8292712664486769,0.7248555894567481,0.7029331158586656,0.810379395933077,0
2021-04-25,0,0,0,0,0,0,0,0.38091601312319806,0.26029183268509476,0.12961041516125774,0.17804636836856108,0.19317500070867374,0.2790104473157967,0.418034463770782,0.5326993992687622,0.6017614682944034,0.6292897278298594,0.6775332261378502,0.7705865084002441,0.870674042616938,0.7748505259044867,0.8484144900060028,0.6301426278548379,0
2021-04-26,0,0,0,0,0,0,0,0.09325425245778313,0.2424990805474057,0.13517190309837115,0.17104812316114879,0.16109769256676024,0.25112837642612895,0.43672209779415455,0.5764047629617819,0.641637218165257,0.69316059648903,0.7584966459688794,0.8129151947775025,0.8470307617920999,0.7518779387422193,0.7035134312643011,0.8945846741809365,0
2021-04-27,0,0,0,0,0,0,0,0.0,0.19524608037592517,0.10426501504586895,0.12319302888073758,0.14044309161215363,0.2086258237172351,0.36653741200650025,0.5310124938622366,0.6194373429244349,0.6574120359674004,0.6775748680011876,0.741584216026968,0.819994049965726,0.6984567468019642,0.5247311664149191,0.7475975765954703,0
2021-04-28,0,0,0,0,0,0,0,0.0,0.21373740380240136,0.10960169884067188,0.13200007920114593,0.12516168040945116,0.20703134739364212,0.39697973034529993,0.5591890320550013,0.6304073597801388,0.6861822277825684,0.7290739340772665,0.7877695557081215,0.8415696492759769,0.7645842691727822,0.6330278684613669,0.7714248632298973,0
2021-04-29,0,0,0,0,0,0,0,0.0,0.20193871453670484,0.1050974174704416,0.12101520873501127,0.11912598549954216,0.20742553218957183,0.3896088488822231,0.5450606528853826,0.6350759059386322,0.6891037934389347,0.7269533284291336,0.8081725528435603,0.8445334616993787,0.7756887929931753,0.735021619967755,0.7714248632298973,0
2021-04-30,0,0,0,0,0,0,0,0.0,0.171469333910289,0.09960853056805628,0.11289262830248219,0.10907313827944802,0.19019634168442984,0.34889335454070436,0.5085265404159628,0.5980507917212129,0.6654156030515143,0.7188974276818932,0.7953216332889194,0.8346543560783266,0.745474525406451,0.735021619967755,0.7714248632298973,0
2021-05-01,0,0,0,0,0,0,0,0.0,0.0,0.0,0.0,0.0,0.0,0.0,0.0,0.0,0.0,0.0,0.0,0.0,0.0,0.0,0.0,0
2021-05-02,0,0,0,0,0,0,0,0.0,0.0,0.0,0.0,0.0,0.0,0.0,0.0,0.0,0.0,0.0,0.0,0.0,0.0,0.0,0.0,0
2021-05-03,0,0,0,0,0,0,0,0.0,0.0,0.0,0.0,0.0,0.0,0.0,0.0,0.0,0.0,0.0,0.0,0.0,0.0,0.0,0.0,0
2021-05-04,0,0,0,0,0,0,0,0.0,0.17235755592595264,0.20702865182006444,0.3041850519493598,0.402005590408315,0.4968717699380422,0.5711729564500709,0.6088436900006398,0.6523668640307956,0.6768755356787336,0.7048622448879145,0.7698928371957745,0.8416453831083701,0.8044852382708082,0.7601819387087062,0.8104335064814573,0
2021-05-05,0,0,0,0,0,0,0,0.0,0.39747395816029263,0.43702250396637987,0.5723280501775965,0.6205443879376288,0.6713783895379664,0.6977536842084051,0.7111923707313653,0.7400032265617615,0.7391326209741479,0.7487806870400435,0.7809604460417984,0.8176714897813984,0.750291498996909,0.7766306265494358,0.8219014197209915,0
2021-05-06,0,0,0,0,0,0,0,0.0,0.22955623542845258,0.23645484300367547,0.3699020757698657,0.4922550674731312,0.5564265483675626,0.6003244507969996,0.6628487030104452,0.7089660644344741,0.7300467734312455,0.7258904234074445,0.7735213354879039,0.7770263738490426,0.7456658354678877,0.7766306265494358,0.8219014197209915,0
2021-05-07,0,0,0,0,0,0,0,0.3071470581718411,0.28880060671004926,0.1646333446867719,0.2994786696909282,0.42198476054754525,0.5194655658213492,0.5533644611202594,0.633633562420591,0.6662448105269551,0.6948975536223438,0.7071419453594212,0.7487790652091718,0.777168251692676,0.7597986941942341,0.7749255341980705,0.8219014197209915,0
2021-05-08,0,0,0,0,0,0,0,0.0,0.24879628957497402,0.11577829669281665,0.219474103660866,0.32778313341682325,0.4334242938559031,0.49267531728463804,0.5160518985038629,0.49389338791951914,0.5138008121742411,0.5003607456961833,0.48395831622086166,0.5155309783670894,0.6132748800749662,0.6001208431798235,0.717133661814635,0
2021-05-09,0,0,0,0,0,0,0,0.0,0.23996158774567208,0.10859628645460272,0.21233019653638277,0.30520507123024604,0.4152067981021515,0.5091467832861813,0.587182859282151,0.6596141740199783,0.7053848348067264,0.7086418469227328,0.7609063304689223,0.7861510712595564,0.7917699428165571,0.6736984752714683,0.7807270629748638,0
2021-05-10,0,0,0,0,0,0,0,0.0,0.09770603635559834,0.0941592400527276,0.2079524983407219,0.29909845735723223,0.4216552422947256,0.5313267203807417,0.6237706741811794,0.6757781461075824,0.6933574867575691,0.6973169992298054,0.742404604262275,0.7572529255623703,0.7848685959093668,0.6733409549142102,0.7807270629748638,0
2021-05-11,0,0,0,0,0,0,0,0.0,0.10112077247964246,0.10001961088201115,0.15684672867167054,0.26031227503211446,0.39028167572930017,0.4856854692675882,0.573768642434606,0.6316687159336632,0.6650636716116076,0.6867620096446022,0.7834764066368192,0.8491681088614339,0.833642263111257,0.635702912048845,0.8170198554635703,0
2021-05-12,0,0,0,0,0,0,0,0.0,0.12608942155548875,0.08029871134794564,0.16766858186951858,0.24602558980832961,0.38112665830810116,0.5000094639599528,0.5987797398860074,0.6471158704401107,0.6953607841658407,0.7248001696702278,0.8001376735729597,0.8480112762660521,0.8043022481405233,0.6865629097055713,0.7212847181837222,0
2021-05-13,0,0,0,0,0,0,0,0.0,0.12414463356582707,0.15271327325029857,0.23232621506717052,0.28758452224822,0.3918666240369164,0.492104436374509,0.5938753835556019,0.6296994525703978,0.6723430088765668,0.7342646874468881,0.8117265846427839,0.8657778178008689,0.790947781638204,0.6090599005756292,0.802833810080283,0
2021-05-14,0,0,0,0,0,0,0,0.0,0.0,0.0,0.0,0.0,0.0,0.0,0.0,0.0,0.0,0.0,0.0,0.0,0.0,0.0,0.0,0
2021-05-15,0,0,0,0,0,0,0,0.0,0.0,0.0,0.0,0.0,0.0,0.0,0.0,0.0,0.0,0.0,0.0,0.0,0.0,0.0,0.0,0
2021-05-16,0,0,0,0,0,0,0,0.0,0.0,0.0,0.0,0.0,0.0,0.0,0.0,0.0,0.0,0.0,0.0,0.0,0.0,0.0,0.0,0
2021-05-17,0,0,0,0,0,0,0,0.0,0.0,0.0,0.0,0.0,0.0,0.0,0.0,0.0,0.0,0.0,0.0,0.0,0.0,0.0,0.0,0
2021-05-18,0,0,0,0,0,0,0,0.11181307572651958,0.087915964261558,0.0996743928654968,0.19513121397730634,0.2776706210753008,0.3610955398423514,0.43783090275688913,0.569252879743545,0.6367528801766031,0.6679901336721676,0.672578443798418,0.750589972516761,0.7642364992883596,0.6862408472787229,0.7322680249181606,0.4812825425433759,0
2021-05-19,0,0,0,0,0,0,0,0.0,0.0,0.0,0.0,0.0,0.0,0.0,0.0,0.0,0.0,0.0,0.0,0.0,0.0,0.0,0.0,0
2021-05-20,0,0,0,0,0,0,0,0.0,0.0,0.0,0.0,0.0,0.0,0.0,0.0,0.0,0.0,0.0,0.0,0.0,0.0,0.0,0.0,0
2021-05-21,0,0,0,0,0,0,0,0.0,0.0,0.0,0.0,0.0,0.0,0.0,0.0,0.0,0.0,0.0,0.0,0.0,0.0,0.0,0.0,0
2021-05-22,0,0,0,0,0,0,0,0.0,0.0,0.0,0.0,0.0,0.0,0.0,0.0,0.0,0.0,0.0,0.0,0.0,0.0,0.0,0.0,0
2021-05-23,0,0,0,0,0,0,0,0.0,0.0,0.0,0.0,0.0,0.0,0.0,0.0,0.0,0.0,0.0,0.0,0.0,0.0,0.0,0.0,0
2021-05-24,0,0,0,0,0,0,0,0.0,0.0,0.0,0.0,0.0,0.0,0.0,0.0,0.0,0.0,0.0,0.0,0.0,0.0,0.0,0.0,0
2021-05-25,0,0,0,0,0,0,0,0.0,0.0,0.0,0.0,0.0,0.0,0.0,0.0,0.0,0.0,0.0,0.0,0.0,0.0,0.0,0.0,0
2021-05-26,0,0,0,0,0,0,0,0.9342553918744645,0.9079640643234054,0.8633872955550008,0.8671894302346913,0.8676784345536575,0.8745349159574262,0.8645534220965817,0.895889785894394,0.9068186922256672,0.9009980430305411,0.8938908436881495,0.8857695093127084,0.8871191589979194,0.8871716133325556,0.9269871015203993,0.8125536219067028,0
2021-05-27,0,0,0,0,0,0,0,0.964634873446849,0.9052179744724954,0.802741352497169,0.8020368708627322,0.8215897513623459,0.8288968242905685,0.7960729089050629,0.8285967061705725,0.8455782974763589,0.8537858924380342,0.8649728004202777,0.8586808417975953,0.8523569742669076,0.7948814159414246,0.9269871015203993,0.8125536219067028,0
2021-05-28,0,0,0,0,0,0,0,0.43820294182815894,0.5712161520737479,0.7118872989871895,0.6901932885447167,0.7168178496727088,0.7304502141487773,0.7279866957955001,0.7650398076079519,0.7774879160707114,0.786078597839239,0.8207203507660741,0.8179087565998445,0.8215787324358,0.7507193351210875,0.7875948011154973,0.6903000000000001,0
2021-05-29,0,0,0,0,0,0,0,0.43820294182815894,0.566027123321849,0.6752493123804741,0.6953510560621954,0.6861675857438697,0.6919816280448418,0.7117199813193227,0.7609284545794999,0.779757678367431,0.7963300866615358,0.8135956708479692,0.8077466964740134,0.8100615087467326,0.7475566750612558,0.8181228895625688,0.6903000000000001,0
2021-05-30,0,0,0,0,0,0,0,0.9694176465374729,0.8265797595004413,0.7394429517142155,0.749805177479794,0.716038845214797,0.7130651963954384,0.7378967075892895,0.7949428625622204,0.8089311377466233,0.7985251509997284,0.8006014856719983,0.7957222587762363,0.804400533690427,0.7915455234934801,0.7414107083078517,0.6903000000000001,0
2021-05-31,0,0,0,0,0,0,0,0.9694176465374729,0.8265797595004413,0.7396362472324232,0.7556728380228107,0.7300513480575004,0.7401901576111223,0.746610420044017,0.8010709947437392,0.7882753755426752,0.7864617764058273,0.7804747495404114,0.7728840704736806,0.8004288137058996,0.7881565749615264,0.8224094594859925,0.8309455833738203,0
2021-06-01,0,0,0,0,0,0,0,0.0,0.0,0.0,0.0,0.0,0.0,0.0,0.0,0.0,0.0,0.0,0.0,0.0,0.0,0.0,0.0,0
2021-06-02,0,0,0,0,0,0,0,1.0,0.9340965312330571,0.9537146361040477,0.948883444483257,0.9136879850620444,0.9044495637451911,0.8747284488429796,0.8773138705319196,0.884844570633846,0.8695056128343767,0.863802248555385,0.8445682053383918,0.8543050546629838,0.8380874613540372,0.8350789590244669,0.8355555029732965,0
2021-06-03,0,0,0,0,0,0,0,0.9944783666307891,0.9194525855381844,0.9023830636339408,0.9416661155961652,0.9168016355970041,0.9118838755895367,0.8858961477161461,0.8881618019526316,0.8969581105995825,0.8769082730774123,0.8692644506056197,0.8452711373754629,0.8543050819281167,0.8234728122131814,0.7189581722157491,0.8355555029732965,0
2021-06-04,0,0,0,0,0,0,0,0.9444,0.9107974936460983,0.8386348700613564,0.9039012076959824,0.9053429084292574,0.9003919699890828,0.8776605910281864,0.8752423004962708,0.8818695812486333,0.8662055744487457,0.8568283273330605,0.8435541524864838,0.8557447888511358,0.8299131398326175,0.7264152586337955,0.8355555029732965,0
2021-06-05,0,0,0,0,0,0,0,0.0,0.0,0.0,0.0,0.0,0.0,0.0,0.0,0.0,0.0,0.0,0.0,0.0,0.0,0.0,0.0,0
2021-06-06,0,0,0,0,0,0,0,0.0,0.0,0.0,0.0,0.0,0.0,0.0,0.0,0.0,0.0,0.0,0.0,0.0,0.0,0.0,0.0,0
2021-06-07,0,0,0,0,0,0,0,0.8838999999999999,0.827996747082185,0.7815342557383386,0.8573548600988184,0.8660776114533705,0.8780024052263866,0.8435802606932928,0.6941897581922494,0.6100305583272067,0.777159615245444,0.8477239741979714,0.870619952570213,0.901248392293053,0.8525829109929532,0.9166340308295768,0.927520117878925,0
2021-06-08,0,0,0,0,0,0,0,0.8838999999999999,0.827996747082185,0.7815561978497656,0.8554590981194956,0.8520046175182665,0.8400662785654207,0.7920395982128425,0.6467995072844728,0.5617617933974468,0.7752810482020475,0.8580743851045655,0.8767298349376931,0.9097247873243991,0.9267252059850826,0.9165153595680912,0.927520117878925,0
2021-06-09,0,0,0,0,0,0,0,0.8838999999999999,0.8312943468367799,0.7708893988106438,0.844143610501005,0.8592771605902413,0.874984366281609,0.8762260784776645,0.8878128957089534,0.8516519389839389,0.8265661971015925,0.8225239534558256,0.7604179972060413,0.7205138380964728,0.7744057280572891,0.5467996379348827,0.6348977782995137,0
2021-06-10,0,0,0,0,0,0,0,0.7705441185594224,0.7504352357834485,0.7886640558223843,0.8795170085417088,0.8959259950728258,0.9193007759695289,0.9210088325761233,0.9215004493880845,0.938784654022604,0.931674216310183,0.923124787514788,0.9162766015274164,0.9058247711229235,0.8764683827902726,0.9154478998947303,0.8654107405010165,0
2021-06-11,0,0,0,0,0,0,0,0.7705441185594224,0.7892402430490543,0.7725975713050932,0.9016224807658089,0.902806416601521,0.9203029366544715,0.9303339475588172,0.9359978614496093,0.9394546282769577,0.9295721759464269,0.9207561921342285,0.9235434833060835,0.9141417367481459,0.8910209967430485,0.9214694091001625,0.926426275868143,0
2021-06-12,0,0,0,0,0,0,0,0.8346823534625272,0.8373649908702022,0.7776300680361979,0.8678228848650819,0.8745015476075436,0.8967239892646555,0.8919341235357152,0.9112717637299432,0.9231158295786962,0.9129258034222629,0.9201155775614557,0.9268033972286526,0.9288260665526596,0.9343645713686162,0.9543916489049044,0.926426275868143,0
2021-06-13,0,0,0,0,0,0,0,0.8959999999999999,0.8440601085401357,0.7531833038383312,0.8910355641650045,0.8826914699564569,0.8989323911970782,0.905471222990086,0.9320757304877593,0.9275662204383457,0.8975209978290787,0.8882184761540964,0.8863440006038789,0.8884335552940483,0.9327998818758922,0.9406969419687159,0.9354017170055772,0
2021-06-14,0,0,0,0,0,0,0,0.8142029373966784,0.6698027597263192,0.6902597845396938,0.8060338701844663,0.8142145014902782,0.828959613301343,0.8552693579749017,0.8693577954950722,0.8627697359304108,0.8439342577914641,0.8310966773870883,0.8645412194828049,0.8334297685035024,0.9052730519073965,0.7324016877191999,0.8121721358656114,0
2021-06-15,0,0,0,0,0,0,0,0.0,0.0,0.0,0.0,0.0,0.0,0.0,0.0,0.0,0.0,0.0,0.0,0.0,0.0,0.0,0.0,0
2021-06-16,0,0,0,0,0,0,0,0.8234,0.8546093893302124,0.7596337272045532,0.7871790988327849,0.8140306846471231,0.7888080876127569,0.7601221579105646,0.7482892855901352,0.7456260309707238,0.7521806453838189,0.7064825160871611,0.6211143029873611,0.44681979924320103,0.6987089173132817,0.055241134560571094,0.0,0
2021-06-17,0,0,0,0,0,0,0,0.8234,0.7952856455273691,0.7808002618630399,0.8034056257984891,0.8328597058203869,0.8382320958530768,0.8022862171363581,0.7771890926113245,0.7860049368631106,0.7856220853598715,0.7900192876790751,0.8513542000075267,0.8443213084139091,0.7201606986154411,0.4561512219351409,0.4639607572257239,0
2021-06-18,0,0,0,0,0,0,0,0.7027676487532131,0.7047302085165742,0.7202024434712901,0.7885824151794686,0.818850730837395,0.8329698806486164,0.8203064042089298,0.8102613489382774,0.8092052669972009,0.8257605717454927,0.8214360317532559,0.8681038807840549,0.8435191726443249,0.70434133163641,0.4561512219351409,0.4639607572257239,0
2021-06-19,0,0,0,0,0,0,0,0.8088470603875814,0.7586080190226951,0.7021731743553229,0.8085110002437823,0.8163915686633074,0.8394550008615638,0.837682166427867,0.8513728051697561,0.8676084164065032,0.8730617763111195,0.8649593353093992,0.8872106756287708,0.8881098768285411,0.7605360589411898,0.4408358088488117,0.4638179956195415,0
2021-06-20,0,0,0,0,0,0,0,0.9202,0.8046569656130023,0.7252961108430018,0.8243029025016009,0.8379598744384269,0.8600497107155907,0.8663909233092353,0.8855718518048399,0.900580705713341,0.9030940092261124,0.868492077563137,0.820662893835584,0.7585380112709195,0.8415140357191948,0.5315138391360932,0.0015718283680506574,0
2021-06-21,0,0,0,0,0,0,0,0.8258529396124187,0.7006196249457298,0.6915493667350479,0.7881685549930786,0.8008390619476928,0.817353393883733,0.8235191882071996,0.8607603474297334,0.8798509020162318,0.8558033659745785,0.8659268412293825,0.9056953413275902,0.9318397016565884,0.8988881906937898,0.8364380921840971,0.7203703115492442,0
2021-06-22,0,0,0,0,0,0,0,0.0,0.0,0.0,0.0,0.0,0.0,0.0,0.0,0.0,0.0,0.0,0.0,0.0,0.0,0.0,0.0,0
2021-06-23,0,0,0,0,0,0,0,0.0,0.0,0.0,0.0,0.0,0.0,0.0,0.0,0.0,0.0,0.0,0.0,0.0,0.0,0.0,0.0,0
2021-06-24,0,0,0,0,0,0,0,0.0,0.0,0.0,0.0,0.0,0.0,0.0,0.0,0.0,0.0,0.0,0.0,0.0,0.0,0.0,0.0,0
2021-06-25,0,0,0,0,0,0,0,0.0,0.0,0.0,0.0,0.0,0.0,0.0,0.0,0.0,0.0,0.0,0.0,0.0,0.0,0.0,0.0,0
2021-06-26,0,0,0,0,0,0,0,0.8959999999999999,0.9470485593698743,0.8714792007292831,0.8365656636612006,0.8622736135803674,0.8540721629848596,0.8284569849782646,0.8156387080117189,0.8392887351109952,0.8564906692882444,0.8530298317387203,0.8900092496930705,0.8488722846951212,0.7569923349107253,0.04902921678967124,0.0,0
2021-06-27,0,0,0,0,0,0,0,0.8959999999999999,0.9475031914311416,0.8855408340507739,0.868025576270539,0.8728281121089393,0.8664242962268576,0.8444508878356861,0.8201859695862604,0.832071154768101,0.8475608532767908,0.8379096963791498,0.8317415288466947,0.8226468336143462,0.8747600100603251,0.7315640304529046,0.0023401340903662572,0
2021-06-28,0,0,0,0,0,0,0,0.9686,0.9449503987714886,0.88066548202824,0.871928611102574,0.8778755128316627,0.8654039158768473,0.8404669677959254,0.8253617876594864,0.8391527456498743,0.8454617067082976,0.837770874419574,0.8297884878933637,0.8263216189538872,0.873284564322385,0.7749384743634101,0.7346535394468657,0
2021-06-29,0,0,0,0,0,0,0,0.9926804566379474,0.9555799561856283,0.9276267450813307,0.9038928115709618,0.8914785151299902,0.8755723595957033,0.8459131694643097,0.832200686125831,0.8451663077849779,0.8461504010360226,0.8358061079927576,0.8283829947745907,0.8229341765539828,0.879342301920449,0.789883979495377,0.7346535394468657,0
2021-06-30,0,0,0,0,0,0,0,0.0,0.0,0.0,0.0,0.0,0.0,0.0,0.0,0.0,0.0,0.0,0.0,0.0,0.0,0.0,0.0,0
2021-07-01,0,0,0,0,0,0,0,0.9898598682723155,0.976054010250572,0.9486788993945603,0.9221908485500883,0.9124662126679736,0.8991486463165084,0.8722322896632567,0.8618647330744406,0.8664900655355798,0.8754663265886139,0.8820732952856887,0.9009995935335683,0.8909591853905678,0.8867687392486159,0.8291446941748927,0.8170120202194963,0
2021-07-02,0,0,0,0,0,0,0,0.9898598682723155,0.976054010250572,0.9486788993945603,0.9221908485500883,0.9124662126679736,0.8991486463165084,0.8722322896632567,0.8618647330744406,0.8664900655355798,0.8754663265886139,0.8820732952856887,0.9009995935335683,0.8909591853905678,0.8867687392486159,0.8291446941748927,0.8170120202194963,0
2021-07-03,0,0,0,0,0,0,0,0.0,0.0,0.0,0.0,0.0,0.0,0.0,0.0,0.0,0.0,0.0,0.0,0.0,0.0,0.0,0.0,0
2021-07-04,0,0,0,0,0,0,0,1.0,0.992221375960594,0.9668574376283172,0.9520621819190769,0.9429293142780322,0.9371080432227783,0.9153919817178159,0.9090361240383756,0.9061229083080294,0.9075003951065307,0.9076126863916953,0.9168979047649575,0.9234593830596746,0.8695217703435097,0.8873798487461952,0.9076004732403303,0
2021-07-05,0,0,0,0,0,0,0,1.0,0.9773320455858957,0.9461107840491496,0.9458724505597962,0.9394169073047036,0.9317806121204678,0.9032478585020189,0.8998027949679926,0.9061580277391981,0.9030782664089358,0.9031217679321051,0.9082323789993517,0.9255024945519608,0.9010441019854002,0.8873798487461952,0.9076004732403303,0
2021-07-06,0,0,0,0,0,0,0,0.9899794116343682,0.9678982238046443,0.872857728713113,0.9191046139201209,0.898359054816719,0.8865009684804717,0.8513098219196572,0.8628376446693653,0.8843672847741015,0.8714018440421271,0.8760597428867577,0.8933357644629563,0.9295566356572157,0.9015164831506741,0.8726427151602085,0.8053591245423506,0
2021-07-07,0,0,0,0,0,0,0,0.9899794116343682,0.9731959985015485,0.9219453995682789,0.9269601194640228,0.9146696309129377,0.908875858366081,0.8752735302830635,0.8982650452096993,0.9197310690217045,0.9056389806538845,0.8951080454992997,0.9258761627893544,0.9485231053288086,0.9196061933647122,0.9627084919035384,0.8812199377286026,0
2021-07-08,0,0,0,0,0,0,0,1.0,0.975048426625006,0.9628402726260037,0.973257011823038,0.9532054870945056,0.9467176629838773,0.9314766705750713,0.9386830455042723,0.9437899902468032,0.932650070014943,0.9287320156211042,0.9316789422113783,0.9450703353038891,0.9129304447146269,0.9627084919035384,0.8812199377286026,0
2021-07-09,0,0,0,0,0,0,0,1.0,0.9731072692962619,0.9420157264396801,0.9557499405071538,0.9436549314746145,0.9379177332801726,0.9232471984366922,0.9313690253545334,0.9406640623516316,0.9395495614242303,0.9334402683974614,0.9299650687983411,0.9593765306842283,0.8836638197889045,0.8862316771806265,0.8349068119728924,0
2021-07-10,0,0,0,0,0,0,0,1.0,0.9766171701731783,0.9428828866092607,0.9520911111882114,0.9354343523795322,0.9251931322900493,0.9127624346573412,0.9246690240433509,0.9222720445508663,0.9240398651706169,0.9273274396731997,0.9191421720249592,0.9589021714907,0.8943543311447504,0.8769117685507682,0.8349291122746633,0
2021-07-11,0,0,0,0,0,0,0,1.0,0.9766171701731783,0.9311146430329904,0.9475802885123037,0.9302906496285869,0.9212583809575147,0.9101450246922478,0.9242172682551913,0.9222720445508663,0.9240398651706169,0.9272320017739988,0.9191421720249592,0.9589021714907,0.8943543311447504,0.8769117685507682,0.8349291122746633,0
2021-07-12,0,0,0,0,0,0,0,1.0,0.957027128173182,0.9201390153449475,0.9210664859966544,0.8878328638883648,0.8883311712114156,0.8813977495377457,0.9009734797148984,0.9070156202161798,0.8931196494931071,0.9037961182520521,0.9252851829281384,0.962776131392338,0.8887279277592377,0.7560082839541823,0.0022858846800169414,0
2021-07-13,0,0,0,0,0,0,0,1.0,0.957027128173182,0.9327856992282011,0.9255960475075471,0.8918162357428439,0.890360968898629,0.882481849579697,0.9014581149780914,0.9070156202161798,0.8931196494931071,0.9037961182520521,0.9252851829281384,0.962776131392338,0.8887279277592377,0.7560082839541823,0.0022858846800169414,0
2021-07-14,0,0,0,0,0,0,0,0.0,0.0,0.0,0.0,0.0,0.0,0.0,0.0,0.0,0.0,0.0,0.0,0.0,0.0,0.0,0.0,0
2021-07-15,0,0,0,0,0,0,0,0.0,0.0,0.0,0.0,0.0,0.0,0.0,0.0,0.0,0.0,0.0,0.0,0.0,0.0,0.0,0.0,0
2021-07-16,0,0,0,0,0,0,0,0.0,0.0,0.0,0.0,0.0,0.0,0.0,0.0,0.0,0.0,0.0,0.0,0.0,0.0,0.0,0.0,0
2021-07-17,0,0,0,0,0,0,0,0.0,0.0,0.0,0.0,0.0,0.0,0.0,0.0,0.0,0.0,0.0,0.0,0.0,0.0,0.0,0.0,0
2021-07-18,0,0,0,0,0,0,0,0.0,0.0,0.0,0.0,0.0,0.0,0.0,0.0,0.0,0.0,0.0,0.0,0.0,0.0,0.0,0.0,0
2021-07-19,0,0,0,0,0,0,0,0.0,0.0,0.0,0.0,0.0,0.0,0.0,0.0,0.0,0.0,0.0,0.0,0.0,0.0,0.0,0.0,0
2021-07-20,0,0,0,0,0,0,0,0.0,0.0,0.0,0.0,0.0,0.0,0.0,0.0,0.0,0.0,0.0,0.0,0.0,0.0,0.0,0.0,0
2021-07-21,0,0,0,0,0,0,0,0.0,0.0,0.0,0.0,0.0,0.0,0.0,0.0,0.0,0.0,0.0,0.0,0.0,0.0,0.0,0.0,0
2021-07-22,0,0,0,0,0,0,0,0.0,0.0,0.0,0.0,0.0,0.0,0.0,0.0,0.0,0.0,0.0,0.0,0.0,0.0,0.0,0.0,0
2021-07-23,0,0,0,0,0,0,0,0.0,0.0,0.0,0.0,0.0,0.0,0.0,0.0,0.0,0.0,0.0,0.0,0.0,0.0,0.0,0.0,0
2021-07-24,0,0,0,0,0,0,0,0.0,0.0,0.0,0.0,0.0,0.0,0.0,0.0,0.0,0.0,0.0,0.0,0.0,0.0,0.0,0.0,0
2021-07-25,0,0,0,0,0,0,0,0.0,0.0,0.0,0.0,0.0,0.0,0.0,0.0,0.0,0.0,0.0,0.0,0.0,0.0,0.0,0.0,0
2021-07-26,0,0,0,0,0,0,0,0.0,0.0,0.0,0.0,0.0,0.0,0.0,0.0,0.0,0.0,0.0,0.0,0.0,0.0,0.0,0.0,0
2021-07-27,0,0,0,0,0,0,0,0.0,0.0,0.0,0.0,0.0,0.0,0.0,0.0,0.0,0.0,0.0,0.0,0.0,0.0,0.0,0.0,0
2021-07-28,0,0,0,0,0,0,0,0.0,0.0,0.0,0.0,0.0,0.0,0.0,0.0,0.0,0.0,0.0,0.0,0.0,0.0,0.0,0.0,0
2021-07-29,0,0,0,0,0,0,0,0.0,0.0,0.0,0.0,0.0,0.0,0.0,0.0,0.0,0.0,0.0,0.0,0.0,0.0,0.0,0.0,0
2021-07-30,0,0,0,0,0,0,0,0.0,0.0,0.0,0.0,0.0,0.0,0.0,0.0,0.0,0.0,0.0,0.0,0.0,0.0,0.0,0.0,0
2021-07-31,0,0,0,0,0,0,0,0.0,0.0,0.0,0.0,0.0,0.0,0.0,0.0,0.0,0.0,0.0,0.0,0.0,0.0,0.0,0.0,0
2021-08-01,0,0,0,0,0,0,0,0.0,0.0,0.0,0.0,0.0,0.0,0.0,0.0,0.0,0.0,0.0,0.0,0.0,0.0,0.0,0.0,0
2021-08-02,0,0,0,0,0,0,0,0.0,0.0,0.0,0.0,0.0,0.0,0.0,0.0,0.0,0.0,0.0,0.0,0.0,0.0,0.0,0.0,0
2021-08-03,0,0,0,0,0,0,0,0.0,0.0,0.0,0.0,0.0,0.0,0.0,0.0,0.0,0.0,0.0,0.0,0.0,0.0,0.0,0.0,0
2021-08-04,0,0,0,0,0,0,0,0.0,0.0,0.0,0.0,0.0,0.0,0.0,0.0,0.0,0.0,0.0,0.0,0.0,0.0,0.0,0.0,0
2021-08-05,0,0,0,0,0,0,0,0.0,0.0,0.0,0.0,0.0,0.0,0.0,0.0,0.0,0.0,0.0,0.0,0.0,0.0,0.0,0.0,0
2021-08-06,0,0,0,0,0,0,0,0.0,0.0,0.0,0.0,0.0,0.0,0.0,0.0,0.0,0.0,0.0,0.0,0.0,0.0,0.0,0.0,0
2021-08-07,0,0,0,0,0,0,0,0.0,0.0,0.0,0.0,0.0,0.0,0.0,0.0,0.0,0.0,0.0,0.0,0.0,0.0,0.0,0.0,0
2021-08-08,0,0,0,0,0,0,0,0.0,0.0,0.0,0.0,0.0,0.0,0.0,0.0,0.0,0.0,0.0,0.0,0.0,0.0,0.0,0.0,0
2021-08-09,0,0,0,0,0,0,0,0.0,0.0,0.0,0.0,0.0,0.0,0.0,0.0,0.0,0.0,0.0,0.0,0.0,0.0,0.0,0.0,0
2021-08-10,0,0,0,0,0,0,0,0.0,0.0,0.0,0.0,0.0,0.0,0.0,0.0,0.0,0.0,0.0,0.0,0.0,0.0,0.0,0.0,0
2021-08-11,0,0,0,0,0,0,0,0.0,0.0,0.0,0.0,0.0,0.0,0.0,0.0,0.0,0.0,0.0,0.0,0.0,0.0,0.0,0.0,0
2021-08-12,0,0,0,0,0,0,0,0.0,0.0,0.0,0.0,0.0,0.0,0.0,0.0,0.0,0.0,0.0,0.0,0.0,0.0,0.0,0.0,0
2021-08-13,0,0,0,0,0,0,0,0.0,0.0,0.0,0.0,0.0,0.0,0.0,0.0,0.0,0.0,0.0,0.0,0.0,0.0,0.0,0.0,0
2021-08-14,0,0,0,0,0,0,0,0.0,0.0,0.0,0.0,0.0,0.0,0.0,0.0,0.0,0.0,0.0,0.0,0.0,0.0,0.0,0.0,0
2021-08-15,0,0,0,0,0,0,0,0.0,0.0,0.0,0.0,0.0,0.0,0.0,0.0,0.0,0.0,0.0,0.0,0.0,0.0,0.0,0.0,0
2021-08-16,0,0,0,0,0,0,0,0.0,0.0,0.0,0.0,0.0,0.0,0.0,0.0,0.0,0.0,0.0,0.0,0.0,0.0,0.0,0.0,0
2021-08-17,0,0,0,0,0,0,0,0.0,0.0,0.0,0.0,0.0,0.0,0.0,0.0,0.0,0.0,0.0,0.0,0.0,0.0,0.0,0.0,0
2021-08-18,0,0,0,0,0,0,0,0.0,0.0,0.0,0.0,0.0,0.0,0.0,0.0,0.0,0.0,0.0,0.0,0.0,0.0,0.0,0.0,0
2021-08-19,0,0,0,0,0,0,0,0.0,0.0,0.0,0.0,0.0,0.0,0.0,0.0,0.0,0.0,0.0,0.0,0.0,0.0,0.0,0.0,0
2021-08-20,0,0,0,0,0,0,0,0.0,0.0,0.0,0.0,0.0,0.0,0.0,0.0,0.0,0.0,0.0,0.0,0.0,0.0,0.0,0.0,0
2021-08-21,0,0,0,0,0,0,0,0.0,0.0,0.0,0.0,0.0,0.0,0.0,0.0,0.0,0.0,0.0,0.0,0.0,0.0,0.0,0.0,0
2021-08-22,0,0,0,0,0,0,0,0.0,0.0,0.0,0.0,0.0,0.0,0.0,0.0,0.0,0.0,0.0,0.0,0.0,0.0,0.0,0.0,0
2021-08-23,0,0,0,0,0,0,0,0.0,0.0,0.0,0.0,0.0,0.0,0.0,0.0,0.0,0.0,0.0,0.0,0.0,0.0,0.0,0.0,0
2021-08-24,0,0,0,0,0,0,0,0.0,0.0,0.0,0.0,0.0,0.0,0.0,0.0,0.0,0.0,0.0,0.0,0.0,0.0,0.0,0.0,0
2021-08-25,0,0,0,0,0,0,0,0.0,0.0,0.0,0.0,0.0,0.0,0.0,0.0,0.0,0.0,0.0,0.0,0.0,0.0,0.0,0.0,0
2021-08-26,0,0,0,0,0,0,0,0.0,0.0,0.0,0.0,0.0,0.0,0.0,0.0,0.0,0.0,0.0,0.0,0.0,0.0,0.0,0.0,0
2021-08-27,0,0,0,0,0,0,0,0.0,0.0,0.0,0.0,0.0,0.0,0.0,0.0,0.0,0.0,0.0,0.0,0.0,0.0,0.0,0.0,0
2021-08-28,0,0,0,0,0,0,0,0.0,0.0,0.0,0.0,0.0,0.0,0.0,0.0,0.0,0.0,0.0,0.0,0.0,0.0,0.0,0.0,0
2021-08-29,0,0,0,0,0,0,0,0.0,0.0,0.0,0.0,0.0,0.0,0.0,0.0,0.0,0.0,0.0,0.0,0.0,0.0,0.0,0.0,0
2021-08-30,0,0,0,0,0,0,0,0.0,0.0,0.0,0.0,0.0,0.0,0.0,0.0,0.0,0.0,0.0,0.0,0.0,0.0,0.0,0.0,0
2021-08-31,0,0,0,0,0,0,0,0.0,0.0,0.0,0.0,0.0,0.0,0.0,0.0,0.0,0.0,0.0,0.0,0.0,0.0,0.0,0.0,0
2021-09-01,0,0,0,0,0,0,0,0.0,0.0,0.0,0.0,0.0,0.0,0.0,0.0,0.0,0.0,0.0,0.0,0.0,0.0,0.0,0.0,0
2021-09-02,0,0,0,0,0,0,0,0.0,0.0,0.0,0.0,0.0,0.0,0.0,0.0,0.0,0.0,0.0,0.0,0.0,0.0,0.0,0.0,0
2021-09-03,0,0,0,0,0,0,0,0.0,0.0,0.0,0.0,0.0,0.0,0.0,0.0,0.0,0.0,0.0,0.0,0.0,0.0,0.0,0.0,0
2021-09-04,0,0,0,0,0,0,0,0.0,0.0,0.0,0.0,0.0,0.0,0.0,0.0,0.0,0.0,0.0,0.0,0.0,0.0,0.0,0.0,0
2021-09-05,0,0,0,0,0,0,0,0.0,0.0,0.0,0.0,0.0,0.0,0.0,0.0,0.0,0.0,0.0,0.0,0.0,0.0,0.0,0.0,0
2021-09-06,0,0,0,0,0,0,0,0.0,0.0,0.0,0.0,0.0,0.0,0.0,0.0,0.0,0.0,0.0,0.0,0.0,0.0,0.0,0.0,0
2021-09-07,0,0,0,0,0,0,0,0.0,0.0,0.0,0.0,0.0,0.0,0.0,0.0,0.0,0.0,0.0,0.0,0.0,0.0,0.0,0.0,0
2021-09-08,0,0,0,0,0,0,0,0.0,0.0,0.0,0.0,0.0,0.0,0.0,0.0,0.0,0.0,0.0,0.0,0.0,0.0,0.0,0.0,0
2021-09-09,0,0,0,0,0,0,0,0.0,0.0,0.0,0.0,0.0,0.0,0.0,0.0,0.0,0.0,0.0,0.0,0.0,0.0,0.0,0.0,0
2021-09-10,0,0,0,0,0,0,0,0.0,0.0,0.0,0.0,0.0,0.0,0.0,0.0,0.0,0.0,0.0,0.0,0.0,0.0,0.0,0.0,0
2021-09-11,0,0,0,0,0,0,0,0.0,0.0,0.0,0.0,0.0,0.0,0.0,0.0,0.0,0.0,0.0,0.0,0.0,0.0,0.0,0.0,0
2021-09-12,0,0,0,0,0,0,0,0.0,0.0,0.0,0.0,0.0,0.0,0.0,0.0,0.0,0.0,0.0,0.0,0.0,0.0,0.0,0.0,0
2021-09-13,0,0,0,0,0,0,0,0.0,0.0,0.0,0.0,0.0,0.0,0.0,0.0,0.0,0.0,0.0,0.0,0.0,0.0,0.0,0.0,0
2021-09-14,0,0,0,0,0,0,0,0.0,0.0,0.0,0.0,0.0,0.0,0.0,0.0,0.0,0.0,0.0,0.0,0.0,0.0,0.0,0.0,0
2021-09-15,0,0,0,0,0,0,0,0.0,0.0,0.0,0.0,0.0,0.0,0.0,0.0,0.0,0.0,0.0,0.0,0.0,0.0,0.0,0.0,0
2021-09-16,0,0,0,0,0,0,0,0.0,0.0,0.0,0.0,0.0,0.0,0.0,0.0,0.0,0.0,0.0,0.0,0.0,0.0,0.0,0.0,0
2021-09-17,0,0,0,0,0,0,0,0.0,0.0,0.0,0.0,0.0,0.0,0.0,0.0,0.0,0.0,0.0,0.0,0.0,0.0,0.0,0.0,0
2021-09-18,0,0,0,0,0,0,0,0.0,0.0,0.0,0.0,0.0,0.0,0.0,0.0,0.0,0.0,0.0,0.0,0.0,0.0,0.0,0.0,0
2021-09-19,0,0,0,0,0,0,0,0.0,0.0,0.0,0.0,0.0,0.0,0.0,0.0,0.0,0.0,0.0,0.0,0.0,0.0,0.0,0.0,0
2021-09-20,0,0,0,0,0,0,0,0.0,0.0,0.0,0.0,0.0,0.0,0.0,0.0,0.0,0.0,0.0,0.0,0.0,0.0,0.0,0.0,0
2021-09-21,0,0,0,0,0,0,0,0.0,0.0,0.0,0.0,0.0,0.0,0.0,0.0,0.0,0.0,0.0,0.0,0.0,0.0,0.0,0.0,0
2021-09-22,0,0,0,0,0,0,0,0.0,0.0,0.0,0.0,0.0,0.0,0.0,0.0,0.0,0.0,0.0,0.0,0.0,0.0,0.0,0.0,0
2021-09-23,0,0,0,0,0,0,0,0.0,0.0,0.0,0.0,0.0,0.0,0.0,0.0,0.0,0.0,0.0,0.0,0.0,0.0,0.0,0.0,0
2021-09-24,0,0,0,0,0,0,0,0.0,0.0,0.0,0.0,0.0,0.0,0.0,0.0,0.0,0.0,0.0,0.0,0.0,0.0,0.0,0.0,0
2021-09-25,0,0,0,0,0,0,0,0.0,0.0,0.0,0.0,0.0,0.0,0.0,0.0,0.0,0.0,0.0,0.0,0.0,0.0,0.0,0.0,0
2021-09-26,0,0,0,0,0,0,0,0.0,0.0,0.0,0.0,0.0,0.0,0.0,0.0,0.0,0.0,0.0,0.0,0.0,0.0,0.0,0.0,0
2021-09-27,0,0,0,0,0,0,0,0.0,0.0,0.0,0.0,0.0,0.0,0.0,0.0,0.0,0.0,0.0,0.0,0.0,0.0,0.0,0.0,0
2021-09-28,0,0,0,0,0,0,0,0.0,0.0,0.0,0.0,0.0,0.0,0.0,0.0,0.0,0.0,0.0,0.0,0.0,0.0,0.0,0.0,0
2021-09-29,0,0,0,0,0,0,0,0.0,0.0,0.0,0.0,0.0,0.0,0.0,0.0,0.0,0.0,0.0,0.0,0.0,0.0,0.0,0.0,0
2021-09-30,0,0,0,0,0,0,0,0.0,0.0,0.0,0.0,0.0,0.0,0.0,0.0,0.0,0.0,0.0,0.0,0.0,0.0,0.0,0.0,0
2021-10-01,0,0,0,0,0,0,0,0.0,0.0,0.0,0.0,0.0,0.0,0.0,0.0,0.0,0.0,0.0,0.0,0.0,0.0,0.0,0.0,0
2021-10-02,0,0,0,0,0,0,0,0.0,0.0,0.0,0.0,0.0,0.0,0.0,0.0,0.0,0.0,0.0,0.0,0.0,0.0,0.0,0.0,0
2021-10-03,0,0,0,0,0,0,0,0.0,0.0,0.0,0.0,0.0,0.0,0.0,0.0,0.0,0.0,0.0,0.0,0.0,0.0,0.0,0.0,0
2021-10-04,0,0,0,0,0,0,0,0.0,0.0,0.0,0.0,0.0,0.0,0.0,0.0,0.0,0.0,0.0,0.0,0.0,0.0,0.0,0.0,0
2021-10-05,0,0,0,0,0,0,0,0.0,0.0,0.0,0.0,0.0,0.0,0.0,0.0,0.0,0.0,0.0,0.0,0.0,0.0,0.0,0.0,0
2021-10-06,0,0,0,0,0,0,0,0.0,0.0,0.0,0.0,0.0,0.0,0.0,0.0,0.0,0.0,0.0,0.0,0.0,0.0,0.0,0.0,0
2021-10-07,0,0,0,0,0,0,0,0.0,0.0,0.0,0.0,0.0,0.0,0.0,0.0,0.0,0.0,0.0,0.0,0.0,0.0,0.0,0.0,0
2021-10-08,0,0,0,0,0,0,0,0.0,0.0,0.0,0.0,0.0,0.0,0.0,0.0,0.0,0.0,0.0,0.0,0.0,0.0,0.0,0.0,0
2021-10-09,0,0,0,0,0,0,0,0.0,0.0,0.0,0.0,0.0,0.0,0.0,0.0,0.0,0.0,0.0,0.0,0.0,0.0,0.0,0.0,0
2021-10-10,0,0,0,0,0,0,0,0.0,0.0,0.0,0.0,0.0,0.0,0.0,0.0,0.0,0.0,0.0,0.0,0.0,0.0,0.0,0.0,0
2021-10-11,0,0,0,0,0,0,0,0.0,0.0,0.0,0.0,0.0,0.0,0.0,0.0,0.0,0.0,0.0,0.0,0.0,0.0,0.0,0.0,0
2021-10-12,0,0,0,0,0,0,0,0.0,0.0,0.0,0.0,0.0,0.0,0.0,0.0,0.0,0.0,0.0,0.0,0.0,0.0,0.0,0.0,0
2021-10-13,0,0,0,0,0,0,0,0.0,0.0,0.0,0.0,0.0,0.0,0.0,0.0,0.0,0.0,0.0,0.0,0.0,0.0,0.0,0.0,0
2021-10-14,0,0,0,0,0,0,0,0.0,0.0,0.0,0.0,0.0,0.0,0.0,0.0,0.0,0.0,0.0,0.0,0.0,0.0,0.0,0.0,0
2021-10-15,0,0,0,0,0,0,0,0.0,0.0,0.0,0.0,0.0,0.0,0.0,0.0,0.0,0.0,0.0,0.0,0.0,0.0,0.0,0.0,0
2021-10-16,0,0,0,0,0,0,0,0.0,0.0,0.0,0.0,0.0,0.0,0.0,0.0,0.0,0.0,0.0,0.0,0.0,0.0,0.0,0.0,0
2021-10-17,0,0,0,0,0,0,0,0.0,0.0,0.0,0.0,0.0,0.0,0.0,0.0,0.0,0.0,0.0,0.0,0.0,0.0,0.0,0.0,0
2021-10-18,0,0,0,0,0,0,0,0.0,0.0,0.0,0.0,0.0,0.0,0.0,0.0,0.0,0.0,0.0,0.0,0.0,0.0,0.0,0.0,0
2021-10-19,0,0,0,0,0,0,0,0.0,0.0,0.0,0.0,0.0,0.0,0.0,0.0,0.0,0.0,0.0,0.0,0.0,0.0,0.0,0.0,0
2021-10-20,0,0,0,0,0,0,0,0.0,0.0,0.0,0.0,0.0,0.0,0.0,0.0,0.0,0.0,0.0,0.0,0.0,0.0,0.0,0.0,0
2021-10-21,0,0,0,0,0,0,0,0.0,0.0,0.0,0.0,0.0,0.0,0.0,0.0,0.0,0.0,0.0,0.0,0.0,0.0,0.0,0.0,0
2021-10-22,0,0,0,0,0,0,0,0.0,0.0,0.0,0.0,0.0,0.0,0.0,0.0,0.0,0.0,0.0,0.0,0.0,0.0,0.0,0.0,0
2021-10-23,0,0,0,0,0,0,0,0.0,0.0,0.0,0.0,0.0,0.0,0.0,0.0,0.0,0.0,0.0,0.0,0.0,0.0,0.0,0.0,0
2021-10-24,0,0,0,0,0,0,0,0.0,0.0,0.0,0.0,0.0,0.0,0.0,0.0,0.0,0.0,0.0,0.0,0.0,0.0,0.0,0.0,0
2021-10-25,0,0,0,0,0,0,0,0.0,0.0,0.0,0.0,0.0,0.0,0.0,0.0,0.0,0.0,0.0,0.0,0.0,0.0,0.0,0.0,0
2021-10-26,0,0,0,0,0,0,0,0.0,0.0,0.0,0.0,0.0,0.0,0.0,0.0,0.0,0.0,0.0,0.0,0.0,0.0,0.0,0.0,0
2021-10-27,0,0,0,0,0,0,0,0.0,0.0,0.0,0.0,0.0,0.0,0.0,0.0,0.0,0.0,0.0,0.0,0.0,0.0,0.0,0.0,0
2021-10-28,0,0,0,0,0,0,0,0.0,0.0,0.0,0.0,0.0,0.0,0.0,0.0,0.0,0.0,0.0,0.0,0.0,0.0,0.0,0.0,0
2021-10-29,0,0,0,0,0,0,0,0.0,0.0,0.0,0.0,0.0,0.0,0.0,0.0,0.0,0.0,0.0,0.0,0.0,0.0,0.0,0.0,0
2021-10-30,0,0,0,0,0,0,0,0.0,0.0,0.0,0.0,0.0,0.0,0.0,0.0,0.0,0.0,0.0,0.0,0.0,0.0,0.0,0.0,0
2021-10-31,0,0,0,0,0,0,0,0.0,0.0,0.0,0.0,0.0,0.0,0.0,0.0,0.0,0.0,0.0,0.0,0.0,0.0,0.0,0.0,0
2021-11-01,0,0,0,0,0,0,0,0.0,0.0,0.0,0.0,0.0,0.0,0.0,0.0,0.0,0.0,0.0,0.0,0.0,0.0,0.0,0.0,0
2021-11-02,0,0,0,0,0,0,0,0.0,0.0,0.0,0.0,0.0,0.0,0.0,0.0,0.0,0.0,0.0,0.0,0.0,0.0,0.0,0.0,0
2021-11-03,0,0,0,0,0,0,0,0.0,0.0,0.0,0.0,0.0,0.0,0.0,0.0,0.0,0.0,0.0,0.0,0.0,0.0,0.0,0.0,0
2021-11-04,0,0,0,0,0,0,0,0.0,0.0,0.0,0.0,0.0,0.0,0.0,0.0,0.0,0.0,0.0,0.0,0.0,0.0,0.0,0.0,0
2021-11-05,0,0,0,0,0,0,0,0.0,0.0,0.0,0.0,0.0,0.0,0.0,0.0,0.0,0.0,0.0,0.0,0.0,0.0,0.0,0.0,0
2021-11-06,0,0,0,0,0,0,0,0.0,0.0,0.0,0.0,0.0,0.0,0.0,0.0,0.0,0.0,0.0,0.0,0.0,0.0,0.0,0.0,0
2021-11-07,0,0,0,0,0,0,0,0.0,0.0,0.0,0.0,0.0,0.0,0.0,0.0,0.0,0.0,0.0,0.0,0.0,0.0,0.0,0.0,0
2021-11-08,0,0,0,0,0,0,0,0.0,0.0,0.0,0.0,0.0,0.0,0.0,0.0,0.0,0.0,0.0,0.0,0.0,0.0,0.0,0.0,0
2021-11-09,0,0,0,0,0,0,0,0.0,0.0,0.0,0.0,0.0,0.0,0.0,0.0,0.0,0.0,0.0,0.0,0.0,0.0,0.0,0.0,0
2021-11-10,0,0,0,0,0,0,0,0.0,0.0,0.0,0.0,0.0,0.0,0.0,0.0,0.0,0.0,0.0,0.0,0.0,0.0,0.0,0.0,0
2021-11-11,0,0,0,0,0,0,0,0.0,0.0,0.0,0.0,0.0,0.0,0.0,0.0,0.0,0.0,0.0,0.0,0.0,0.0,0.0,0.0,0
2021-11-12,0,0,0,0,0,0,0,0.0,0.0,0.0,0.0,0.0,0.0,0.0,0.0,0.0,0.0,0.0,0.0,0.0,0.0,0.0,0.0,0
2021-11-13,0,0,0,0,0,0,0,0.0,0.0,0.0,0.0,0.0,0.0,0.0,0.0,0.0,0.0,0.0,0.0,0.0,0.0,0.0,0.0,0
2021-11-14,0,0,0,0,0,0,0,0.0,0.0,0.0,0.0,0.0,0.0,0.0,0.0,0.0,0.0,0.0,0.0,0.0,0.0,0.0,0.0,0
2021-11-15,0,0,0,0,0,0,0,0.0,0.0,0.0,0.0,0.0,0.0,0.0,0.0,0.0,0.0,0.0,0.0,0.0,0.0,0.0,0.0,0
2021-11-16,0,0,0,0,0,0,0,0.0,0.0,0.0,0.0,0.0,0.0,0.0,0.0,0.0,0.0,0.0,0.0,0.0,0.0,0.0,0.0,0
2021-11-17,0,0,0,0,0,0,0,0.0,0.0,0.0,0.0,0.0,0.0,0.0,0.0,0.0,0.0,0.0,0.0,0.0,0.0,0.0,0.0,0
2021-11-18,0,0,0,0,0,0,0,0.0,0.0,0.0,0.0,0.0,0.0,0.0,0.0,0.0,0.0,0.0,0.0,0.0,0.0,0.0,0.0,0
2021-11-19,0,0,0,0,0,0,0,0.0,0.0,0.0,0.0,0.0,0.0,0.0,0.0,0.0,0.0,0.0,0.0,0.0,0.0,0.0,0.0,0
2021-11-20,0,0,0,0,0,0,0,0.0,0.0,0.0,0.0,0.0,0.0,0.0,0.0,0.0,0.0,0.0,0.0,0.0,0.0,0.0,0.0,0
2021-11-21,0,0,0,0,0,0,0,0.0,0.0,0.0,0.0,0.0,0.0,0.0,0.0,0.0,0.0,0.0,0.0,0.0,0.0,0.0,0.0,0
2021-11-22,0,0,0,0,0,0,0,0.0,0.0,0.0,0.0,0.0,0.0,0.0,0.0,0.0,0.0,0.0,0.0,0.0,0.0,0.0,0.0,0
2021-11-23,0,0,0,0,0,0,0,0.0,0.0,0.0,0.0,0.0,0.0,0.0,0.0,0.0,0.0,0.0,0.0,0.0,0.0,0.0,0.0,0
2021-11-24,0,0,0,0,0,0,0,0.0,0.0,0.0,0.0,0.0,0.0,0.0,0.0,0.0,0.0,0.0,0.0,0.0,0.0,0.0,0.0,0
2021-11-25,0,0,0,0,0,0,0,0.0,0.0,0.0,0.0,0.0,0.0,0.0,0.0,0.0,0.0,0.0,0.0,0.0,0.0,0.0,0.0,0
2021-11-26,0,0,0,0,0,0,0,0.0,0.0,0.0,0.0,0.0,0.0,0.0,0.0,0.0,0.0,0.0,0.0,0.0,0.0,0.0,0.0,0
2021-11-27,0,0,0,0,0,0,0,0.0,0.0,0.0,0.0,0.0,0.0,0.0,0.0,0.0,0.0,0.0,0.0,0.0,0.0,0.0,0.0,0
2021-11-28,0,0,0,0,0,0,0,0.0,0.0,0.0,0.0,0.0,0.0,0.0,0.0,0.0,0.0,0.0,0.0,0.0,0.0,0.0,0.0,0
2021-11-29,0,0,0,0,0,0,0,0.0,0.0,0.0,0.0,0.0,0.0,0.0,0.0,0.0,0.0,0.0,0.0,0.0,0.0,0.0,0.0,0
2021-11-30,0,0,0,0,0,0,0,0.0,0.0,0.0,0.0,0.0,0.0,0.0,0.0,0.0,0.0,0.0,0.0,0.0,0.0,0.0,0.0,0
2021-12-01,0,0,0,0,0,0,0,0.0,0.0,0.0,0.0,0.0,0.0,0.0,0.0,0.0,0.0,0.0,0.0,0.0,0.0,0.0,0.0,0
2021-12-02,0,0,0,0,0,0,0,0.0,0.0,0.0,0.0,0.0,0.0,0.0,0.0,0.0,0.0,0.0,0.0,0.0,0.0,0.0,0.0,0
2021-12-03,0,0,0,0,0,0,0,0.0,0.0,0.0,0.0,0.0,0.0,0.0,0.0,0.0,0.0,0.0,0.0,0.0,0.0,0.0,0.0,0
2021-12-04,0,0,0,0,0,0,0,0.0,0.0,0.0,0.0,0.0,0.0,0.0,0.0,0.0,0.0,0.0,0.0,0.0,0.0,0.0,0.0,0
2021-12-05,0,0,0,0,0,0,0,0.0,0.0,0.0,0.0,0.0,0.0,0.0,0.0,0.0,0.0,0.0,0.0,0.0,0.0,0.0,0.0,0
2021-12-06,0,0,0,0,0,0,0,0.0,0.0,0.0,0.0,0.0,0.0,0.0,0.0,0.0,0.0,0.0,0.0,0.0,0.0,0.0,0.0,0
2021-12-07,0,0,0,0,0,0,0,0.0,0.0,0.0,0.0,0.0,0.0,0.0,0.0,0.0,0.0,0.0,0.0,0.0,0.0,0.0,0.0,0
2021-12-08,0,0,0,0,0,0,0,0.0,0.0,0.0,0.0,0.0,0.0,0.0,0.0,0.0,0.0,0.0,0.0,0.0,0.0,0.0,0.0,0
2021-12-09,0,0,0,0,0,0,0,0.0,0.0,0.0,0.0,0.0,0.0,0.0,0.0,0.0,0.0,0.0,0.0,0.0,0.0,0.0,0.0,0
2021-12-10,0,0,0,0,0,0,0,0.0,0.0,0.0,0.0,0.0,0.0,0.0,0.0,0.0,0.0,0.0,0.0,0.0,0.0,0.0,0.0,0
2021-12-11,0,0,0,0,0,0,0,0.0,0.0,0.0,0.0,0.0,0.0,0.0,0.0,0.0,0.0,0.0,0.0,0.0,0.0,0.0,0.0,0
2021-12-12,0,0,0,0,0,0,0,0.0,0.0,0.0,0.0,0.0,0.0,0.0,0.0,0.0,0.0,0.0,0.0,0.0,0.0,0.0,0.0,0
2021-12-13,0,0,0,0,0,0,0,0.0,0.0,0.0,0.0,0.0,0.0,0.0,0.0,0.0,0.0,0.0,0.0,0.0,0.0,0.0,0.0,0
2021-12-14,0,0,0,0,0,0,0,0.0,0.0,0.0,0.0,0.0,0.0,0.0,0.0,0.0,0.0,0.0,0.0,0.0,0.0,0.0,0.0,0
2021-12-15,0,0,0,0,0,0,0,0.0,0.0,0.0,0.0,0.0,0.0,0.0,0.0,0.0,0.0,0.0,0.0,0.0,0.0,0.0,0.0,0
2021-12-16,0,0,0,0,0,0,0,0.0,0.0,0.0,0.0,0.0,0.0,0.0,0.0,0.0,0.0,0.0,0.0,0.0,0.0,0.0,0.0,0
2021-12-17,0,0,0,0,0,0,0,0.0,0.0,0.0,0.0,0.0,0.0,0.0,0.0,0.0,0.0,0.0,0.0,0.0,0.0,0.0,0.0,0
2021-12-18,0,0,0,0,0,0,0,0.0,0.0,0.0,0.0,0.0,0.0,0.0,0.0,0.0,0.0,0.0,0.0,0.0,0.0,0.0,0.0,0
2021-12-19,0,0,0,0,0,0,0,0.0,0.0,0.0,0.0,0.0,0.0,0.0,0.0,0.0,0.0,0.0,0.0,0.0,0.0,0.0,0.0,0
2021-12-20,0,0,0,0,0,0,0,0.0,0.0,0.0,0.0,0.0,0.0,0.0,0.0,0.0,0.0,0.0,0.0,0.0,0.0,0.0,0.0,0
2021-12-21,0,0,0,0,0,0,0,0.0,0.0,0.0,0.0,0.0,0.0,0.0,0.0,0.0,0.0,0.0,0.0,0.0,0.0,0.0,0.0,0
2021-12-22,0,0,0,0,0,0,0,0.0,0.0,0.0,0.0,0.0,0.0,0.0,0.0,0.0,0.0,0.0,0.0,0.0,0.0,0.0,0.0,0
2021-12-23,0,0,0,0,0,0,0,0.0,0.0,0.0,0.0,0.0,0.0,0.0,0.0,0.0,0.0,0.0,0.0,0.0,0.0,0.0,0.0,0
2021-12-24,0,0,0,0,0,0,0,0.0,0.0,0.0,0.0,0.0,0.0,0.0,0.0,0.0,0.0,0.0,0.0,0.0,0.0,0.0,0.0,0
2021-12-25,0,0,0,0,0,0,0,0.0,0.0,0.0,0.0,0.0,0.0,0.0,0.0,0.0,0.0,0.0,0.0,0.0,0.0,0.0,0.0,0
2021-12-26,0,0,0,0,0,0,0,0.0,0.0,0.0,0.0,0.0,0.0,0.0,0.0,0.0,0.0,0.0,0.0,0.0,0.0,0.0,0.0,0
2021-12-27,0,0,0,0,0,0,0,0.0,0.0,0.0,0.0,0.0,0.0,0.0,0.0,0.0,0.0,0.0,0.0,0.0,0.0,0.0,0.0,0
2021-12-28,0,0,0,0,0,0,0,0.0,0.0,0.0,0.0,0.0,0.0,0.0,0.0,0.0,0.0,0.0,0.0,0.0,0.0,0.0,0.0,0
2021-12-29,0,0,0,0,0,0,0,0.0,0.0,0.0,0.0,0.0,0.0,0.0,0.0,0.0,0.0,0.0,0.0,0.0,0.0,0.0,0.0,0
2021-12-30,0,0,0,0,0,0,0,0.0,0.0,0.0,0.0,0.0,0.0,0.0,0.0,0.0,0.0,0.0,0.0,0.0,0.0,0.0,0.0,0
2021-12-31,0,0,0,0,0,0,0,0.0,0.0,0.0,0.0,0.0,0.0,0.0,0.0,0.0,0.0,0.0,0.0,0.0,0.0,0.0,0.0,0
