,0,1,2,3,4,5,6,7,8,9,10,11,12
2021-01-01,0.0,0.0,0.0,0.0,0.0,0.0,0.0,0.00026051856823388844,0.003537091610370034,0.028659230704054104,0.13488292511990002,0.3113848903449661,0.5303092308128773
2021-01-02,0.0,0.0,0.0,0.0,0.0,0.004533984803230843,0.007983688120921754,0.02057421845605018,0.022274133907739364,0.06864294074284219,0.21731352408221796,0.32057412172621413,0.3999889148761364
2021-01-03,0.0,0.0,0.0,0.0,0.0,0.0,0.0,0.006186297654555044,0.009351741395321437,0.0399469575477155,0.19173583253397158,0.31985667579924176,0.45353487967938844
2021-01-04,0.0,0.0,0.0,0.0,0.0,0.0,0.0,0.004039731296258595,0.006724454961315177,0.029176917601383724,0.12539949029192102,0.27570961569159386,0.44113715095623635
2021-01-05,0.0,0.0,0.0,0.0,0.0,0.0,1.2168099882664217e-05,0.006132215199745132,0.008990068161043483,0.023828694320101217,0.12288056786148505,0.2434207161046049,0.3657585686476092
2021-01-06,0.0,0.0,0.0,0.0,0.0,0.0,0.0,1.5349589683640591e-06,0.0014891145436164272,0.009144694709391594,0.08260766466364174,0.22700338588709512,0.48316244276207176
2021-01-07,0.0,0.0,0.0,0.0,0.0,0.0,0.0,0.0007320002733190806,0.008665199454541637,0.03229652429210148,0.11423039571229913,0.27124997365674525,0.40466693538067816
2021-01-08,0.0,0.0,0.0,0.0,0.0,0.0,0.0,0.003486203811775881,0.006875839836189486,0.02070661816127011,0.0898291561144415,0.22898591703968357,0.4024900524915652
2021-01-09,0.0,0.0,0.0,0.0,0.0,0.0,0.0,0.002755738497425165,0.0043618232866326195,0.019509956784676676,0.0898291561144415,0.22873254385044875,0.3971406461703382
2021-01-10,0.0,0.0,0.0,0.0,0.0,0.0,0.0,1.5349589683637294e-06,0.002934172047083116,0.01578783283986255,0.0855293603731388,0.21919984053423222,0.42373766129534124
2021-01-11,0.0,0.0,0.0,0.0,0.0,0.0,0.0,1.5349589683644992e-06,0.003031009252285185,0.017394484026902024,0.07899028113351536,0.22360115790208415,0.4477847371819659
2021-01-12,0.0,0.0,0.0,0.0,0.0,0.0,0.0,0.0019120276168084372,0.012183554130095812,0.028610146562284097,0.09127377577579633,0.18339765485127707,0.2760632307487204
2021-01-13,0.0,0.0,0.0,0.0,0.0,0.0,0.0,0.002283014499928127,0.0016279302943229465,0.013779658197552596,0.05911098724068218,0.19356718695538785,0.41972446974585365
2021-01-14,0.0,0.0,0.0,0.0,0.0,0.0,0.0,0.0010361374843848546,0.008217309281457717,0.020325400183371988,0.08230495825778467,0.19837983871625206,0.28858905451733585
2021-01-15,0.0,0.0,0.0,0.0,0.0,0.0,0.0,0.002333671404286827,0.0013703420657315583,0.004673390407483979,0.03934967880217617,0.15299414761389463,0.3674823830476843
2021-01-16,0.0,0.0,0.0,0.0,0.0,0.0,0.0,0.0005378513374894563,0.005836940485361801,0.016430369567442468,0.06589994818125464,0.1853311335637521,0.35430830276248215
2021-01-17,0.0,0.0,0.0,0.0,0.0,0.0,0.0,1.5349589683633993e-06,0.00015045933064506886,0.006656073205051636,0.040390808420761336,0.13589473142602485,0.34003178871888146
2021-01-18,0.0,0.0,0.0,0.0,0.0,0.0,0.0,0.000858302326517647,0.004546125271297674,0.014251435037510604,0.04991829055052874,0.15939679175737442,0.38721339358033174
2021-01-19,0.0,0.0,0.0,0.0,0.0,0.0,0.0,0.0,2.5003063619433866e-05,0.00265058340560788,0.027379096121802726,0.12862728816027807,0.291117717996079
2021-01-20,0.0,0.0,0.0,0.0,0.0,0.0,0.0,0.0002190287443054874,0.0028664134617635705,0.009631603225434398,0.03604839494753889,0.13083227667348687,0.34187318899950214
2021-01-21,0.0,0.0,0.0,0.0,0.0,0.0,0.0,0.005795879046007758,0.01757505080014389,0.02988864011707325,0.06124482002610888,0.1393772893520012,0.24080296236999382
2021-01-22,0.0,0.0,0.0,0.0,0.0,0.0,0.0,0.00510894388241122,0.000492142860603327,0.00646999522554388,0.022951271393810608,0.09845989718975207,0.31570419566102553
2021-01-23,0.0,0.0,0.0,0.0,0.0,0.0,0.0,0.004968202297076309,0.007426992881406459,0.022749473785471507,0.04958021488247154,0.12014619747672449,0.24954968586719198
2021-01-24,0.0,0.0,0.0,0.0,0.0,0.0,0.0,0.0036595964471844667,0.001570694347017936,0.0005628751542579956,0.00845829787620805,0.08281600968251883,0.23936725221482788
2021-01-25,0.0,0.0,0.0,0.0,0.0,0.0,0.0004269623684214959,0.0013543599083492318,0.004806930775436986,0.007550799369230189,0.027774979768288445,0.04930312856792388,0.06579478078578646
2021-01-26,0.0,0.0,0.0,0.0,0.0,0.0,0.0,1.5349589683626294e-06,0.00026076275231588515,0.0035563478811349446,0.01757633781101908,0.01637709189131365,0.06422185027527225
2021-01-27,0.0,0.0,0.0,0.0,0.0,0.0,0.0,0.0002963519814930345,0.0022960007536236265,0.008808978602516096,0.02817436240698405,0.08773366528189254,0.24779461948483
2021-01-28,0.0,0.0,0.0,0.0,0.0,0.0,0.0,0.0002963519814930345,0.0022960007536236265,0.008808978602516096,0.02800259080815502,0.08476767651733705,0.24779461948483
2021-01-29,0.0,0.0,0.001968615566461169,0.00563733950920361,0.00889699340804654,0.0035357921806492888,0.0004269623684214959,0.0001748916860040613,0.0008760750703208299,0.003010196680100306,0.011023005054371362,0.007829342220984446,0.038952192329583614
2021-01-30,0.0,0.0,0.001968615566461169,0.00563733950920361,0.00889699340804654,0.004873467174743828,0.00028489191237893906,0.0002963519814930345,0.0022960007536236265,0.008808978602516096,0.02800259080815502,0.08476767651733705,0.24779461948483
2021-01-31,0.0,0.0,0.001968615566461169,0.015793187853526784,0.027553949069104355,0.013309220089629892,0.0003307048268348675,0.0002963519814930345,0.0022960007536236265,0.008808978602516096,0.02800259080815502,0.08476767651733705,0.24779461948483
2021-02-01,0.0,0.0,0.0,0.010155848344323176,0.018656955661057815,0.008435752914886064,0.0031156868996118276,0.059986267748245,0.1824709544693328,0.504170593825366,0.9403902440207523,1.0454549945486478,1.0437660058101266
2021-02-02,0.0,0.0,0.0,0.0,0.0,0.0,0.0030698739851558986,0.059986267748245,0.1824709544693328,0.504170593825366,0.9403902440207523,1.0454549945486478,1.0437660058101266
2021-02-03,0.0,0.0,0.0,0.0,0.0,0.0,1.5800517857505587e-05,0.01607403813729405,0.07088392531422691,0.4046654946575006,0.9531114846362722,1.0925194062220882,1.0816759883649834
2021-02-04,0.0,0.0,0.0,0.0,0.0,0.0,0.00034924677640012843,0.03703998917796251,0.10168080336199106,0.31591234680036523,0.8049988145587501,0.9963051502686923,1.0528375705230115
2021-02-05,0.0,0.0,0.0,0.0,0.0,0.0,0.0003203360865237569,0.007940693374558615,0.007525312888794072,0.10041837244998349,0.6137738222005389,0.9613844512652503,1.0439483565385077
2021-02-06,0.0,0.0,0.0,0.0,0.0,0.00017258335136286567,0.001671670858754066,0.02619555502285948,0.04731595477341051,0.11887738703156427,0.41021413090020975,0.6835197242918699,0.76578272125165
2021-02-07,0.0,0.0,0.0,0.0,0.0,0.0,0.0,0.007379085624668999,0.0012268620491377954,0.015549011189819828,0.1771113672927579,0.5358035072831449,0.819301360624464
2021-02-08,0.0,0.0,0.0,0.0,0.0,0.0,1.5800517857505587e-05,0.003806443097251515,0.003982888092062709,0.022676692609581384,0.12961422252727853,0.3817348541344046,0.5778078423604687
2021-02-09,0.0,0.0,0.0,0.0,0.0,0.0,0.0,0.0002088925110326891,0.0008054714815720588,0.004293646341659144,0.05383146016246777,0.24290951716361203,0.5692481855349919
2021-02-10,0.0,0.0,0.0,0.0,0.0,0.0,0.0,1.5349589683655986e-06,0.0005046693726048429,0.009766451450701392,0.06034694583092179,0.23315548687787813,0.5469640079520176
2021-02-11,0.0,0.0,0.0,0.0,0.0,0.0,0.0,1.5349589683639495e-06,5.277106000441722e-07,0.0014801980895038527,0.027472444869644497,0.12457691929561235,0.27953546756575565
2021-02-12,0.0,0.0,0.0,0.0,0.0,0.0006663130453962925,0.0024787268018797966,0.012930401580062239,0.028625780743343442,0.025680313093465832,0.05394569296901792,0.17801201911003162,0.305239690442561
2021-02-13,0.0,0.0,0.0,0.0016395827248107877,0.003838701136063743,0.004086411567699452,0.006310969975637683,0.008456480340494354,0.013655630357003146,0.02024890397974779,0.040490343544453355,0.14534882987221098,0.34052338040779356
2021-02-14,0.0,0.0,0.0,0.0,0.0,0.0,0.0,0.0024775663081538705,0.0007660605594975753,0.009339124670501789,0.020453270761488448,0.10189290654438238,0.2754498532792361
2021-02-15,0.0,0.0,0.0,0.0,0.0006070026656710532,0.000985458419570637,0.0025608201272862793,0.011852231313686085,0.018426034675033592,0.013608792890672485,0.02172342068551106,0.07931924938457442,0.08357275593187351
2021-02-16,0.0,0.0,0.0,0.0,0.0,0.0,0.0,0.003388976228084635,0.0008345216624730075,0.002037550119474344,0.013558468504961368,0.08776407722921493,0.28409610250965844
2021-02-17,0.0,0.0,0.0,0.0,0.0,0.0,0.0,1.5349589683639495e-06,0.0017260519246250826,0.007362483128229372,0.025645419657173076,0.0907416237256237,0.23563030721580333
2021-02-18,0.0,0.0,0.0,0.0,0.0,0.0,0.0,0.0,0.0,0.00025005597203789826,0.012803112981500867,0.03253190140129898,0.09455772472100052
2021-02-19,0.0,0.0,0.0,0.0,0.0,0.0,0.0,1.5349589683630692e-06,0.001551358758177811,0.005930190234030013,0.01826194233809104,0.06169760854527558,0.20884636628257272
2021-02-20,0.0,0.0,0.0,0.0,0.0,0.0,0.0,1.5349589683624093e-06,0.00010358211426828605,0.0031720387542436626,0.011775458014673959,0.05977098657882358,0.17829672839511546
2021-02-21,0.0,0.0,0.0,0.0,0.0,0.0,0.0,1.5349589683629595e-06,0.0014670798121288815,0.0034281958128452275,0.013610780268400317,0.05373628384033285,0.20953389706838702
2021-02-22,0.0,0.0,0.0,0.0,0.0,0.0,0.0,0.0015081926627328606,0.0048512604476662205,0.013897231130076527,0.015746469999731783,0.058548857515867116,0.10801543648569
2021-02-23,0.0,0.0,0.0,0.0,0.0,0.0,0.0,1.5349589683630692e-06,5.277106000438698e-07,0.0014026230379383705,0.0038501954283016618,0.02891751275821045,0.12862630862479185
2021-02-24,0.0,0.0,0.0,0.0,0.0,0.0,0.0,0.0002807520776725864,0.0018268673452155515,0.0033036443315557825,0.011957286742400515,0.04338396211776266,0.1553251771856903
2021-02-25,0.0,0.0,0.0,0.0,0.0,0.0,0.0,1.5349589683621897e-06,5.277106000435673e-07,0.0008229594399304654,0.002808305961221472,0.03560705276641332,0.16412662520061078
2021-02-26,0.0,0.0,0.0,0.0,0.0,0.0,0.0,1.5349589683629595e-06,5.277106000438319e-07,2.2677358664812693e-05,0.004291266590561148,0.03507270408169776,0.16455488918431227
2021-02-27,0.0,0.0,0.0,0.0,0.0,0.0,0.0,0.0028458319349620636,0.0010897220301361896,0.003180791909659856,0.005280945879143291,0.03725102088330742,0.14588454015734348
2021-02-28,0.0,0.0,0.0,0.0,0.0,0.0,0.0,1.5349589683632894e-06,5.277106000439454e-07,0.00028244071826420887,0.0038986291984082766,0.025396794216095187,0.16613432380590143
2021-03-01,0.0,0.0,0.0,0.0,0.0,0.0,0.0,0.006849787379281665,0.007238610851098578,0.007061725559061923,0.01738758922708634,0.04256044031212832,0.13846786095025398
2021-03-02,0.0,0.0,0.0,0.0,0.0,0.0,0.0,0.0027557933338059506,0.0009357217071980389,0.0012585298938420418,0.0111199406988637,0.03258043250949666,0.1323446635362331
2021-03-03,0.0,0.0,0.0,0.0,0.0,0.0,0.0,0.002224826704121265,0.006034009353349698,0.011417675187472484,0.02163565964119518,0.041810339918070205,0.0968849515055681
2021-03-04,0.0,0.0,0.0,0.0,0.0,0.0,0.0,0.0012269785732582168,0.000698202632299978,0.0003421435298968412,0.006235863598010189,0.030034732903869786,0.1337674412773099
2021-03-05,0.0,0.0,0.0,0.0,0.0,0.0,0.0,1.5349589683628494e-06,5.277106000437941e-07,0.0003010564048854202,0.0113397066815139,0.043982481497211345,0.12612928294081713
2021-03-06,0.0,0.0,0.0,0.0,0.0,0.0,0.0,1.5349589683621897e-06,5.277106000435673e-07,0.0003385995882002224,0.0073072015910585495,0.02951710559652392,0.14204174024670482
2021-03-07,0.0,0.0,0.0,0.0,0.0,0.0,0.0,0.005766398901616689,0.0009767485313126741,0.000850625220210308,0.00869269464615898,0.03066986780048214,0.13948233929184464
2021-03-08,0.0,0.0,0.0,0.0,0.0,0.0,0.0,1.5349589683622999e-06,0.00017371200609222763,0.0023557433753685097,0.007696012028644894,0.03523873566704002,0.1106178536812606
2021-03-09,0.0,0.0,0.0,0.0,0.0,0.0,0.0,0.0002696707101949888,0.0012556864983907549,0.0060434143338525615,0.009629859914902783,0.024226954360840654,0.11549770145914055
2021-03-10,0.0,0.0,0.0,0.0,0.0,0.0,0.0,0.0068185332693633995,0.012888652534635338,0.01970162455266691,0.03620950322788866,0.06607194524151767,0.08407938386562668
2021-03-11,0.0,0.0,0.0,0.0,0.0,0.0,0.0,0.00306898978261786,0.0008797974863356371,0.0017146395707686396,0.00659454004195029,0.027479317811856866,0.10575004116848392
2021-03-12,0.0,0.0,0.0,0.0,0.0,0.0,1.8222129840733166e-05,0.005647109498375457,0.00010721602865989882,0.001102751637857078,0.012185102962766583,0.028340333989733704,0.054353249838469876
2021-03-13,0.0,0.0,0.0,0.0,0.0,0.0,0.0,0.0031980480179745184,0.00018405871998997735,0.0049455712184463645,0.00612457560384561,0.02197079217411316,0.05586497127314781
2021-03-14,0.0,0.0,0.0,0.0,0.0,0.0,0.0,0.0031995829769428806,0.00042431649706237113,0.006434948767913976,0.009802888218267108,0.03009683543454731,0.0824128702611063
2021-03-15,0.0,0.0,0.015206009586269454,0.029924351934905214,0.015589650736917504,0.0030044023544277235,0.0,0.007276252545336629,0.00795647872670225,0.02733717067801002,0.1028179309597124,0.17598886528884553,0.22628294730856655
2021-03-16,0.0,0.004277977411292296,0.03867090151335675,0.0622474785176703,0.05307010488299189,0.03897892954026128,0.029919951034391497,0.023510005790528636,0.018551200634485517,0.030986491979019957,0.1011352114086372,0.16903473598725835,0.22007823344779945
2021-03-17,0.0,0.004277977411292296,0.025700560355906822,0.03238878294401534,0.03748045414607439,0.03597452718583356,0.029919951034391497,0.023511540749496997,0.01879145841155791,0.0325334534758387,0.10366127912303116,0.17511859692937165,0.22628294730856655
2021-03-18,0.0,0.0028618238248884465,0.009510314180661587,0.002285811655532122,0.0009109741485522315,0.000427739745578764,0.0,0.0022966508332692304,0.009718227138169177,0.012801718197123838,0.024277654497329684,0.04659996836199414,0.09672711957352824
2021-03-19,0.0,0.0,0.003833119255039852,0.0022201552942818577,0.0009109741485522315,0.000427739745578764,0.0,0.0022966508332692304,0.009853980679583518,0.01152403075563874,0.024346361587985883,0.04696365068516311,0.13049259472254437
2021-03-20,0.0,0.0,0.0,0.0,0.0,0.0,0.0,1.5349589683625195e-06,0.0005418681729211414,0.004201359610866664,0.01165206311219256,0.03590301295140636,0.1322433380099295
2021-03-21,0.0,0.0,0.0,0.0,0.0,0.00011771769524434407,0.0039395187412670915,0.006612673631309724,0.005720195540046206,0.01166442001571419,0.014983718982610736,0.034469557380667,0.10220205736096714
2021-03-22,0.0,0.0,0.0,0.0,0.0,0.0,0.0,0.0014978446348660754,0.004091004576590115,0.01166442001571419,0.014983718982610736,0.034469557380667,0.10220205736096714
2021-03-23,0.0,0.0,0.0,0.0,0.0,0.0,0.0,2.840597648459028e-05,0.0005430843113125652,0.002419586925522245,0.007125017370809936,0.020288949847232292,0.0657925639308994
2021-03-24,0.0,0.0,0.0,0.0,0.0,0.0,0.0,0.0021074032431126453,0.005110561531168742,0.00673986952362696,0.010704452551283774,0.032573393982102336,0.10223855664857671
2021-03-25,0.0,0.0,0.0,0.0,0.0,0.0,0.0,0.003390913056167719,0.011498937698974039,0.01614171556698345,0.013546023870601798,0.04030651690643773,0.05797747147505469
2021-03-26,0.0,0.0,0.0,0.0,0.0,0.0,0.0,0.0024563149474424823,0.008303717431497055,0.014161570944079199,0.013544471492855134,0.04136570179362103,0.07871296075800135
2021-03-27,0.0,0.0,0.0,0.0,0.0,0.0,0.0,0.0018201906835064465,0.0014372575220682506,0.008641570238768692,0.009980823220617763,0.017306141268180593,0.06574460388486933
2021-03-28,0.0,0.0,0.0,0.0,0.0,3.4501704857197735e-05,0.0012735108038321819,0.0014306566176766175,0.006531958705014574,0.014887259271652175,0.020518393654656467,0.014778682092033767,0.033358788853680016
2021-03-29,0.0,0.0,0.0,0.0,0.0,0.0,0.0005744743448467096,0.0034632092093595766,0.0031296381844491054,0.00889486906383179,0.020436339093807224,0.029600568244943084,0.08884350842722873
2021-03-30,0.0,0.0,0.0,0.0,0.0,0.0,0.0,0.003618425268486268,0.004809062375808439,0.006630137390020623,0.015465237510282932,0.022093448215619763,0.04079661238646029
2021-03-31,0.0,0.0,0.0,0.0,0.0,0.0,0.0,0.004428920940898692,0.004400109941227702,0.009488235782045249,0.02192234636283844,0.03749733953736894,0.0860180965096979
2021-04-01,0.0,0.0,0.0,0.0,0.0,3.793485147538929e-05,0.0017475118110564184,0.003959899785101429,0.0045495921200478144,0.00940452479870208,0.02015901120877826,0.029212262591729928,0.07126249933373732
2021-04-02,0.0,0.0,0.0,0.0,0.0,0.0,0.0,0.002613931558400285,0.0022568666381414105,0.009236497027167832,0.01606463866838806,0.016367130311499882,0.07243098358404901
2021-04-03,0.0,0.0,0.0,0.0,0.0,0.0,0.0,0.00312034811886928,0.002069719184822015,0.00921838726198744,0.017568455046608675,0.020183299436739386,0.07862239469847436
2021-04-04,0.0,0.0,0.0,0.0,0.0,0.0,0.0,0.007751502933809952,0.0062140865199444145,0.013873373412839191,0.013179250169126253,0.01927772441122722,0.06806605428070879
2021-04-05,0.0,0.0,0.0,0.0,0.0,0.0,0.0,0.007751502933809952,0.0062140865199444145,0.013873373412839191,0.013179250169126253,0.01927772441122722,0.06806605428070879
2021-04-06,0.0,0.0,0.0,0.0,0.0,0.0,0.0,0.0021971821143738903,0.007858797130658313,0.018597382092041224,0.01894511745216961,0.03473761580004818,0.10062199148018673
2021-04-07,0.0,0.0,0.0,0.0,0.0,0.0,0.0005083370498256106,0.006639905963136805,0.010482141540495104,0.015011681528805896,0.02280434241895984,0.038608929700426425,0.08755847571767228
2021-04-08,0.0,0.0,0.0,0.0,0.0,0.00022955553385213396,0.00270751408036668,0.006839799896859484,0.007736282825946553,0.014777193580587497,0.01113351850581435,0.01944745782827463,0.04957412297378647
2021-04-09,0.0,0.0,0.0,0.0,0.0,0.0,0.0010153926438212116,0.01025095701006676,0.013047700715198224,0.02698036239476377,0.0327293863185326,0.03945306122011977,0.10748044472121929
2021-04-10,0.0,0.0,0.0,0.0,0.0,0.0008071920821066158,0.001814103875353628,0.006819960096572862,0.009500630757973832,0.016832763688565136,0.0193855683363455,0.020866796931310064,0.08873900680589927
2021-04-11,0.0,0.0,0.0,0.0,0.0,0.0,0.0,0.004249043328841888,0.014279874715180808,0.022173764644787847,0.023580066275749042,0.03618096047598177,0.09496651651616435
2021-04-12,0.0,0.0,0.0,0.0,0.0,0.0007571483579401902,0.0014874558558412084,0.009256912504676335,0.008615842433780045,0.008418246023540188,0.010598738717316184,0.01901850355818077,0.03796747092473391
2021-04-13,0.0,0.0,0.0,0.0,0.0,0.0,0.00024087442514893095,0.009702480199349698,0.011824315258457957,0.01914536238734924,0.02369206434705162,0.021129424671073278,0.028828378856316575
2021-04-14,0.0,0.0,0.0,0.0,0.0,7.903327937906306e-06,0.0006043316189763332,0.004911028291098702,0.008939280661708252,0.012796927340200211,0.015182293030722263,0.02063469187740698,0.063161482243386
2021-04-15,0.0,0.0,0.0,0.0,0.0,0.0006086140611545682,1.1864898455391062e-05,0.00433854121773438,0.008652398590870062,0.020144470204428513,0.024917798653035603,0.022900208617748514,0.07201005504505703
2021-04-16,0.0,0.0,0.0,0.0,0.0,0.0008217692343901097,0.002061867827690549,0.016129554810045996,0.014264075975456012,0.032682196498738304,0.035772866521253804,0.041833498060550166,0.07925857225181947
2021-04-17,0.0,0.0,0.0,0.0,0.0,0.0006179479091829558,0.0004521664996763879,0.003967222196585369,0.010004962199300672,0.015231423264918418,0.024635087195733287,0.01710181810038545,0.041579389154878334
2021-04-18,0.0,0.0010383656147190732,0.011878560834744124,0.008192510831763852,0.006610870934486086,0.0047391815367901656,0.005703531065075983,0.014775148877344853,0.02529693021520999,0.027122303303432065,0.05749218306750406,0.11914619582840313,0.20956727184321772
2021-04-19,0.0,0.0,0.0,0.0003024034709791352,0.0002847519593924139,0.0,0.001442109117951481,0.0071027934377991715,0.009773680478097745,0.013357020931405473,0.01517304692512213,0.026475704027941055,0.10081908824053959
2021-04-20,0.0,0.0,0.0,0.0005403049088320151,0.0022071231584375388,0.0017014749654627032,0.005258362146213043,0.023670895953044717,0.026931024618887255,0.04196603170960439,0.03342243591032564,0.044317231225635495,0.09071626412170945
2021-04-21,0.0,0.00196877983931313,0.0231916403410451,0.017575954241576975,0.013455810377285108,0.02027687241868343,0.04264800899010025,0.09168794403238573,0.14487361199209764,0.25130459846270253,0.3125810097404246,0.2856425934537619,0.23047749203477827
2021-04-22,0.0,0.00196877983931313,0.0231916403410451,0.017575954241576975,0.013455810377285108,0.02027687241868343,0.04264800899010025,0.09168794403238573,0.14487361199209764,0.25538849886769616,0.38377790281184504,0.43316046123155233,0.48049941510106364
2021-04-23,0.0,0.0,0.0,0.0011708691408360817,0.00136437779176026,0.006658808395211245,0.013406164841526057,0.043279455140375615,0.06526080300871323,0.1135204478699301,0.2884971959313635,0.4057505782142776,0.5109366614954938
2021-04-24,0.0,0.0,0.0,0.0009968912513777734,0.0008096228076163352,0.0004292047472993267,0.0038659923733527935,0.01738303078738879,0.02837175683859848,0.0781979822761945,0.18496108746334136,0.2711866882919664,0.368792949670575
2021-04-25,0.0,0.0,0.0,0.0009968912513777734,0.0011121785384924387,0.0010774037961223519,0.008473609007776658,0.03960972456456974,0.041091294079856004,0.09546220569105958,0.1713218222375161,0.2528930905957016,0.3599055413541971
2021-04-26,0.0,0.0,0.0,0.0,0.0,0.0007247637416868786,0.0008735981054366321,0.007025737866491473,0.015156714385285413,0.05523083003001352,0.10924441247400689,0.1676311135360436,0.2647875592527176
2021-04-27,0.0,0.0,0.0,0.0,0.0008320623702326769,0.0036165364280024022,0.008130292748214427,0.021664869231058235,0.03867738981285274,0.07196336365487158,0.1198878422770367,0.17156696986797437,0.2026594644079412
2021-04-28,0.0,0.0,0.0,0.0,0.0,0.00016663567007028452,0.0009768874428584937,0.003860694558859622,0.011694531537754667,0.040389949526694835,0.07528766598901028,0.12603603753560175,0.2273340465721758
2021-04-29,0.0,0.0,0.0,0.0,0.0,0.0019011292787318502,0.0022932513505673153,0.008927117015040684,0.022482663621858252,0.047809145299891116,0.0917414462552121,0.1458207701441758,0.18644329499359596
2021-04-30,0.0,0.0,0.0,0.0,0.0004922261480016648,0.003330029134321549,0.0035484412094326403,0.012630975785239973,0.022386280196030117,0.05351393623506949,0.10169722325148947,0.15157391682855437,0.18687350906670827
2021-05-01,0.0,0.0,0.0,0.0,0.0,0.00016663567007028452,0.0009768874428584937,0.007670876356965468,0.015599067583646882,0.04358164559732088,0.07921448920890183,0.14496438896553931,0.22666592202566868
2021-05-02,0.0,0.0,0.0,0.0,0.0,0.0020677649488021347,0.00266007506612855,0.009100990917117207,0.02247695456479103,0.048029586786095944,0.09223175128199586,0.1455695214162906,0.18644329499359596
2021-05-03,0.0,0.0,0.0,0.0,0.0,0.0020677649488021347,0.00266007506612855,0.010177719006732049,0.02119856776267958,0.04620321845602768,0.09073835365138798,0.1503554999976328,0.18666746925789487
2021-05-04,0.0,0.0,0.0,0.0,0.0004013473409893557,0.0016728921468614716,0.0016264893721878175,0.004971655996786424,0.015325756268041595,0.03315444004505393,0.050266984073039075,0.06200912285624991,0.1655989773286697
2021-05-05,0.0,0.0,0.0,0.0009875177526784682,0.0010353215790762777,0.0029211572845780688,0.002630068725629481,0.007295066287144947,0.013948826310639598,0.026018257243014275,0.043370105669058794,0.05962954243804475,0.1655989773286697
2021-05-06,0.0,0.0,0.0,0.002281616083787567,0.0009511536327622069,0.002652595362729852,0.003790431807643856,0.01446877314987055,0.032312814131792926,0.046831212526693235,0.06498569329219034,0.10305387818717693,0.12489217479060642
2021-05-07,0.0,0.0,0.0,0.002281616083787567,0.0009511536327622069,0.0021443976306479698,0.0038765029221185547,0.013738374923741376,0.03014975233638339,0.0475633965774136,0.07479878920886708,0.11707765030278065,0.10759265075828288
2021-05-08,0.0,0.0,0.0027789306001629846,0.013600425824138175,0.004752400841700097,0.002874236954700873,0.006661904116804848,0.02506588383912847,0.03058575728402559,0.04786515502176504,0.0636329360724285,0.06860743344302896,0.15438929917138744
2021-05-09,0.0,0.0,0.0027789306001629846,0.013879655881571732,0.005015332036629888,0.0035989492038146467,0.007267806893670233,0.02529455509748787,0.03032691759675819,0.046579470346792384,0.06358009287957019,0.06860743344302896,0.15438929917138744
2021-05-10,0.0,0.0,0.0,0.0026490775658721886,0.004351919154042374,0.0034115630582820674,0.004684488249390444,0.01620472944391598,0.017727951649987878,0.03741421201164566,0.04736009667487926,0.04570463735406241,0.10236883959305416
2021-05-11,0.0,0.0,0.0008824371781155826,0.007399121326534711,0.008935836469372259,0.0067097600748256495,0.015907761981402552,0.036748350438660024,0.037257625145581987,0.06226471432455668,0.06328695473924845,0.06848571775607805,0.10854949175297718
2021-05-12,0.0,0.0,0.0,0.0016033747557065406,0.001235556784016313,0.0005593226671441509,0.004550986086501434,0.019934725725924373,0.024629869598322925,0.03814719297300764,0.04417970813471103,0.04376569349016769,0.09375051010635828
2021-05-13,0.0,0.0,0.0,0.0012814231406230317,0.0015378881571366484,0.002566214582789999,0.003743357104238522,0.0167917374496856,0.020831824183441955,0.03059471363763412,0.035353869619195545,0.035691209843896864,0.12438977087952396
2021-05-14,0.0,0.0,0.0008824371781155826,0.007399121326534711,0.008935836469372259,0.0067097600748256495,0.015907761981402552,0.03871200788714188,0.040194086458386534,0.06485182978799003,0.06525600399163485,0.06848571775607805,0.10854949175297718
2021-05-15,0.0,0.0,0.0,0.0016033747557065406,0.001235556784016313,0.0005593226671441509,0.004557040116459503,0.021700930378701765,0.023069992229568393,0.03746312615360446,0.045312047187586996,0.06696751648785686,0.1234830336176657
2021-05-16,0.0,0.0,0.0,0.0016033747557065406,0.001235556784016313,0.0005593226671441509,0.004557040116459503,0.022224633517342926,0.02374883236277459,0.037562861694361606,0.04533966559212614,0.06696751648785686,0.1234830336176657
2021-05-17,0.0,0.0,0.0,0.0016033747557065406,0.001235556784016313,0.0005593226671441509,0.004874684299382423,0.026835416903001376,0.02416550904824763,0.045955795661498954,0.0642715008946208,0.08391571315034935,0.13017681555763733
2021-05-18,0.0,0.0,0.0,0.0016033747557065406,0.001235556784016313,0.0005593226671441509,0.004868630269424354,0.025938626315655404,0.03328375343530691,0.05277820540447625,0.06804819511771637,0.06826815868305945,0.13113239120497377
2021-05-19,0.0,0.0,0.0,0.0016033747557065406,0.001235556784016313,0.0005593226671441509,0.004874684299382423,0.030319626071666265,0.04180631233124054,0.07008830982533158,0.07723110806999929,0.08391571315034935,0.13017681555763733
2021-05-20,0.13449645604870822,0.01604704773280466,0.0007387473857287453,0.0034778086830385387,0.009101099833513664,0.0070525761323779685,0.004557040116459503,0.027509806342450368,0.04295520243208667,0.06872858374778754,0.06498616587112453,0.07413547992764329,0.1234830336176657
2021-05-21,0.13449645604870822,0.01964961598430715,0.04113701309112279,0.08382021281770947,0.17483809320549265,0.2536099080675702,0.14752330069576333,0.06414903909942668,0.04813281169105589,0.04591611288031893,0.055071726568016656,0.08586456270006637,0.12739527813865661
2021-05-22,0.004559201899956211,0.000689365915431477,0.0018213616533939488,0.0033225360060819657,0.004556704364744701,0.006311925283703501,0.006890248811066681,0.016633485819601945,0.02336153176881752,0.04214917816786823,0.062936390727528,0.08449146370615364,0.13699785796932268
2021-05-23,0.0,0.0,0.0004758332465425018,0.012753253332067529,0.054454115596213486,0.18553925382721642,0.3182011923146186,0.43347733844466524,0.5283523227407754,0.5485084635126957,0.2958933209322251,0.16546714625072717,0.1578674357720195
2021-05-24,0.0,0.0,0.0,0.0074727965062867975,0.022158773384222553,0.10969160171725911,0.2427084905294906,0.3920628206356467,0.521751724424916,0.5984588461207085,0.45817539173899163,0.32300927583079636,0.30717707411909534
2021-05-25,0.0,0.0,0.00843950423759936,0.020853478311020884,0.049138954678086905,0.1188380237872389,0.21136641539134873,0.36899064424281164,0.5002582623398922,0.6602752867771366,0.615314972285737,0.4167198616336944,0.31717155501332805
2021-05-26,0.0,0.0,0.0,0.007770836747195442,0.015412829551057163,0.03858539090001393,0.1204289911514029,0.3039605377766087,0.4571768124290244,0.6578535119480587,0.7447083184728228,0.6700914491190193,0.5109324455092983
2021-05-27,0.0,0.0,0.012556615431204565,0.027860035200940807,0.05095993481762925,0.07382128861000264,0.13919534858128246,0.29125268137461724,0.43287048268175093,0.5963184501375034,0.7077757411259114,0.6436779887712679,0.4641293064599752
2021-05-28,0.0,0.0,0.004902740497340456,0.014390511363680143,0.018701671669396343,0.03353138982410722,0.08865616276630643,0.23114304329486868,0.3754469104561526,0.5517420845981038,0.7303990718050997,0.6981670271418244,0.7950505476079783
2021-05-29,0.0,0.0,0.0,0.0030376300022330583,0.006765758001761099,0.028158778867833495,0.07205123871321036,0.17780998170645823,0.32561011900997894,0.5175947278935685,0.6502049479361309,0.6500417710027423,0.8023850454224014
2021-05-30,0.0,0.0,0.006161679691198449,0.01955454699760256,0.020921715135878417,0.03257546810963378,0.07276578965857017,0.19008135088634553,0.3272084550662412,0.5297954954274524,0.7152612470264997,0.7029284505292317,0.8208327289418489
2021-05-31,0.0,0.0,0.004902740497340456,0.01268174349726156,0.010214295204370656,0.02614937692385783,0.06742074843311874,0.17925096836722249,0.3258567878699999,0.5228894863350132,0.7156543359478647,0.6980621256880807,0.8162877388966756
2021-06-01,0.0,0.0,0.002266411473599723,0.007511467538741116,0.014560755666876622,0.03483781015958113,0.07075593967292979,0.21305323864837925,0.3879066471077936,0.641416730138718,0.7736068315967135,0.7180220096913588,0.8168469506584305
2021-06-02,0.0,0.0,0.0022725043766805477,0.016674014418677708,0.03466617694682949,0.054697340636640085,0.09017905394031735,0.22223575398251488,0.42774534448612506,0.7075792149038207,0.8517386229790314,0.7787765269345471,0.9120969314169564
2021-06-03,0.0,0.0,0.011558568872354052,0.05156646092605396,0.08147325493390367,0.10241102907428197,0.1434182185834728,0.26085268019963687,0.44093819240777915,0.6654183970926073,0.8387891641145346,0.7780189593238152,0.9120969314169564
2021-06-04,0.03136621925329937,0.043190638196108876,0.057402783471962225,0.06130504184439759,0.06068158941774242,0.06566077330110459,0.10232627644237394,0.23497231665602442,0.37728317352479934,0.5870351772300535,0.82606910592418,0.7761568556915472,0.9120969314169564
2021-06-05,0.03136621925329937,0.043190638196108876,0.057402783471962225,0.06130504184439759,0.05269702809471628,0.05713936174018058,0.07569277623984945,0.18328877631740473,0.3435271102256734,0.5786804534580683,0.7259992107709405,0.6835654269663944,0.76677085222355
2021-06-06,0.0,0.03269757560026061,0.054431379519249985,0.07125498101518056,0.08201657712944169,0.09687230972853315,0.13487843922727968,0.23971956602316336,0.38354763202970527,0.610140258117354,0.7687339864221819,0.7303130929293198,0.9011926355225811
2021-06-07,0.0,0.0,0.0025896396192010267,0.03651639587546286,0.06776037607715908,0.10413463937571321,0.2483238154107173,0.5018758895158185,0.7060741171775103,0.8856762055038271,0.923808075381923,0.9235759913151117,0.9414080328889277
2021-06-08,0.0,0.0,0.0032406720957584624,0.021090334370743213,0.035064077899082655,0.06562264931821354,0.19662568799083555,0.47690710445888507,0.6790025199239704,0.8745164773737082,0.9238029936141811,0.9235759913151117,0.9414080328889277
2021-06-09,0.0,0.0,0.0032406720957584624,0.021090334370743213,0.035064077899082655,0.06950452078490928,0.19841785236472545,0.4570357901573367,0.6410574870237801,0.8517558700053697,0.8960813667902635,0.8531820330634678,0.8402196118407474
2021-06-10,0.0,0.0001420579763813857,0.0026131514925172147,0.011416274427080887,0.014334456493062706,0.039599254458371896,0.07967031556373068,0.2583157673001923,0.4402904518348595,0.691041249995202,0.7973603301110003,0.771141392995382,0.8174722495090613
2021-06-11,0.0,0.0,0.003291170621329403,0.017421842060799476,0.027198957543632617,0.05380696380052927,0.11131138944498845,0.28059648594221925,0.45647810880595946,0.7043900226849681,0.8841494219655357,0.9307088549626861,0.9443366496719796
2021-06-12,0.0,0.0,0.035096314080533444,0.055805481444428824,0.08323899287503236,0.11823072940014016,0.19010871843115135,0.3517423869373657,0.47958091967276223,0.6726840355557829,0.8910484198038547,0.9873539080122676,1.010439788357164
2021-06-13,0.0,0.0,0.0026313906076965684,0.014979076002472847,0.02737197842442779,0.04927829951338932,0.10193714376158358,0.22353241422958642,0.3529329864152113,0.5828405987565496,0.898278154293984,1.0100788861331396,1.0227592877072864
2021-06-14,0.0,0.0,3.6089689683865714e-07,0.004518891996278472,0.009423393274221549,0.035666249054063584,0.09467503720260413,0.22499009948506846,0.3518074820879834,0.5839475719079106,0.8990046944566105,1.0070447076381068,1.0227592877072864
2021-06-15,0.0,0.0,0.035096314080533444,0.05632527620652885,0.08449073187794875,0.11514758099427824,0.19691334576133152,0.36809468178826654,0.4933552889188299,0.6898680800582403,0.8712109649437468,0.878446402442894,0.8434528744274434
2021-06-16,0.07006832089741555,0.01030436583890546,0.003374766386677023,0.015740481011494542,0.041979057820176434,0.061005968549177066,0.10532118759709093,0.2256826663374314,0.3688700482837201,0.5729548067443048,0.8669169599106716,0.9937981525169582,1.0096134046762908
2021-06-17,0.07006832089741555,0.01030436583890546,0.003374766386677023,0.01571897751173956,0.03840458593218913,0.04758962791757988,0.0905861963194841,0.2064415608920354,0.36501979080962377,0.5551163261682581,0.8458541459008503,0.9702327265650506,1.0055382782019482
2021-06-18,0.011503157045205027,0.015828034131648468,0.010681776608300423,0.023359585715542395,0.02784218015707081,0.031027674689017324,0.0755751803430326,0.20568465469683508,0.3588426159779508,0.5481621500825192,0.8290104518643752,0.9591040137263955,1.0004358725372966
2021-06-19,0.011503157045205027,0.059309745471589015,0.04218343229015645,0.04523980550741477,0.0629033378110179,0.08036272663162969,0.10244322679576504,0.20905038592308375,0.3281564959011768,0.5225388343724968,0.8417289435069671,0.9715344897896778,1.0135817555682922
2021-06-20,0.07006832089741555,0.06547254449475577,0.048276784536743986,0.04034720388043594,0.03622976260354986,0.05005266680426577,0.07435426211076324,0.17662559280565376,0.30372774181337786,0.5205245338758064,0.8294127319874756,0.9838550489096447,1.0045109990116392
2021-06-21,0.011503157045205027,0.0036751991733934564,0.013712387227211681,0.019880180059312056,0.02310899294455431,0.027446323069759377,0.06295114841450133,0.17300802000185214,0.29938004480962666,0.5035999790806068,0.8247147750758724,0.9634424943436148,1.004611099062288
2021-06-22,0.011503157045205027,0.059309745471589015,0.04218343229015645,0.04458409790187505,0.06451917063716886,0.08040611573239957,0.0998433564875869,0.21857488765698996,0.3680978977963983,0.5505171878461824,0.841984151446233,0.9674779352338936,0.9999207730152633
2021-06-23,0.011503157045205027,0.06106711776695317,0.048276784536743986,0.04038023505536155,0.03762686937295022,0.049793462782859274,0.06181868184154806,0.15344965128975918,0.2620005968116677,0.42360651231018026,0.5596340913465944,0.6538307210396053,0.7911968665354187
2021-06-24,0.011503157045205027,0.06106711776695317,0.048276784536743986,0.04038023505536155,0.03762686937295022,0.049793462782859274,0.06181868184154806,0.15344965128975918,0.2620005968116677,0.42360651231018026,0.5596340913465944,0.6538307210396053,0.7911968665354187
2021-06-25,0.011503157045205027,0.06781506397834715,0.12766875189721708,0.09748045567125443,0.06559725670261211,0.05824892673568533,0.06181868184154806,0.15344965128975918,0.2620005968116677,0.42360651231018026,0.5591643867843962,0.6535786253866533,0.7910038568861256
2021-06-26,0.0,0.0416521319276255,0.11416280082462893,0.12367688869257487,0.17006064811218088,0.11413304771974139,0.07432929574928802,0.16776037275236694,0.27264150167403184,0.43280379516526646,0.5594970808584737,0.650021802874427,0.7972118218660833
2021-06-27,0.0022764624179473962,0.0342422760693141,0.041959594381535195,0.11391198965418912,0.27626347618397995,0.4893617490402626,0.6316618602846722,0.7219379553209216,0.7998292800728578,0.8925477881243027,0.8986954895853285,0.8858337716908069,0.8661186519056453
2021-06-28,0.0022764624179473962,0.05119660294082524,0.07520591189766651,0.1349592671876391,0.2963637027074711,0.4857833476431909,0.6744108595014806,0.7398941296473514,0.7997379325288732,0.8914242191140312,0.8979975960124854,0.8853678943129054,0.8755663111533288
2021-06-29,0.014172502639973706,0.011350709000177511,0.04126346709730536,0.10930994680902315,0.22317417043898286,0.4545806586906798,0.6569452312939467,0.7253303146283264,0.7968015857263864,0.8941122638616026,0.9085579259360322,0.8977780509643258,0.8791501602590763
2021-06-30,0.011054790346354577,0.012198492992361277,0.017592640815662624,0.028427636914379474,0.04463260821457894,0.07056036757190817,0.11127045460838059,0.20263387002922095,0.296160261746752,0.42413031917247257,0.5249167803550295,0.5409463845284104,0.5879199705311772
2021-07-01,0.0022764624179473962,0.05020871456820308,0.0460054959397036,0.08094507822321759,0.18907607380133168,0.4762747927167262,0.6958117590353048,0.8106047843079253,0.9108677954429332,0.9614001094028309,0.9636176664175222,0.9468206454738082,0.9229834586398439
2021-07-02,0.0006012550608653418,0.033488978824007094,0.040900217810926336,0.07553869617637099,0.18830514578310956,0.476552828056847,0.6965607447856789,0.810561949437793,0.9108677954429332,0.9614001094028309,0.9636176664175222,0.9468206454738082,0.9229834586398439
2021-07-03,0.014172502639973706,0.01123392898724046,0.031165743159990603,0.10784115812818493,0.3011035569459904,0.5859922657145916,0.7505907148979141,0.8078059275377586,0.8737695782031094,0.9183960065180913,0.9085579259360322,0.8977780509643258,0.8791501602590763
2021-07-04,0.0,0.0,0.008199813256897283,0.04238386152579923,0.08902246778939392,0.33759379682306084,0.5450768288446359,0.7115463525813883,0.8399262671132417,0.9139158082487715,0.922407474191191,0.9120075767345607,0.8835333867053526
2021-07-05,0.0,0.0,0.024732402646984987,0.06515705430092228,0.11817462793595243,0.28786996818729327,0.49206378736893885,0.6364681422119236,0.7911645766207569,0.9225899231554119,0.9739321007376636,0.9636142175352561,0.934377353172709
2021-07-06,0.0,0.0,0.0,0.0013903367241287607,0.033764396950556344,0.21247556141901294,0.43237306339648174,0.5783473267520832,0.7439675722224058,0.9112987182029016,0.9703012271294285,0.9650400396150597,0.934377353172709
2021-07-07,0.0,0.0,0.0,0.0,0.011975373748192871,0.12890047318328898,0.2964189786924401,0.5057646183684817,0.6728043402688363,0.8501114300691324,0.9680657088400301,0.9815659482948468,0.9674276233106199
2021-07-08,0.0,0.0,0.0,0.0006267165738711733,0.02099053472445506,0.17748274760859303,0.3536727243504014,0.5334758937792583,0.6768592367739431,0.8596043933093742,0.9642184108983304,0.975797028964145,0.9656587092551313
2021-07-09,0.07428877870397418,0.003399134325452703,0.0029950118105615707,0.025519935880848627,0.03899710848634904,0.1433048919141615,0.3035658316937824,0.5166450478976202,0.6771826674858138,0.8719886245867826,0.9716905132100014,0.9918796528780162,0.9922559376734007
2021-07-10,0.07428877870397418,0.003399134325452703,4.935128064362028e-07,0.015176335580246484,0.03137736679693179,0.13110960593864437,0.3028828435413961,0.520529159297228,0.6804575891776589,0.8771187871481139,0.9734353161024327,0.9918796528780162,0.9922559376734007
2021-07-11,0.14227018180688172,0.06277145411945453,0.033330460204747746,0.056041320350287444,0.07615369123993568,0.1636707628893855,0.30184498881091376,0.5084258240348905,0.6481554533349904,0.8436804373657754,0.9611235038008201,0.992024965011489,0.9922559376734007
2021-07-12,0.14227018180688172,0.06277145411945453,0.033330460204747746,0.055622843651002465,0.07286953117121539,0.1411268126212219,0.28189439402146876,0.4653421648352482,0.5779851751410626,0.7896149012847765,0.9424951912134395,0.9811205000170203,0.9750744468734626
2021-07-13,0.001139714568498859,0.02034661890271237,0.007368381773694574,0.021593822525078497,0.02858479058573865,0.09584393900616617,0.24376054137868788,0.4476027964807887,0.5594800435750724,0.7510714555364044,0.9151825257186186,0.9641241046823275,0.970910010764874
2021-07-14,0.08280947788763691,0.0875994940375528,0.02804258734197465,0.05834763151979282,0.05615343039917254,0.14090569332054784,0.31472123812240155,0.47212765452111033,0.6013321476759167,0.7606398938713098,0.9173749413011026,0.9684120105471526,0.9697775036675899
2021-07-15,0.0,0.0,0.005708628376548377,0.013377711806558047,0.023145598255937223,0.08136628477223083,0.21888874213888984,0.3895016699102615,0.4902398597247518,0.7064682360294587,0.9114352599070293,0.9677918137648428,0.9679405251225179
2021-07-16,0.0,0.017736609413899446,0.05089253837816668,0.07111959910469123,0.06542677533703786,0.11004689381696171,0.21418505902593316,0.35038118530700546,0.43457042073909546,0.6135095155805871,0.8159316167261093,0.8912404770308653,0.8827918766455886
2021-07-17,0.0,0.0,0.002139015230158343,0.010434643750958362,0.015889540486745783,0.07099754641859514,0.17396846173959787,0.3907482954042494,0.4851761440670132,0.6883053624936526,0.9114351383037006,0.9687446540625306,0.9652323873687076
2021-07-18,0.0,0.0,0.0017561055315271608,0.008897762387094056,0.013491566695322532,0.05573050177366773,0.17014369654516523,0.34844371327970264,0.4423333909611109,0.6154019046889362,0.847341892396477,0.9198373415688321,0.9160948914870485
2021-07-19,0.0,0.0,0.0007671422381401428,0.010974190852559995,0.02987344576771983,0.0773939687971286,0.18704720415488307,0.36049762287422304,0.4752691682768458,0.647869874703178,0.8631647305673246,0.9416734527830717,0.9428518278668122
2021-07-20,0.0,0.0,0.0,0.004143465951593409,0.011322715496154693,0.0509291591950364,0.16047477333230759,0.3277946789898387,0.42794121178700517,0.598433175253141,0.8664337942757572,0.9422193307302427,0.9487215225099762
2021-07-21,0.0,0.00023345410630199362,0.011858804624245406,0.030765260045501983,0.04838862492642174,0.10379259695865503,0.21808108082699684,0.3739411540963551,0.4811189458702239,0.6601768137789569,0.856466905130497,0.9476048216769537,0.9592404157472663
2021-07-22,0.0,0.0,0.001970599575143695,0.01036520714002092,0.015004696947095301,0.052016762707925414,0.1382681737248713,0.2852939547577179,0.3709335849225199,0.5501149372262243,0.8731346701070063,0.9744432120000834,0.9841737545671373
2021-07-23,0.0,0.0021469736092573784,0.038106679407964944,0.0658097667565941,0.06319558082472912,0.07785856138336959,0.13875743452087305,0.28172377560851386,0.3619811278341088,0.5408975143375088,0.8385127237580798,0.9575771288738131,0.9803088584198255
2021-07-24,0.0,0.008268412306898081,0.03013736309504651,0.03817139947053219,0.0480836868602226,0.08082328764442058,0.16281433782138158,0.29070530664356425,0.360416687705851,0.51297996134055,0.7585496997465201,0.8623775255083722,0.7988550226014244
2021-07-25,0.0,0.039157622053008885,0.031080088358895006,0.06639378873538061,0.19657954373065856,0.32520954436539184,0.48889132613007674,0.4854895502670302,0.4768395270297623,0.56732447215691,0.7798280815032244,0.8299346140904764,0.6862022734735153
2021-07-26,0.022644042721442242,0.03901150145646724,0.038414803088602754,0.13516070913813352,0.34929041067206107,0.49357705256822865,0.6056986726044072,0.5774660346878077,0.6142013227850502,0.6778491640627173,0.7988315742066128,0.853534097333687,0.7676728572325879
2021-07-27,0.06696430582472375,0.0017967010280739474,0.003949592297861079,0.03930482219557993,0.15798062267703156,0.3727887382349416,0.5217700622780264,0.6155713485989954,0.6573006981625124,0.734668571022112,0.841533021797179,0.8938588167961281,0.797355332328425
2021-07-28,0.0,0.00019767456626077604,0.005928760906688329,0.02651952526449294,0.0781057757428457,0.1926805438453726,0.33556699973941484,0.4899349218331535,0.5437790683325965,0.667219606630185,0.8574434082894982,0.928073733382166,0.9330508676973128
2021-07-29,0.0,0.0,0.0,0.0038769142920507373,0.037662550344290814,0.1594534363789351,0.3022664848817075,0.46397491133608715,0.5767674467698837,0.73812663016926,0.8571697077519561,0.8885233789379616,0.879074076384682
2021-07-30,0.0,0.0,0.005887556119163635,0.01826444948221442,0.053636445757262494,0.16946740633698926,0.31300286841385583,0.47809679845918795,0.6003776332211571,0.7289848949250515,0.8439593143756396,0.891154103247722,0.8810147766936081
2021-07-31,0.0,0.0,0.0005848676870419816,0.002777805116081664,0.009813499887331196,0.09182738313191767,0.19943068883797552,0.36596365649833057,0.4458375177012631,0.6231937876026113,0.8575920422114847,0.9311782720098662,0.9311778947022362
2021-08-01,0.0,0.0,0.010632108920445074,0.011377397285281476,0.01206697535808083,0.06775671118140027,0.13717333702351706,0.28402420287004704,0.35282424505879134,0.5135752244767138,0.7555222894775571,0.8469864457228402,0.8209194622167773
2021-08-02,0.0,0.0,0.00043443803646245387,0.007192034855048695,0.008175486621885997,0.03498188406976128,0.12807179796753343,0.30718896451485683,0.40736282043588673,0.5785637029973528,0.82333230131313,0.9206325637778757,0.955177698450689
2021-08-03,0.0,0.0,0.0,0.0022093218139488725,0.006836030056345326,0.028763784297806436,0.1032774501329965,0.2736620816460135,0.33888784567991054,0.5025091239561598,0.7789329281361822,0.892291300593825,0.8667660136453924
2021-08-04,0.0,0.0,0.001883317783655487,0.0117271184471961,0.015650283643292365,0.026255601522085472,0.10465515079833766,0.27730768667503325,0.3783127192716139,0.5891350255953512,0.8119816117431509,0.9115736946023657,0.9285871412914848
2021-08-05,0.0,5.491206223937992e-05,0.00021192750036919548,0.00433471897880019,0.006924814287536322,0.02051918889287171,0.08953883912896787,0.23611743174735522,0.3400984444523051,0.5003761840958394,0.7886679905897844,0.8893938941300548,0.9088007586790954
2021-08-06,0.0,5.491206223937992e-05,0.0011001791694354877,0.010320683175983508,0.01973260171152536,0.03605327501053114,0.1051363323816656,0.25555049855384365,0.34389006698545344,0.49056244659237896,0.7648847456342833,0.8825508286498961,0.9242891929756446
2021-08-07,0.0,0.0,0.00026688753978356197,0.0070687276661681704,0.010315035204970036,0.01877964592187886,0.0712394433911089,0.22917493552439833,0.30946632928965384,0.48118337901480407,0.786159533134251,0.8929200642187516,0.927791869725472
2021-08-08,0.0,0.0,0.0,0.0037652086656867565,0.0036036359512669,0.02251614494590182,0.12479008921646365,0.29628920307475887,0.36372766395128014,0.4932693124698622,0.6818169307630527,0.7671319908675777,0.8101529989343211
2021-08-09,0.0,0.0,0.0,0.0028942675253318664,0.004464972361730067,0.02066979102567951,0.12230030915992887,0.28562400801739285,0.3432548632891222,0.476461872993936,0.6737140852126756,0.762771097029403,0.7882285059501576
2021-08-10,0.0,0.0,0.0,0.0029977802432121585,0.002133954559048336,0.019739640471669404,0.06600083769234791,0.18727991845490924,0.2573620580727356,0.38601583441469267,0.6246032482430871,0.7312677398957789,0.7206345952065113
2021-08-11,0.0,0.0,0.0,0.0015047041570515223,0.0014049542096442825,0.009265916504106474,0.06414466974191485,0.20369555701155279,0.28727435022773645,0.4559773357462864,0.6991218643407636,0.806379555815979,0.8438799203718534
2021-08-12,0.0,0.0,0.0,0.0008582254408350485,0.0027400425429781605,0.017926685563593624,0.07253609363205392,0.20304606635533048,0.28563242902002606,0.42586022783168104,0.6786325672549859,0.7825712461567824,0.8093521555672295
2021-08-13,0.0,0.0,0.0,0.003574432665384273,0.002541697935473738,0.016182368047830617,0.06872337560421343,0.19944273274651153,0.2883184523180181,0.44356449342252857,0.6366711182941143,0.7406130216984739,0.7674999385488184
2021-08-14,0.0,0.0,0.0,0.0020745625647913828,0.002172981285957603,0.011574527744393473,0.05106240758345625,0.16993793393050263,0.2542188096311085,0.3984532413188961,0.6503255967710264,0.7795793292011314,0.7752254425298394
2021-08-15,0.0,0.0,0.0,0.0015047041570515223,0.001655166095131875,0.013932125769818572,0.05908781988238093,0.17425242566258775,0.24870224150251824,0.3897692806749803,0.6470538664308021,0.7711721652999575,0.7742834318498228
2021-08-16,0.0,0.0,0.0,0.003574432665384273,0.002541697935473738,0.016004264394741872,0.07149482629286392,0.20974284669525317,0.3044877285656065,0.457545978097937,0.6795068621131012,0.7876338051105758,0.8284777375396695
2021-08-17,0.0,0.0,0.0,0.0008582254408350485,0.0013223263293479762,0.011574527744393473,0.051037900928921985,0.1690281086483163,0.2500364312267834,0.39181904050497524,0.6469908891755292,0.7758055336695899,0.7787280092569648
2021-08-18,0.0,0.0,0.0,0.0008582254408350485,0.0013223263293479762,0.011574527744393473,0.051037900928921985,0.1690281086483163,0.2500364312267834,0.39181904050497524,0.6469908891755292,0.7758055336695899,0.7787280092569648
2021-08-19,0.0,0.0,0.0,0.0008582254408350485,0.0013223263293479762,0.011574527744393473,0.051037900928921985,0.1690281086483163,0.2500364312267834,0.39181904050497524,0.6469908891755292,0.7759404021067609,0.7801919624377218
2021-08-20,0.0,0.0,0.0,0.0008582254408350485,0.0013223263293479762,0.011574527744393473,0.051037900928921985,0.1690281086483163,0.2500364312267834,0.39181904050497524,0.6471016181521394,0.7761950663942249,0.7801919624377218
2021-08-21,0.01851494733006599,0.035289223942713235,0.03024914694657996,0.04688747114400902,0.024921610379924904,0.011586565840427812,0.051037900928921985,0.1690281086483163,0.249908052794541,0.3904482257294698,0.5768648014128295,0.5397644074299806,0.683188682582567
2021-08-22,0.01851494733006599,0.035289223942713235,0.03024914694657996,0.046296745603941925,0.02461215335627671,0.011586565840427812,0.05116079762761302,0.17038296246076537,0.24470329092322624,0.3872950647328976,0.5345839123192412,0.44283213913713904,0.5773882209597144
2021-08-23,0.010308688623333444,0.005038783522668145,0.08108865555567041,0.2008466412450538,0.3957779521522795,0.5805434036664892,0.6498671157926083,0.6924849040110169,0.7442481848179179,0.7510982658085364,0.7342848247460304,0.7246081875038122,0.7271302307121453
2021-08-24,0.010308688623333444,0.005038783522668145,0.08648949448169588,0.23300865663185863,0.4726857549841244,0.6859797631674486,0.7446353103311105,0.7234016985562151,0.7485293713923621,0.7522206214762436,0.7348414434111673,0.7246081875038122,0.7271302307121453
2021-08-25,0.0,0.0,0.00859335164682973,0.07772931217787685,0.33402773752770826,0.6524432974344537,0.7449770898631517,0.7239766290151447,0.7485293713923621,0.7522206214762436,0.7348414434111673,0.7246081875038122,0.7271302307121453
2021-08-26,0.012031412398405515,0.010122086409412798,0.01470554562242601,0.03606881164689117,0.075056067127443,0.16163425993713915,0.2720157447300186,0.4071331706144185,0.49735049270006887,0.6385047091038254,0.8083751297473769,0.8668523128592184,0.8670581260740234
2021-08-27,0.0,0.0,0.011829768828644461,0.07619278687516491,0.33400521494539154,0.6524432974344537,0.7449770898631517,0.7239766290151447,0.7485293713923621,0.7522206214762436,0.7348414434111673,0.7246081875038122,0.7271302307121453
2021-08-28,0.0,0.0,0.0008786916991033908,0.01411504736551268,0.11733624332990349,0.44075259348072804,0.6831576069359911,0.7512713441105535,0.7888871861558233,0.803874617075293,0.8010717078888356,0.7778990941313595,0.8351916236829865
2021-08-29,0.0,0.0,0.0008786916991033908,0.01411504736551268,0.10833039316478868,0.43072578528196637,0.7580909292292223,0.9270312980108546,1.033266676777165,1.0677902699389379,1.0548367216590033,1.039643681233879,0.9956251105170426
2021-08-30,0.0,0.0,0.00016124868210020383,0.002794532770184743,0.043310604251580294,0.3499145279845676,0.7319231589107438,0.9236935311951099,1.0393097624192424,1.0807896657418556,1.0764284915095415,1.0600581413503127,1.0345995240247228
2021-08-31,0.0,0.0,0.0009220520828778427,0.009399172207222351,0.061214140729767795,0.33773506618803084,0.6782670187508576,0.8567406852908741,0.9707155395901197,1.0340792808049768,1.0466023830994982,1.039590085218383,1.0241676670268907
2021-09-01,0.0,0.0,0.0,0.0013178576058722846,0.019355751263213497,0.2112989679625003,0.6213051126995797,0.911036914049895,1.0263836744552484,1.0680485355278306,1.0627171666261064,1.021966508735436,0.9962664209858626
2021-09-02,0.0,0.0,0.0,0.003054191712616905,0.03533154024932907,0.24708895950657594,0.6107528321008732,0.8343824977313153,0.9565477377171439,1.0135477949877685,1.0184598478819777,0.9997471691681643,0.9740673532262983
2021-09-03,0.0,0.0,0.0,0.0011114810086372145,0.011379070492951417,0.1264565056377022,0.49860885703450913,0.8526593434038678,0.9925422662768634,1.0619770911634936,1.0683887128177014,1.0454136705915735,1.022126619778727
2021-09-04,0.0,0.0,0.0,0.0,0.011184082405402767,0.15562263287899608,0.48573218684755165,0.8259792476107309,0.9640222687441896,1.0263965206885668,1.0347154965757115,1.0136782412131313,0.9914165736135049
2021-09-05,0.0,0.0,0.0,0.0007211784115114959,0.006917689110637247,0.121740522312134,0.45776915630869214,0.808196434264288,0.9537250679871595,1.02334269489953,1.0345113598849653,1.0138712809918211,0.9914165736135049
2021-09-06,0.0,0.0,0.0,0.0007211784115114959,0.0075518741908237805,0.13195107514577298,0.4784291677565537,0.8305122654101829,0.9783799839956004,1.0491330309819242,1.066686090102028,1.0453755109705365,1.022126619778727
2021-09-07,0.0,0.0,0.0,0.0010456636093405297,0.013710076737912438,0.1231730478858108,0.44294752143717553,0.6984628602830666,0.7821663741561984,0.8260604869547623,0.8379709038223598,0.8300015676980297,0.8164090337376498
2021-09-08,0.0,0.0,0.0,0.0010456636093405297,0.013699031185626528,0.11925818697985718,0.4372276132815745,0.7088531852250968,0.7978364924073964,0.8278790533532638,0.8379709038223598,0.8300015676980297,0.8164090337376498
2021-09-09,0.0,0.0,0.0,0.0010137332701605187,0.014027290952020766,0.12837485697170775,0.3715421922012341,0.6154716287548766,0.7512589271100268,0.8114665450725795,0.8372133278418266,0.8300015676980297,0.8164090337376498
2021-09-10,0.0,0.0,0.0,0.0010137332701605187,0.015241067178580793,0.1397185001152475,0.4165005307357084,0.7151642930088965,0.8843587086243521,0.9814780310505316,1.0319114807054557,1.0138712809918211,0.9914165736135049
2021-09-11,0.0,0.0,0.0,0.0010456636093405297,0.013492289964952922,0.11600381815789965,0.43338896391642884,0.7045618525516518,0.7819151108881003,0.8179553865011695,0.8364074862284099,0.8300015676980297,0.8159422960149048
2021-09-12,0.0,0.0,0.0,0.0010137332701605187,0.014027290952020766,0.12844704237195248,0.3707025392164799,0.6118044317363939,0.7460475254391428,0.8029265422157705,0.8356499102478766,0.8300015676980297,0.8159422960149048
2021-09-13,0.0,0.0051325563785254175,0.011173755210914153,0.0010274538283813353,0.015596465352973357,0.15843954994270543,0.40564023652655096,0.6162237009327161,0.7461087971700555,0.8029265422157705,0.8356319120904475,0.8299093793742712,0.8159422960149048
2021-09-14,0.0,0.0051325563785254175,0.011173755210914153,0.0010274538283813353,0.015596465352973357,0.15836736454246073,0.40647988951130515,0.6182827109451424,0.750566257265725,0.8106349590825433,0.8371953296843975,0.8299093793742712,0.8164090337376498
2021-09-15,0.0,0.0,0.0020371335824592197,0.07265928541561534,0.28099898527101375,0.5473260387821395,0.7810721307418703,0.915429463915978,0.9866305149789505,1.016385100354554,1.0172135667805218,1.0017198767549167,0.9801574459084484
2021-09-16,0.0,0.0,0.0020371335824592197,0.07382555394406076,0.31511666754000817,0.5925060055785006,0.8155312511347509,0.9377355697250307,1.0008821261108378,1.0205554543277693,1.017596561143866,1.0017198767549167,0.9801574459084484
2021-09-17,0.0,0.0,0.0,0.005432081806750709,0.17921188648485253,0.5147551104587526,0.7634323354687212,0.9140665406432268,1.0016419444137639,1.044975278225404,1.0637192848819923,1.0404039828789575,0.9975863689267116
2021-09-18,0.0,0.0,0.00017463077437326606,0.011865243434205235,0.12081740158259555,0.40344673048872115,0.632108425374852,0.815152516477726,0.9142035230786526,0.9906043275047893,1.0146372706325808,1.0031575857487443,0.977279264915167
2021-09-19,0.0,0.0,0.0,0.0012570869006315352,0.03947924548494035,0.27402545080095697,0.5439195628185073,0.8040523446477653,0.9567159460065201,1.0331583003698184,1.0608636435547605,1.0382032741390996,1.0087408306890266
2021-09-20,0.0,0.0,0.0,4.862652344823036e-05,0.026395027278794243,0.22545718558776645,0.5018673534406194,0.76241508524328,0.9105855551747183,0.9988975678909131,1.027859406432623,1.0028797791570847,0.971143864415188
2021-09-21,0.0,0.0,0.0,0.0,0.01574377125403128,0.17568136879340168,0.4701066317937178,0.7366094804870125,0.9020043275286092,1.0071669026946364,1.0424867506540823,1.041704442459986,1.0157137624879122
2021-09-22,0.002538890007809739,0.0029516284640707454,0.00652260662652947,0.021971405399153352,0.07055884929304507,0.19284609583489615,0.36539948266916433,0.5317928673640748,0.6227624128249225,0.7188796440105558,0.8336959062163242,0.8685729598400108,0.8644002651359202
2021-09-23,0.0,0.0,0.0,0.0,0.015417962860932756,0.18754626887048936,0.48777012055049784,0.7409693963888028,0.8852012297025877,0.9808199300725479,1.0373597815425668,1.042739947668073,1.026910585362655
2021-09-24,0.0,0.0,0.0,0.0,0.0013038723367748736,0.09357769021604087,0.3546092483379924,0.6713695972519712,0.8882104774817615,1.010854528066558,1.0710035459593543,1.0664391052061195,1.0302331557420423
2021-09-25,0.0,0.0,0.0,0.0035993837905256504,0.01645943239517513,0.1005597731161487,0.31173091768500105,0.5966830221824473,0.7802684035322073,0.9435823791629392,1.0325693979174762,1.037685428192035,1.0244261079553367
2021-09-26,0.0,0.0,0.0,0.0,0.0007792970661390543,0.05157705663476971,0.28607074372646396,0.5946052439382227,0.8113194542592899,0.9673453364235346,1.027361852208085,1.025174300511265,1.0221900055826794
2021-09-27,0.0,0.0,0.0,0.0,9.112464482146604e-05,0.04652421464831661,0.26327239571736827,0.5614482229930927,0.7947098454053529,0.969774197867002,1.0497531924440344,1.048312929294263,1.0319829300337624
2021-09-28,0.0,0.0,0.0,0.0,0.0,0.04184822689891553,0.25097619118722375,0.5608920354841226,0.7952591120158211,0.969774197867002,1.0497531924440344,1.048312929294263,1.0319829300337624
2021-09-29,0.0,0.0,0.0,0.0,0.003130784591713447,0.053538527867323465,0.2705774776298306,0.5781586830949821,0.7835443688739038,0.9401575496206303,1.039425795836364,1.0474506279891727,1.0319574139529746
2021-09-30,0.0,0.0,0.0,0.0,0.0034789915502895503,0.054230642825439455,0.2589877252281014,0.5677217782822074,0.7777155340661234,0.9300238283478177,1.0228914933789635,1.0347412204662627,1.0247455576258158
2021-10-01,0.0,0.0,0.0,0.0,0.000348206958576103,0.028603351218907485,0.2191036209982141,0.5201632999177831,0.7278234451354869,0.9168329486816845,1.010677336768576,1.0324534057634063,1.031082431381163
2021-10-02,0.0,0.0,0.0,0.0008699236556351143,0.014951562049683252,0.10255368184698162,0.30407141587540276,0.5926801822371698,0.7538702942927318,0.8954281862891882,1.0007436567135808,1.0267151818412241,1.0122313460552157
2021-10-03,0.0,0.0,0.0,0.0,0.0,0.024966441903076286,0.18222894348111063,0.4630679459537352,0.6818771773762474,0.894524230606467,0.9966452238791079,1.0048842968029055,0.9798764691231215
2021-10-04,0.0,0.0,0.0,0.0,0.0010274021082866713,0.045001056672899886,0.1677600001335113,0.39967610780275065,0.6063974572662332,0.8074006092449079,0.9702338124229415,0.9973204767283567,0.9694919011431936
2021-10-05,0.0,0.0,0.0,0.0,0.0,0.022338632315979552,0.17856932419938368,0.4547210157503381,0.6710712576802621,0.899159543735766,1.0183081725062706,1.0285016340479656,1.0259652512875665
2021-10-06,0.0,0.0,0.0,0.0,0.0007554770237832103,0.026341806055593803,0.1576242252600995,0.4120569685455795,0.6202046618764574,0.8513884373816597,1.0101467644849178,1.0223627182970962,0.9968321967890202
2021-10-07,0.0,0.0,0.0,0.0,0.0007496482517703922,0.028978919451098827,0.1846130451237341,0.45645133082285594,0.6685731354628643,0.8748473682923115,1.004843828115315,1.033303765330566,1.014403820711369
2021-10-08,0.0,0.0,0.0,0.0,0.0014830380228259478,0.05469879269923483,0.2340675505273895,0.4984255044565339,0.6662299987078056,0.8616657599446754,0.9960143829746956,1.031272014742821,1.041310024620265
2021-10-09,0.0,0.0,0.0,0.0,0.0014830380228259478,0.05469879269923483,0.2340675505273895,0.4984255044565339,0.6662299987078056,0.8616657599446754,0.9960143829746956,1.031272014742821,1.041310024620265
2021-10-10,0.0,0.0,0.0,0.0,0.0005948133639225101,0.018141203803182893,0.14131457352119087,0.4062688312621773,0.5822030239949976,0.8173720631851719,1.0068983335100803,1.0272029879077442,1.0325257242191088
2021-10-11,0.0,0.0,0.0,0.0,7.282361076195972e-06,0.02154302125024152,0.12233913445336138,0.3504977757634554,0.5091535979631717,0.7140169959454693,0.9717032804488865,1.0162688225807013,1.026561750497431
2021-10-12,0.0,0.0,0.0,0.0,0.0009544515801337649,0.02135285644431266,0.11927702368696906,0.3262468620413167,0.5141984047733881,0.7346954823063004,0.9560093208866589,1.0109969316489535,0.987379812929232
2021-10-13,0.0,0.0,0.0,0.0,0.0004982910308081004,0.020877291946141744,0.10559367049573323,0.3076135171323662,0.5093649452745492,0.7350994093891842,0.9560093208866589,1.0109969316489535,0.987379812929232
2021-10-14,0.0,0.0,0.0,0.0,0.002795752010369319,0.05803350856451817,0.28625757918114214,0.5325645419797262,0.6274371019963706,0.7758921915415781,0.9625831030645866,1.0116198802599852,0.987379812929232
2021-10-15,0.0,0.0,0.0,0.0,0.0027890510849184745,0.05581796778998215,0.2955988995968793,0.5572299734119017,0.6876013221042699,0.8268094320160814,0.89530074207103,0.9437116534627299,0.9977708284553217
2021-10-16,,,,,,,,,,,,,
2021-10-17,,,,,,,,,,,,,
2021-10-18,,,,,,,,,,,,,
2021-10-19,,,,,,,,,,,,,
2021-10-20,,,,,,,,,,,,,
2021-10-21,,,,,,,,,,,,,
2021-10-22,,,,,,,,,,,,,
2021-10-23,,,,,,,,,,,,,
2021-10-24,,,,,,,,,,,,,
2021-10-25,,,,,,,,,,,,,
2021-10-26,,,,,,,,,,,,,
2021-10-27,,,,,,,,,,,,,
2021-10-28,,,,,,,,,,,,,
2021-10-29,,,,,,,,,,,,,
2021-10-30,,,,,,,,,,,,,
2021-10-31,,,,,,,,,,,,,
2021-11-01,,,,,,,,,,,,,
2021-11-02,,,,,,,,,,,,,
2021-11-03,,,,,,,,,,,,,
2021-11-04,,,,,,,,,,,,,
2021-11-05,,,,,,,,,,,,,
2021-11-06,,,,,,,,,,,,,
2021-11-07,,,,,,,,,,,,,
2021-11-08,,,,,,,,,,,,,
2021-11-09,,,,,,,,,,,,,
2021-11-10,,,,,,,,,,,,,
2021-11-11,,,,,,,,,,,,,
2021-11-12,,,,,,,,,,,,,
2021-11-13,,,,,,,,,,,,,
2021-11-14,,,,,,,,,,,,,
2021-11-15,,,,,,,,,,,,,
2021-11-16,,,,,,,,,,,,,
2021-11-17,,,,,,,,,,,,,
2021-11-18,,,,,,,,,,,,,
2021-11-19,,,,,,,,,,,,,
2021-11-20,,,,,,,,,,,,,
2021-11-21,,,,,,,,,,,,,
2021-11-22,,,,,,,,,,,,,
2021-11-23,,,,,,,,,,,,,
2021-11-24,,,,,,,,,,,,,
2021-11-25,,,,,,,,,,,,,
2021-11-26,,,,,,,,,,,,,
2021-11-27,,,,,,,,,,,,,
2021-11-28,,,,,,,,,,,,,
2021-11-29,,,,,,,,,,,,,
2021-11-30,,,,,,,,,,,,,
2021-12-01,,,,,,,,,,,,,
2021-12-02,,,,,,,,,,,,,
2021-12-03,,,,,,,,,,,,,
2021-12-04,,,,,,,,,,,,,
2021-12-05,,,,,,,,,,,,,
2021-12-06,,,,,,,,,,,,,
2021-12-07,,,,,,,,,,,,,
2021-12-08,,,,,,,,,,,,,
2021-12-09,,,,,,,,,,,,,
2021-12-10,,,,,,,,,,,,,
2021-12-11,,,,,,,,,,,,,
2021-12-12,,,,,,,,,,,,,
2021-12-13,,,,,,,,,,,,,
2021-12-14,,,,,,,,,,,,,
2021-12-15,,,,,,,,,,,,,
2021-12-16,,,,,,,,,,,,,
2021-12-17,,,,,,,,,,,,,
2021-12-18,,,,,,,,,,,,,
2021-12-19,,,,,,,,,,,,,
2021-12-20,,,,,,,,,,,,,
2021-12-21,,,,,,,,,,,,,
2021-12-22,,,,,,,,,,,,,
2021-12-23,,,,,,,,,,,,,
2021-12-24,,,,,,,,,,,,,
2021-12-25,,,,,,,,,,,,,
2021-12-26,,,,,,,,,,,,,
2021-12-27,,,,,,,,,,,,,
2021-12-28,,,,,,,,,,,,,
2021-12-29,,,,,,,,,,,,,
2021-12-30,,,,,,,,,,,,,
2021-12-31,,,,,,,,,,,,,
